link,start_h,end_h,duration_h,min_miss_au,censored
Mercury->Relay A,1982.8784224,2249.5469717,266.6685493,0.012535,0
Mercury->Relay A,4266.2934815,4527.3176476,261.0241661,0.027766,0
Mercury->Relay A,6554.1689988,6797.8092972,243.6402984,0.038906,0
Mercury->Relay A,8832.1567582,9055.6886197,223.5318615,0.044140,0
Mercury->Relay A,11090.5924402,11297.6865579,207.0941176,0.043351,0
Mercury->Relay A,13327.6821541,13522.7360171,195.0538630,0.037674,0
Mercury->Relay A,15546.5234984,15732.2314917,185.7079933,0.028683,0
Mercury->Relay A,17751.4635919,17929.2820021,177.8184102,0.017836,0
Mercury->Relay A,19946.4879297,20117.5477430,171.0598133,0.006316,0
Mercury->Relay A,22134.9363598,22300.5466048,165.6102450,0.005061,0
Mercury->Relay A,24319.6451782,24481.5036718,161.8584936,0.015555,0
Mercury->Relay A,26503.1557022,26663.4946553,160.3389530,0.024580,0
Mercury->Relay A,28687.8966383,28849.6920801,161.7954419,0.031600,0
Mercury->Relay A,30876.3288816,31043.5913345,167.2624528,0.035993,0
Mercury->Relay A,33071.0745445,33249.0616559,177.9871113,0.037091,0
Mercury->Relay A,35275.0706340,35469.9628299,194.8921959,0.034210,0
Mercury->Relay A,37491.7220827,37709.0641280,217.3420453,0.026841,0
Mercury->Relay A,39724.7837888,39966.3955585,241.6117697,0.015033,0
Mercury->Relay A,41977.3822664,42237.9812821,260.5990157,0.000240,0
Mercury->Relay A,44249.6218122,44516.3349482,266.7131360,0.016559,0
Mercury->Relay A,46535.4453541,46792.9183990,257.4730449,0.031023,0
Mercury->Relay A,48822.1430198,49060.6810743,238.5380545,0.040794,0
Mercury->Relay A,51095.8507282,51314.8335842,218.9828560,0.044478,0
Mercury->Relay A,53348.8709513,53552.6121920,203.7412407,0.042336,0
Mercury->Relay A,55581.0299016,55773.5699052,192.5400035,0.035684,0
Mercury->Relay A,57796.0033344,57979.6355170,183.6321826,0.026107,0
Mercury->Relay A,59998.1266085,60174.1543061,176.0276976,0.014992,0
Mercury->Relay A,62191.2238435,62360.7911714,169.5673280,0.003449,0
Mercury->Relay A,64378.4905337,64542.9894069,164.4988732,0.007778,0
Mercury->Relay A,66562.6704067,66723.9170340,161.2466273,0.017957,0
Mercury->Relay A,68746.2612368,68906.6496841,160.3884473,0.026539,0
Mercury->Relay A,70931.6874198,71094.4226502,162.7352304,0.032962,0
Mercury->Relay A,73121.4376625,73290.8313299,169.3936675,0.036602,0
Mercury->Relay A,75318.1965553,75499.8022634,181.6057081,0.036770,0
Mercury->Relay A,77525.0066470,77725.0543498,200.0477028,0.032804,0
Mercury->Relay A,79745.3925694,79968.8369657,223.4443963,0.024293,0
Mercury->Relay A,81983.0932444,82230.2537414,247.1604970,0.011495,0
Mercury->Relay A,84240.7639199,84504.3181239,263.5542040,0.004272,0
Mercury->Relay A,86517.2450525,86783.0043873,265.7593348,0.020461,0
Mercury->Relay A,88804.6589555,89057.9601587,253.3012033,0.033979,0
Mercury->Relay A,91089.2759517,91322.6994308,233.4234791,0.042297,0
Mercury->Relay A,93358.2210854,93572.9512898,214.7302043,0.044450,0
Mercury->Relay A,95605.8375984,95806.4818221,200.6442237,0.041038,0
Mercury->Relay A,97833.3097619,98023.4730257,190.1632638,0.033513,0
Mercury->Relay A,100044.6890298,100226.3220803,181.6330504,0.023432,0
Mercury->Relay A,102244.2328383,102418.5390114,174.3061731,0.012114,0
Mercury->Relay A,104435.6002263,104603.7607020,168.1604757,0.000569,0
Mercury->Relay A,106621.8543707,106785.3538679,163.4994972,0.010437,0
Mercury->Relay A,108805.6594218,108966.4415785,160.7821567,0.020263,0
Mercury->Relay A,110989.4803172,111150.1155335,160.6352162,0.028368,0
Mercury->Relay A,113175.7455415,113339.6870452,163.9415038,0.034154,0
Mercury->Relay A,115366.9795285,115538.8511742,171.8716457,0.036994,0
Mercury->Relay A,117565.9395870,117751.5597011,185.6201141,0.036191,0
Mercury->Relay A,119775.7831956,119981.3111707,205.5279751,0.031117,0
Mercury->Relay A,122000.1414455,122229.7251092,229.5836637,0.021475,0
Mercury->Relay A,124242.6596295,124494.9126402,252.2530107,0.007764,0
Mercury->Relay A,126505.3475720,126770.9428588,265.5952868,0.008388,0
Mercury->Relay A,128785.5799211,129049.4317657,263.8518445,0.024199,0
Mercury->Relay A,131073.6948234,131322.3570386,248.6622152,0.036606,0
Mercury->Relay A,133355.3957113,133583.8098966,228.4141853,0.043410,0
Mercury->Relay A,135619.2327844,135830.0193163,210.7865319,0.044072,0
Mercury->Relay A,137861.5420905,138059.3138648,197.7717743,0.039487,0
Mercury->Relay A,140084.5914954,140272.4935735,187.9020782,0.031185,0
Mercury->Relay A,142292.6437961,142472.3488587,179.7050626,0.020684,0
Mercury->Relay A,144489.8347799,144662.4913119,172.6565320,0.009236,0
Mercury->Relay A,146679.6613115,146846.5064081,166.8450966,0.002287,0
Mercury->Relay A,148865.0672063,149027.6871451,162.6199389,0.013023,0
Mercury->Relay A,151048.6495744,151209.1254610,160.4758866,0.022466,0
Mercury->Relay A,153232.8505784,153393.9452316,161.0946531,0.030044,0
Mercury->Relay A,155420.1108259,155585.5449353,165.4341094,0.035164,0
Mercury->Relay A,157612.9987525,157787.7129778,174.7142253,0.037162,0
Mercury->Relay A,159814.3552240,160004.3833495,190.0281255,0.035349,0
Mercury->Relay A,162027.4593691,162238.7435142,211.2841451,0.029137,0
Mercury->Relay A,164256.0238127,164491.6750721,235.6512594,0.018399,0
Mercury->Relay A,166503.4998001,166760.2571038,256.7573037,0.003877,0
Mercury->Relay A,168771.0571874,169037.7174853,266.6602979,0.012474,0
Mercury->Relay A,171054.4308571,171315.5022608,261.0714037,0.027716,0
Mercury->Relay A,173342.3168329,173586.0319723,243.7151394,0.038875,0
Mercury->Relay A,175620.3637091,175843.9650663,223.6013572,0.044132,0
Mercury->Relay A,177878.8792368,178086.0251154,207.1458786,0.043366,0
Mercury->Relay A,180116.0437123,180311.1359879,195.0922756,0.037705,0
Mercury->Relay A,182334.9444584,182520.6838323,185.7393739,0.028723,0
Mercury->Relay A,184539.9281369,184717.7735974,177.8454604,0.017886,0
Mercury->Relay A,186734.9825627,186906.0651113,171.0825486,0.006339,0
Mercury->Relay A,188923.4498063,189089.0773267,165.6275203,0.005054,0
Mercury->Relay A,191108.1676353,191270.0362540,161.8686187,0.015511,0
Mercury->Relay A,193291.6780959,193452.0177258,160.3396299,0.024552,0
Mercury->Relay A,195476.4100238,195638.1934446,161.7834208,0.031573,0
Mercury->Relay A,197664.8239607,197832.0573391,167.2333784,0.035979,0
Mercury->Relay A,199859.5411662,200037.4776076,177.9364414,0.037093,0
Mercury->Relay A,202063.4971617,202258.3155876,194.8184259,0.034227,0
Mercury->Relay A,204280.0950555,204497.3474373,217.2523818,0.026878,0
Mercury->Relay A,206513.0895041,206754.6162862,241.5267820,0.015081,0
Mercury->Relay A,208765.6128145,209026.1615814,260.5487669,0.000128,0
Mercury->Relay A,211037.7864236,211304.5062512,266.7198277,0.016499,0
Mercury->Relay A,213323.5800346,213581.1106035,257.5305688,0.030976,0
Mercury->Relay A,215610.3018714,215848.9159521,238.6140807,0.040770,0
Mercury->Relay A,217884.0768715,218103.1250390,219.0481675,0.044477,0
Mercury->Relay A,220137.1774997,220340.9664880,203.7889884,0.042352,0
Mercury->Relay A,222369.4078075,222561.9840068,192.5761993,0.035716,0
Mercury->Relay A,224584.4365522,224768.0989212,183.6623690,0.026142,0
Mercury->Relay A,226786.5998124,226962.6535484,176.0537360,0.015032,0
Mercury->Relay A,228979.7241458,229149.3129812,169.5888355,0.003466,0
Mercury->Relay A,231167.0071014,231331.5216461,164.5145447,0.007756,0
Mercury->Relay A,233351.1936823,233512.4483274,161.2546451,0.017921,0
Mercury->Relay A,235534.7822293,235695.1685394,160.3863101,0.026511,0
Mercury->Relay A,237720.1971389,237882.9165443,162.7194054,0.032941,0
Mercury->Relay A,239909.9266490,240079.2862467,169.3595977,0.036591,0
Mercury->Relay A,242106.6543506,242288.2035457,181.5491951,0.036777,0
Mercury->Relay A,244313.4211556,244513.3899797,199.9688241,0.032829,0
Mercury->Relay A,246533.7499930,246757.1034306,223.3534377,0.024334,0
Mercury->Relay A,248771.3805345,249018.4617990,247.0812645,0.011544,0
Mercury->Relay A,251028.9762284,251292.4931194,263.5168910,0.004208,0
Mercury->Relay A,253305.3977803,253571.1783687,265.7805884,0.020405,0
Mercury->Relay A,255592.7944652,255846.1612972,253.3668320,0.033937,0
Mercury->Relay A,257877.4486028,258110.9473716,233.4987688,0.042277,0
Mercury->Relay A,260146.4671766,260361.2581559,214.7909794,0.044452,0
Mercury->Relay A,262394.1632544,262594.8516577,200.6884034,0.041061,0
Mercury->Relay A,264621.7029852,264811.9005812,190.1975961,0.033547,0
Mercury->Relay A,266833.1335489,267014.7956973,181.6621485,0.023474,0
Mercury->Relay A,269032.7139045,269207.0450741,174.3311696,0.012165,0
Mercury->Relay A,271224.1055299,271392.2862025,168.1806726,0.000850,0
Mercury->Relay A,273410.3734697,273573.8869232,163.5134535,0.010396,0
Mercury->Relay A,275594.1829613,275754.9708742,160.7879128,0.020238,0
Mercury->Relay A,277777.9993528,277938.6293992,160.6300464,0.028336,0
Mercury->Relay A,279964.2510096,280128.1725959,163.9215863,0.034137,0
Mercury->Relay A,282155.4617769,282327.2940782,171.8323014,0.036990,0
Mercury->Relay A,284354.3878073,284539.9455384,185.5577312,0.036203,0
Mercury->Relay A,286564.1848191,286769.6294230,205.4446039,0.031141,0
Mercury->Relay A,288788.4824747,289017.9753932,229.4929185,0.021518,0
Mercury->Relay A,291030.9281293,291283.1096426,252.1815133,0.007818,0
Mercury->Relay A,293293.5425490,293559.1145970,265.5720479,0.008322,0
Mercury->Relay A,295573.7234679,295837.6101958,263.8867278,0.024144,0
Mercury->Relay A,297861.8347114,298110.5683178,248.7336063,0.036569,0
Mercury->Relay A,300143.5844759,300372.0716561,228.4871802,0.043396,0
Mercury->Relay A,302407.4991237,302618.3418556,210.8427320,0.044079,0
Mercury->Relay A,304649.8860382,304847.6988972,197.8128591,0.039511,0
Mercury->Relay A,306872.9990023,307060.9338359,187.9348335,0.031219,0
Mercury->Relay A,309081.0986990,309260.8318318,179.7331328,0.020729,0
Mercury->Relay A,311278.3229481,311451.0033861,172.6804380,0.009270,0
Mercury->Relay A,313468.1709725,313635.0348655,166.8638930,0.002212,0
Mercury->Relay A,315653.5882598,315816.2203194,162.6320596,0.012974,0
Mercury->Relay A,317837.1728250,317997.6520399,160.4792149,0.022435,0
Mercury->Relay A,320021.3670973,320182.4533099,161.0862126,0.030024,0
Mercury->Relay A,322208.6114472,322374.0212477,165.4098005,0.035149,0
Mercury->Relay A,324401.4735957,324576.1429552,174.6693594,0.037161,0
Mercury->Relay A,326602.7930895,326792.7530566,189.9599671,0.035361,0
Mercury->Relay A,328815.8472236,329027.0443372,211.1971135,0.029171,0
Mercury->Relay A,331044.3476638,331279.9100932,235.5624294,0.018445,0
Mercury->Relay A,333291.7493809,333548.4448403,256.6954594,0.003936,0
Mercury->Relay A,335559.2361773,335825.8880023,266.6518250,0.012413,0
Mercury->Relay A,337842.5682987,338103.6867722,261.1184735,0.027666,0
Mercury->Relay A,340130.4645268,340374.2544736,243.7899468,0.038843,0
Mercury->Relay A,342408.5703837,342632.2412940,223.6709104,0.044125,0
Mercury->Relay A,344667.1657370,344874.3634387,207.1977017,0.043377,0
Mercury->Relay A,346904.4050208,347099.5357445,195.1307237,0.037730,0
Mercury->Relay A,349123.3652295,349309.1360024,185.7707729,0.028757,0
Mercury->Relay A,351328.3925472,351506.2650727,177.8725255,0.017920,0
Mercury->Relay A,353523.4771065,353694.5824078,171.1053014,0.006403,0
Mercury->Relay A,355711.9632021,355877.6080207,165.6448185,0.004979,0
Mercury->Relay A,357896.6900762,358058.5688502,161.8787739,0.015480,0
Mercury->Relay A,360080.2005061,360240.5408534,160.3403473,0.024520,0
Mercury->Relay A,362264.9234592,362426.6949133,161.7714541,0.031557,0
Mercury->Relay A,364453.3191251,364620.5235008,167.2043757,0.035971,0
Mercury->Relay A,366648.0079130,366825.8937708,177.8858578,0.037096,0
Mercury->Relay A,368851.9238614,369046.6685961,194.7447348,0.034247,0
Mercury->Relay A,371068.4682521,371285.6309999,217.1627479,0.026911,0
Mercury->Relay A,373301.3954889,373542.8372124,241.4417236,0.015130,0
Mercury->Relay A,375553.8436378,375814.3419749,260.4983370,0.000179,0
Mercury->Relay A,377825.9512295,378092.6775283,266.7262988,0.016439,0
Mercury->Relay A,380111.7147297,380369.3026851,257.5879555,0.030929,0
Mercury->Relay A,382398.4605383,382637.1506428,238.6901045,0.040745,0
Mercury->Relay A,384672.3027238,384891.4162682,219.1135445,0.044473,0
Mercury->Relay A,386925.4837595,387129.3205518,203.8367922,0.042371,0
Mercury->Relay A,389157.7854782,389350.3979036,192.6124253,0.035745,0
Mercury->Relay A,391372.8695954,391556.5621675,183.6925721,0.026186,0
Mercury->Relay A,393575.0728940,393751.1526836,176.0797896,0.015077,0
Mercury->Relay A,395768.2243692,395937.8347307,169.6103616,0.003537,0
Mercury->Relay A,397955.5236272,398120.0538679,164.5302408,0.007698,0
Mercury->Relay A,400139.7169501,400300.9796447,161.2626946,0.017888,0
Mercury->Relay A,402323.3032466,402483.6874627,160.3842161,0.026484,0
Mercury->Relay A,404508.7069167,404671.4105552,162.7036386,0.032924,0
Mercury->Relay A,406698.4157301,406867.7413346,169.3256044,0.036587,0
Mercury->Relay A,408895.1122822,409076.6050514,181.4927692,0.036782,0
Mercury->Relay A,411101.8358487,411301.7258657,199.8900170,0.032850,0
Mercury->Relay A,413322.1076533,413545.3701411,223.2624879,0.024375,0
Mercury->Relay A,415559.6681010,415806.6700331,247.0019321,0.011598,0
Mercury->Relay A,417817.1888014,418080.6681784,263.4793770,0.004149,0
Mercury->Relay A,420093.5506655,420359.3522972,265.8016317,0.020349,0
Mercury->Relay A,422380.9299368,422634.3622941,253.4323573,0.033895,0
Mercury->Relay A,424665.6210312,424899.1951128,233.5740817,0.042258,0
Mercury->Relay A,426934.7129689,427149.5647913,214.8518224,0.044455,0
Mercury->Relay A,429182.4886330,429383.2212654,200.7326324,0.041080,0
Mercury->Relay A,431410.0959889,431600.3279427,190.2319539,0.033578,0
Mercury->Relay A,433621.5779072,433803.2691692,181.6912620,0.023512,0
Mercury->Relay A,435821.1948599,435995.5510417,174.3561819,0.012199,0
Mercury->Relay A,438012.6107641,438180.8116540,168.2008898,0.000654,0
Mercury->Relay A,440198.8925358,440362.4199716,163.5274358,0.010357,0
Mercury->Relay A,442382.7065006,442543.5002049,160.7937043,0.020196,0
Mercury->Relay A,444566.5184218,444727.1433445,160.6249228,0.028315,0
Mercury->Relay A,446752.7565452,446916.6582769,163.9017317,0.034121,0
Mercury->Relay A,448943.9441301,449115.7371670,171.7930369,0.036985,0
Mercury->Relay A,451142.8361753,451328.3316098,185.4954345,0.036212,0
Mercury->Relay A,453352.5866398,453557.9479340,205.3612943,0.031169,0
Mercury->Relay A,455576.8237528,455806.2259108,229.4021580,0.021565,0
Mercury->Relay A,457819.1969093,458071.3067962,252.1098869,0.007876,0
Mercury->Relay A,460081.7377740,460347.2863683,265.5485942,0.008259,0
Mercury->Relay A,462361.8671290,462625.7885474,263.9214184,0.024089,0
Mercury->Relay A,464649.9745089,464898.7794384,248.8049295,0.036532,0
Mercury->Relay A,466931.7729872,467160.3332058,228.5602186,0.043381,0
Mercury->Relay A,469195.7651628,469406.6641613,210.8989985,0.044087,0
Mercury->Relay A,471438.2297212,471636.0837077,197.8539865,0.039535,0
Mercury->Relay A,473661.4063050,473849.3739153,187.9676104,0.031255,0
Mercury->Relay A,475869.5534545,476049.3146721,179.7612176,0.020766,0
Mercury->Relay A,478066.8110164,478239.5153772,172.7043607,0.009321,0
Mercury->Relay A,480256.6805736,480423.5632845,166.8827109,0.002215,0
Mercury->Relay A,482442.1092888,482604.7534970,162.6442082,0.012951,0
Mercury->Relay A,484625.6960839,484786.1786641,160.4825802,0.022401,0
Mercury->Relay A,486809.8836573,486970.9614800,161.0778227,0.029997,0
Mercury->Relay A,488997.1121448,489162.4977039,165.3855591,0.035137,0
Mercury->Relay A,491189.9485539,491364.5731307,174.6245768,0.037162,0
Mercury->Relay A,493391.2311143,493581.1230074,189.8918931,0.035376,0
Mercury->Relay A,495604.2352887,495815.3454179,211.1101291,0.029201,0
Mercury->Relay A,497832.6717747,498068.1453327,235.4735579,0.018494,0
Mercury->Relay A,500079.9992415,500336.6327006,256.6334591,0.004002,0
Mercury->Relay A,502347.4153918,502614.0585223,266.6431305,0.012354,0
Mercury->Relay A,504630.7058066,504891.8711826,261.1653759,0.027617,0
Mercury->Relay A,506918.6120807,507162.4768010,243.8647203,0.038813,0
Mercury->Relay A,509196.7767824,509420.5173031,223.7405207,0.044117,0
Mercury->Relay A,511455.4519407,511662.7015282,207.2495875,0.043390,0
Mercury->Relay A,513692.7660791,513887.9352871,195.1692080,0.037759,0
Mercury->Relay A,515911.7858111,516097.5880023,185.8021913,0.028799,0
Mercury->Relay A,518116.8568228,518294.7564284,177.8996055,0.017968,0
Mercury->Relay A,520311.9715608,520483.0996326,171.1280718,0.006424,0
Mercury->Relay A,522500.4765471,522666.1386870,165.6621399,0.004973,0
Mercury->Relay A,524685.2125005,524847.1014601,161.8889596,0.015439,0
Mercury->Relay A,526868.7229327,527029.0640372,160.3411045,0.024491,0
Mercury->Relay A,529053.4369446,529215.1964861,161.7595415,0.031530,0
Mercury->Relay A,531241.8143750,531408.9898199,167.1754448,0.035957,0
Mercury->Relay A,533436.4747852,533614.3101448,177.8353596,0.037099,0
Mercury->Relay A,535640.3507324,535835.0218557,194.6711233,0.034264,0
Mercury->Relay A,537856.8416723,538073.9148158,217.0731435,0.026948,0
Mercury->Relay A,540089.7017425,540331.0583380,241.3565955,0.015182,0
Mercury->Relay A,542342.0747365,542602.5224625,260.4477260,0.000324,0
Mercury->Relay A,544614.1162299,544880.8487803,266.7325504,0.016381,0
Mercury->Relay A,546899.8494400,547157.4946448,257.6452048,0.030883,0
Mercury->Relay A,549186.6190213,549425.3851463,238.7661250,0.040719,0
Mercury->Relay A,551460.5282851,551679.7072717,219.1789865,0.044470,0
Mercury->Relay A,553713.7897309,553917.6743835,203.8846526,0.042387,0
Mercury->Relay A,555946.1629142,556138.8115956,192.6486814,0.035778,0
Mercury->Relay A,558161.3024637,558345.0252560,183.7227924,0.026220,0
Mercury->Relay A,560363.5458528,560539.6517116,176.1058588,0.015117,0
Mercury->Relay A,562556.7245132,562726.3564197,169.6319065,0.003549,0
Mercury->Relay A,564744.0401107,564908.5860726,164.5459619,0.007681,0
Mercury->Relay A,566928.2402097,567089.5109862,161.2707765,0.017850,0
Mercury->Relay A,569111.8242885,569272.2064539,160.3821654,0.026454,0
Mercury->Relay A,571297.2167526,571459.9046832,162.6879306,0.032903,0
Mercury->Relay A,573486.9049064,573656.1965932,169.2916868,0.036576,0
Mercury->Relay A,575683.5703498,575865.0067803,181.4364305,0.036792,0
Mercury->Relay A,577890.2507259,578090.0620078,199.8112819,0.032872,0
Mercury->Relay A,580110.4655501,580333.6370970,223.1715469,0.024412,0
Mercury->Relay A,582347.9559437,582594.8784438,246.9225001,0.011654,0
Mercury->Relay A,584605.4016393,584868.8433017,263.4416623,0.004095,0
Mercury->Relay A,586881.7037088,587147.5261730,265.8224642,0.020294,0
Mercury->Relay A,589169.0653707,589422.5631498,253.4977791,0.033854,0
Mercury->Relay A,591453.7932376,591687.4426547,233.6494172,0.042240,0
Mercury->Relay A,593722.9584624,593937.8711962,214.9127338,0.044459,0
Mercury->Relay A,595970.8137337,596171.5906447,200.7769110,0.041101,0
Mercury->Relay A,598198.4887730,598388.7551099,190.2663369,0.033615,0
Mercury->Relay A,600410.0221046,600591.7424957,181.7203910,0.023556,0
Mercury->Relay A,602609.6757041,602784.0569140,174.3812099,0.012250,0
Mercury->Relay A,604801.1159290,604969.3370558,168.2211268,0.000887,0
Mercury->Relay A,606987.4115683,607150.9530128,163.5414445,0.010321,0
Mercury->Relay A,609171.2300402,609332.0295702,160.7995300,0.020170,0
Mercury->Relay A,611355.0375234,611515.6573693,160.6198459,0.028284,0
Mercury->Relay A,613541.2621480,613705.1440877,163.8819396,0.034104,0
Mercury->Relay A,615732.4265877,615904.1804403,171.7538526,0.036982,0
Mercury->Relay A,617931.2846905,618116.7179152,185.4332247,0.036223,0
Mercury->Relay A,620140.9886576,620346.2667032,205.2780457,0.031197,0
Mercury->Relay A,622365.1652797,622594.4766623,229.3113825,0.021607,0
Mercury->Relay A,624607.4659694,624859.5041012,252.0381317,0.007938,0
Mercury->Relay A,626869.9332474,627135.4581734,265.5249259,0.008197,0
Mercury->Relay A,629150.0109054,629413.9668211,263.9559157,0.024035,0
Mercury->Relay A,631438.1142169,631686.9904007,248.8761837,0.036495,0
Mercury->Relay A,633719.9612457,633948.5945460,228.6333003,0.043367,0
Mercury->Relay A,635984.0309016,636194.9862336,210.9553320,0.044096,0
Mercury->Relay A,638226.5731393,638424.4682959,197.8951566,0.039562,0
Mercury->Relay A,640449.8134030,640637.8138121,188.0004091,0.031292,0
Mercury->Relay A,642658.0080625,642837.7973801,179.7893176,0.020812,0
Mercury->Relay A,644855.2989849,645028.0272847,172.7282999,0.009355,0
Mercury->Relay A,647045.1901146,647212.0916647,166.9015501,0.002126,0
Mercury->Relay A,649230.6302928,649393.2866777,162.6563849,0.012898,0
Mercury->Relay A,651414.2193509,651574.7053341,160.4859831,0.022372,0
Mercury->Relay A,653598.4002589,653759.4697417,161.0694828,0.029975,0
Mercury->Relay A,655785.6129187,655950.9743034,165.3613846,0.035122,0
Mercury->Relay A,657978.4236268,658153.0035042,174.5798774,0.037159,0
Mercury->Relay A,660179.6692983,660369.4932014,189.8239031,0.035390,0
Mercury->Relay A,662392.6235644,662603.6467561,211.0231917,0.029231,0
Mercury->Relay A,664620.9961456,664856.3807906,235.3846450,0.018543,0
Mercury->Relay A,666868.2493824,667124.8206846,256.5713022,0.004067,0
Mercury->Relay A,669135.5948318,669402.2290465,266.6342146,0.012297,0
Mercury->Relay A,671418.8433820,671680.0554916,261.2121096,0.027566,0
Mercury->Relay A,673706.7594961,673950.6989552,243.9394591,0.038782,0
Mercury->Relay A,675984.9829053,676208.7930938,223.8101885,0.044108,0
Mercury->Relay A,678243.7378474,678451.0393838,207.3015363,0.043403,0
Mercury->Relay A,680481.1268870,680676.3346153,195.2077284,0.037787,0
Mercury->Relay A,682700.2062033,682886.0398315,185.8336282,0.028832,0
Mercury->Relay A,684905.3209635,685083.2476641,177.9267006,0.018004,0
Mercury->Relay A,687100.4659256,687271.6167856,171.1508601,0.006489,0
Mercury->Relay A,689288.9898409,689454.6693250,165.6794841,0.004898,0
Mercury->Relay A,691473.7349082,691635.6340834,161.8991752,0.015405,0
Mercury->Relay A,693657.2453758,693817.5872778,160.3419020,0.024461,0
Mercury->Relay A,695841.9504796,696003.6981627,161.7476830,0.031514,0
Mercury->Relay A,698030.3097101,698197.4562958,167.1465857,0.035949,0
Mercury->Relay A,700224.9417821,700402.7267298,177.7849476,0.037100,0
Mercury->Relay A,702428.7777749,702623.3753663,194.5975914,0.034283,0
Mercury->Relay A,704645.2153162,704862.1988853,216.9835691,0.026984,0
Mercury->Relay A,706878.0082656,707119.2796630,241.2713974,0.015237,0
Mercury->Relay A,709130.3061103,709390.7030450,260.3969347,0.000297,0
Mercury->Relay A,711402.2814258,711669.0200073,266.7385814,0.016323,0
Mercury->Relay A,713687.9841663,713945.6864821,257.7023158,0.030836,0
Mercury->Relay A,715974.7773207,716213.6194626,238.8421419,0.040693,0
Mercury->Relay A,718248.7535557,718467.9980499,219.2444942,0.044469,0
Mercury->Relay A,720502.0954133,720706.0279828,203.9325695,0.042403,0
Mercury->Relay A,722734.5401148,722927.2250825,192.6849678,0.035807,0
Mercury->Relay A,724949.7351571,725133.4881862,183.7530291,0.026262,0
Mercury->Relay A,727152.0186890,727328.1506315,176.1319425,0.015163,0
Mercury->Relay A,729345.2245778,729514.8780481,169.6534703,0.003625,0
Mercury->Relay A,731532.5565521,731697.1182593,164.5617073,0.007618,0
Mercury->Relay A,733716.7634608,733878.0423518,161.2788911,0.017820,0
Mercury->Relay A,735900.3453549,736060.7255126,160.3801577,0.026428,0
Mercury->Relay A,738085.7266470,738248.3989278,162.6722808,0.032885,0
Mercury->Relay A,740275.3941771,740444.6520225,169.2578454,0.036572,0
Mercury->Relay A,742472.0285531,742653.4087318,181.3801787,0.036795,0
Mercury->Relay A,744678.6657871,744878.3984059,199.7326188,0.032897,0
Mercury->Relay A,746898.8236831,747121.9042987,223.0806155,0.024453,0
Mercury->Relay A,749136.2440623,749383.0870320,246.8429697,0.011710,0
Mercury->Relay A,751393.6147422,751657.0184895,263.4037473,0.004040,0
Mercury->Relay A,753669.8569106,753935.6999968,265.8430862,0.020236,0
Mercury->Relay A,755957.2007681,756210.7638644,253.5630963,0.033813,0
Mercury->Relay A,758241.9652222,758475.6899978,233.7247756,0.042219,0
Mercury->Relay A,760511.2036573,760726.1773704,214.9737132,0.044461,0
Mercury->Relay A,762759.1385566,762959.9597958,200.8212392,0.041125,0
Mercury->Relay A,764986.8813373,765177.1820825,190.3007452,0.033645,0
Mercury->Relay A,767198.4661409,767380.2156769,181.7495360,0.023592,0
Mercury->Relay A,769398.1564370,769572.5626909,174.4062538,0.012285,0
Mercury->Relay A,771589.6210243,771757.8624080,168.2413838,0.000741,0
Mercury->Relay A,773775.9305671,773939.4860467,163.5554795,0.010278,0
Mercury->Relay A,775959.7535795,776120.5589699,160.8053904,0.020129,0
Mercury->Relay A,778143.5566579,778304.1714734,160.6148155,0.028262,0
Mercury->Relay A,780329.7678179,780493.6300281,163.8622103,0.034088,0
Mercury->Relay A,782520.9091495,782692.6238981,171.7147486,0.036976,0
Mercury->Relay A,784719.7333528,784905.1044546,185.3711019,0.036235,0
Mercury->Relay A,786929.3908726,787134.5857309,205.1948583,0.031222,0
Mercury->Relay A,789153.5070549,789382.7276481,229.2205932,0.021649,0
Mercury->Relay A,791395.7353095,791647.7015582,251.9662488,0.007991,0
Mercury->Relay A,793658.1289698,793923.6300129,265.5010431,0.008138,0
Mercury->Relay A,795938.1547974,796202.1450175,263.9902201,0.023981,0
Mercury->Relay A,798226.2538360,798475.2012051,248.9473691,0.036459,0
Mercury->Relay A,800508.1492518,800736.8556765,228.7064247,0.043354,0
Mercury->Relay A,802772.2963399,802983.3080724,211.0117326,0.044103,0
Mercury->Relay A,805014.9162928,805212.8526620,197.9363692,0.039584,0
Mercury->Relay A,807238.2202967,807426.2535259,188.0332291,0.031325,0
Mercury->Relay A,809446.4625229,809626.2799553,179.8174324,0.020848,0
Mercury->Relay A,811643.7868530,811816.5391086,172.7522557,0.009407,0
Mercury->Relay A,813833.6995956,814000.6200060,166.9204104,0.002145,0
Mercury->Relay A,816019.1512717,816181.8198615,162.6685898,0.012872,0
Mercury->Relay A,818202.7426261,818363.2320491,160.4894230,0.022337,0
Mercury->Relay A,820386.9169017,820547.9780947,161.0611930,0.029949,0
Mercury->Relay A,822574.1137685,822739.4510459,165.3372774,0.035109,0
Mercury->Relay A,824766.8988138,824941.4340755,174.5352616,0.037161,0
Mercury->Relay A,826968.1076411,827157.8636385,189.7559974,0.035404,0
Mercury->Relay A,829181.0120500,829391.9483520,210.9363019,0.029265,0
Mercury->Relay A,831409.3207759,831644.6164674,235.2956915,0.018587,0
Mercury->Relay A,833656.4998029,833913.0087932,256.5089903,0.004114,0
Mercury->Relay A,835923.7744974,836190.3995749,266.6250775,0.012236,0
Mercury->Relay A,838206.9810253,838468.2397002,261.2586749,0.027514,0
Mercury->Relay A,840494.9067730,840738.9209360,244.0141630,0.038752,0
Mercury->Relay A,842773.1887528,842997.0686659,223.8799131,0.044100,0
Mercury->Relay A,845032.0234579,845239.3770052,207.3535473,0.043416,0
Mercury->Relay A,847269.4874443,847464.7337290,195.2462847,0.037814,0
Mercury->Relay A,849488.6264061,849674.4914898,185.8650837,0.028871,0
Mercury->Relay A,851693.7849692,851871.7387794,177.9538102,0.018051,0
Mercury->Relay A,853888.9602009,854060.1338667,171.1736658,0.006509,0
Mercury->Relay A,856077.5030836,856243.1999348,165.6968513,0.004886,0
Mercury->Relay A,858262.2572993,858424.1667200,161.9094207,0.015367,0
Mercury->Relay A,860445.7678350,860606.1105744,160.3427393,0.024430,0
Mercury->Relay A,862630.4640642,862792.1999432,161.7358789,0.031487,0
Mercury->Relay A,864818.8051304,864985.9229287,167.1177983,0.035936,0
Mercury->Relay A,867013.4089042,867191.1435255,177.7346213,0.037106,0
Mercury->Relay A,869217.2049886,869411.7291275,194.5241389,0.034303,0
Mercury->Relay A,871433.5891834,871650.4832085,216.8940251,0.027018,0
Mercury->Relay A,873666.3150574,873907.5011879,241.1861305,0.015284,0
Mercury->Relay A,875918.5377594,876178.8837227,260.3459632,0.000175,0
Mercury->Relay A,878190.4468175,878457.1912097,266.7443922,0.016267,0
Mercury->Relay A,880476.1189092,880733.8781978,257.7592885,0.030791,0
Mercury->Relay A,882762.9354373,883001.8535923,238.9181550,0.040668,0
Mercury->Relay A,885036.9785355,885256.2886025,219.3100669,0.044467,0
Mercury->Relay A,887290.4008068,887494.3813499,203.9805431,0.042421,0
Mercury->Relay A,889522.9170800,889715.6383644,192.7212844,0.035837,0
Mercury->Relay A,891738.1676751,891921.9509581,183.7832830,0.026299,0
Mercury->Relay A,893940.4914023,894116.6494440,176.1580417,0.015201,0
Mercury->Relay A,896133.7245630,896303.3996156,169.6750526,0.003634,0
Mercury->Relay A,898321.0729512,898485.6504282,164.5774770,0.007600,0
Mercury->Relay A,900505.2867035,900666.5737411,161.2870376,0.017779,0
Mercury->Relay A,902688.8664459,902849.2446393,160.3781934,0.026397,0
Mercury->Relay A,904874.2365998,905036.8932887,162.6566889,0.032865,0
Mercury->Relay A,907063.8835424,907233.1076223,169.2240798,0.036561,0
Mercury->Relay A,909260.4868923,909441.8109063,181.3240139,0.036804,0
Mercury->Relay A,911467.0810322,911666.7350601,199.6540279,0.032917,0
Mercury->Relay A,913687.1820525,913910.1717461,222.9896936,0.024494,0
Mercury->Relay A,915924.5324570,916171.2957975,246.7633405,0.011760,0
Mercury->Relay A,918181.8281106,918445.1937422,263.3656316,0.003970,0
Mercury->Relay A,920458.0102717,920723.8737687,265.8634970,0.020178,0
Mercury->Relay A,922745.3361293,922998.9644383,253.6283090,0.033772,0
Mercury->Relay A,925030.1369859,925263.9371420,233.8001561,0.042199,0
Mercury->Relay A,927299.4485534,927514.4833144,215.0347610,0.044463,0
Mercury->Relay A,929547.4631013,929748.3287185,200.8656173,0.041143,0
Mercury->Relay A,931775.2736815,931965.6088609,190.3351793,0.033680,0
Mercury->Relay A,933986.9100159,934168.6887122,181.7786963,0.023638,0
Mercury->Relay A,936186.6370589,936361.0683719,174.4313130,0.012334,0
Mercury->Relay A,938378.1260496,938546.3877107,168.2616611,0.000933,0
Mercury->Relay A,940564.4495326,940728.0190731,163.5695405,0.010246,0
Mercury->Relay A,942748.2771186,942909.0884041,160.8112855,0.020101,0
Mercury->Relay A,944932.0758253,945092.6856569,160.6098316,0.028232,0
Mercury->Relay A,947118.2735547,947282.1160983,163.8425436,0.034071,0
Mercury->Relay A,949309.3918158,949481.0675398,171.6757240,0.036974,0
Mercury->Relay A,951508.1821624,951693.4912275,185.3090651,0.036243,0
Mercury->Relay A,953717.7932843,953922.9050170,205.1117327,0.031251,0
Mercury->Relay A,955941.8490788,956170.9788681,229.1297894,0.021694,0
Mercury->Relay A,958184.0049297,958435.8991677,251.8942380,0.008044,0
Mercury->Relay A,960446.3249410,960711.8018869,265.4769459,0.008082,0
Mercury->Relay A,962726.2988058,962990.3231367,264.0243309,0.023927,0
Mercury->Relay A,965014.3933669,965263.4118518,249.0184848,0.036424,0
Mercury->Relay A,967296.3370060,967525.1165975,228.7795916,0.043341,0
Mercury->Relay A,969560.5614778,969771.6296781,211.0682003,0.044110,0
Mercury->Relay A,971803.2591811,972001.2368056,197.9776244,0.039609,0
Mercury->Relay A,974026.6269854,974214.6930567,188.0660713,0.031364,0
Mercury->Relay A,976234.9168350,976414.7623974,179.8455625,0.020896,0
Mercury->Relay A,978432.2746209,978605.0508486,172.7762277,0.009441,0
Mercury->Relay A,980622.2090160,980789.1483084,166.9392924,0.002041,0
Mercury->Relay A,982807.6722254,982970.3530480,162.6808226,0.012823,0
Mercury->Relay A,984991.2659091,985151.7588094,160.4929004,0.022310,0
Mercury->Relay A,987175.4335853,987336.4865388,161.0529535,0.029927,0
Mercury->Relay A,989362.6146940,989527.9279314,165.3132374,0.035094,0
Mercury->Relay A,991555.3741153,991729.8648442,174.4907289,0.037157,0
Mercury->Relay A,993756.5461429,993946.2343191,189.6881762,0.035421,0
Mercury->Relay A,995969.4007455,996180.2502059,210.8494604,0.029294,0
Mercury->Relay A,998197.6456655,998432.8523632,235.2066977,0.018634,0
Mercury->Relay A,1000444.7505039,1000701.1970266,256.4465227,0.004169,0
Mercury->Relay A,1002711.9543892,1002978.5701081,266.6157188,0.012173,0
Mercury->Relay A,1004995.1187376,1005256.4238082,261.3050706,0.027463,0
Mercury->Relay A,1007283.0539125,1007527.1427439,244.0888314,0.038719,0
Mercury->Relay A,1009561.3943251,1009785.3440200,223.9496949,0.044092,0
Mercury->Relay A,1011820.3087713,1012027.7143928,207.4056215,0.043427,0
Mercury->Relay A,1014057.8477508,1014253.1326281,195.2848773,0.037844,0
Mercury->Relay A,1016277.0464188,1016462.9429771,185.8965583,0.028907,0
Mercury->Relay A,1018482.2488397,1018660.2297746,177.9809349,0.018088,0
Mercury->Relay A,1020677.4543864,1020848.6508752,171.1964889,0.006576,0
Mercury->Relay A,1022866.0162750,1023031.7305163,165.7142413,0.004817,0
Mercury->Relay A,1025050.7796735,1025212.6993700,161.9196966,0.015331,0
Mercury->Relay A,1027234.2903105,1027394.6339272,160.3436167,0.024401,0
Mercury->Relay A,1029418.9776984,1029580.7018269,161.7241285,0.031471,0
Mercury->Relay A,1031607.3006357,1031774.3897179,167.0890822,0.035927,0
Mercury->Relay A,1033801.8761507,1033979.5605315,177.6843808,0.037105,0
Mercury->Relay A,1036005.6323732,1036200.0831393,194.4507661,0.034319,0
Mercury->Relay A,1038221.9632736,1038438.7677852,216.8045115,0.027054,0
Mercury->Relay A,1040454.6221181,1040695.7229129,241.1007948,0.015333,0
Mercury->Relay A,1042706.7696842,1042967.0644959,260.2948117,0.000174,0
Mercury->Relay A,1044978.6124054,1045245.3623880,266.7499826,0.016206,0
Mercury->Relay A,1047264.2536699,1047522.0697919,257.8161221,0.030745,0
Mercury->Relay A,1049551.0933717,1049790.0875353,238.9941635,0.040643,0
Mercury->Relay A,1051825.2032250,1052044.5789295,219.3757045,0.044463,0
Mercury->Relay A,1054078.7059110,1054282.7344848,204.0285738,0.042438,0
Mercury->Relay A,1056311.2938095,1056504.0514411,192.7576315,0.035870,0
Mercury->Relay A,1058526.6000179,1058710.4135717,183.8135538,0.026338,0
Mercury->Relay A,1060728.9639922,1060905.1481484,176.1841562,0.015248,0
Mercury->Relay A,1062922.2244684,1063091.9211224,169.6966541,0.003713,0
Mercury->Relay A,1065109.5893079,1065274.1825792,164.5932713,0.007539,0
Mercury->Relay A,1067293.8099378,1067455.1051539,161.2952161,0.017752,0
Mercury->Relay A,1069477.3875612,1069637.7638329,160.3762717,0.026373,0
Mercury->Relay A,1071662.7466103,1071825.3877660,162.6411557,0.032847,0
Mercury->Relay A,1073852.3730022,1074021.5633925,169.1903903,0.036556,0
Mercury->Relay A,1076048.9453672,1076230.2133034,181.2679362,0.036808,0
Mercury->Relay A,1078255.4964608,1078455.0719699,199.5755091,0.032941,0
Mercury->Relay A,1080475.5406576,1080698.4394397,222.8987820,0.024531,0
Mercury->Relay A,1082712.8211275,1082959.5047408,246.6836133,0.011813,0
Mercury->Relay A,1084970.0417444,1085233.3690606,263.3273163,0.003904,0
Mercury->Relay A,1087246.1637925,1087512.0474893,265.8836968,0.020120,0
Mercury->Relay A,1089533.4714555,1089787.1648718,253.6934164,0.033729,0
Mercury->Relay A,1091818.3085288,1092052.1840874,233.8755586,0.042179,0
Mercury->Relay A,1094087.6931509,1094302.7890278,215.0958769,0.044466,0
Mercury->Relay A,1096335.7873677,1096536.6974128,200.9100451,0.041164,0
Mercury->Relay A,1098563.6658052,1098754.0354441,190.3696389,0.033713,0
Mercury->Relay A,1100775.3537294,1100957.1616019,181.8078725,0.023672,0
Mercury->Relay A,1102975.1175689,1103149.5739573,174.4563885,0.012371,0
Mercury->Relay A,1105166.6310052,1105334.9129630,168.2819579,0.000829,0
Mercury->Relay A,1107352.9684640,1107516.5520920,163.5836279,0.010199,0
Mercury->Relay A,1109536.8006574,1109697.6178724,160.8172150,0.020062,0
Mercury->Relay A,1111720.5950252,1111881.1999193,160.6048942,0.028209,0
Mercury->Relay A,1113906.7793583,1114070.6022977,163.8229394,0.034055,0
Mercury->Relay A,1116097.8745860,1116269.5113655,171.6367795,0.036967,0
Mercury->Relay A,1118296.6311187,1118481.8782343,185.2471156,0.036256,0
Mercury->Relay A,1120506.1958927,1120711.2245613,205.0286686,0.031277,0
Mercury->Relay A,1122730.1913506,1122959.2303227,229.0389721,0.021739,0
Mercury->Relay A,1124972.2748295,1125224.0969297,251.8221002,0.008100,0
Mercury->Relay A,1127234.5211617,1127499.9737960,265.4526343,0.008020,0
Mercury->Relay A,1129514.4429315,1129778.5011791,264.0582476,0.023875,0
Mercury->Relay A,1131802.5328106,1132051.6223410,249.0895305,0.036386,0
Mercury->Relay A,1134084.5245084,1134313.3773094,228.8528011,0.043326,0
Mercury->Relay A,1136348.8263155,1136559.9510502,211.1247346,0.044119,0
Mercury->Relay A,1138591.6018041,1138789.6207265,198.0189223,0.039635,0
Mercury->Relay A,1140815.0334688,1141003.1324042,188.0989354,0.031396,0
Mercury->Relay A,1143023.3709990,1143203.2447063,179.8737073,0.020930,0
Mercury->Relay A,1145220.7622882,1145393.5625046,172.8002164,0.009492,0
Mercury->Relay A,1147410.7183758,1147577.6765715,166.9581957,0.002077,0
Mercury->Relay A,1149596.1931537,1149758.8862373,162.6930835,0.012794,0
Mercury->Relay A,1151779.7891999,1151940.2856146,160.4964147,0.022273,0
Mercury->Relay A,1153963.9503101,1154124.9950739,161.0447638,0.029901,0
Mercury->Relay A,1156151.1156954,1156316.4049598,165.2892644,0.035081,0
Mercury->Relay A,1158343.8495308,1158518.2958103,174.4462795,0.037158,0
Mercury->Relay A,1160544.9848031,1160734.6052426,189.6204395,0.035432,0
Mercury->Relay A,1162757.7896510,1162968.5523173,210.7626662,0.029325,0
Mercury->Relay A,1164985.9708146,1165221.0884782,235.1176636,0.018684,0
Mercury->Relay A,1167233.0014848,1167489.3853852,256.3839004,0.004230,0
Mercury->Relay A,1169500.1345073,1169766.7406465,266.6061392,0.012111,0
Mercury->Relay A,1171783.2565190,1172044.6078161,261.3512971,0.027412,0
Mercury->Relay A,1174071.2009152,1174315.3643790,244.1634638,0.038688,0
Mercury->Relay A,1176349.5996226,1176573.6191558,224.0195332,0.044085,0
Mercury->Relay A,1178608.5937878,1178816.0515462,207.4577584,0.043440,0
Mercury->Relay A,1180846.2078062,1181041.5313126,195.3235064,0.037870,0
Mercury->Relay A,1183065.4662412,1183251.3942932,185.9280519,0.028944,0
Mercury->Relay A,1185270.7125746,1185448.7206491,178.0080745,0.018133,0
Mercury->Relay A,1187465.9484819,1187637.1678115,171.2193296,0.006595,0
Mercury->Relay A,1189654.5294152,1189820.2610692,165.7316539,0.004799,0
Mercury->Relay A,1191839.3020307,1192001.2320329,161.9300022,0.015296,0
Mercury->Relay A,1194022.8128020,1194183.1573359,160.3445339,0.024369,0
Mercury->Relay A,1196207.4913820,1196369.2038141,161.7124321,0.031444,0
Mercury->Relay A,1198395.7962259,1198562.8566636,167.0604377,0.035915,0
Mercury->Relay A,1200590.3435220,1200767.9777478,177.6342258,0.037111,0
Mercury->Relay A,1202794.0599288,1202988.4374019,194.3774731,0.034339,0
Mercury->Relay A,1205010.3375868,1205227.0526158,216.7150290,0.027090,0
Mercury->Relay A,1207242.9294475,1207483.9448384,241.0153909,0.015386,0
Mercury->Relay A,1209495.0018843,1209755.2453653,260.2434809,0.000296,0
Mercury->Relay A,1211766.7781903,1212033.5335428,266.7553525,0.016145,0
Mercury->Relay A,1214052.3884488,1214310.2612649,257.8728161,0.030698,0
Mercury->Relay A,1216339.2511247,1216578.3212918,239.0701671,0.040618,0
Mercury->Relay A,1218613.4276241,1218832.8690315,219.4414074,0.044460,0
Mercury->Relay A,1220867.0107263,1221071.0873872,204.0766609,0.042454,0
Mercury->Relay A,1223099.6703030,1223292.4643124,192.7940094,0.035898,0
Mercury->Relay A,1225315.0321850,1225498.8760263,183.8438413,0.026377,0
Mercury->Relay A,1227517.4364589,1227693.6467446,176.2102857,0.015285,0
Mercury->Relay A,1229710.7242941,1229880.4425677,169.7182736,0.003718,0
Mercury->Relay A,1231898.1056222,1232062.7147120,164.6090899,0.007516,0
Mercury->Relay A,1234082.3331634,1234243.6365904,161.3034270,0.017709,0
Mercury->Relay A,1236265.9087006,1236426.2830940,160.3743935,0.026341,0
Mercury->Relay A,1238451.2566789,1238613.8823591,162.6256802,0.032827,0
Mercury->Relay A,1240640.8625563,1240810.0193328,169.1567764,0.036545,0
Mercury->Relay A,1242837.4039773,1243018.6159228,181.2119455,0.036815,0
Mercury->Relay A,1245043.9120730,1245243.4091357,199.4970627,0.032964,0
Mercury->Relay A,1247263.8994988,1247486.7073795,222.8078806,0.024571,0
Mercury->Relay A,1249501.1100739,1249747.7138625,246.6037886,0.011869,0
Mercury->Relay A,1251758.2556440,1252021.5444449,263.2888010,0.003844,0
Mercury->Relay A,1254034.3174735,1254300.2211591,265.9036856,0.020063,0
Mercury->Relay A,1256321.6067473,1256575.3651651,253.7584178,0.033686,0
Mercury->Relay A,1258606.4798518,1258840.4308344,233.9509826,0.042159,0
Mercury->Relay A,1260875.9374498,1261091.0945107,215.1570609,0.044470,0
Mercury->Relay A,1263124.1113557,1263325.0658785,200.9545228,0.041187,0
Mercury->Relay A,1265352.0577084,1265542.4618329,190.4041245,0.033745,0
Mercury->Relay A,1267563.7972811,1267745.6343454,181.8370643,0.023717,0
Mercury->Relay A,1269763.5979673,1269938.0794467,174.4814794,0.012419,0
Mercury->Relay A,1271955.1358904,1272123.4381655,168.3022752,0.000985,0
Mercury->Relay A,1274141.4873618,1274305.0851032,163.5977414,0.010171,0
Mercury->Relay A,1276325.3241957,1276486.1473747,160.8231790,0.020032,0
Mercury->Relay A,1278509.1142575,1278669.7142605,160.6000030,0.028180,0
Mercury->Relay A,1280695.2852286,1280859.0886263,163.8033977,0.034038,0
Mercury->Relay A,1282886.3574604,1283057.9553751,171.5979147,0.036966,0
Mercury->Relay A,1285085.0802215,1285270.2654742,185.1852527,0.036263,0
Mercury->Relay A,1287294.5986973,1287499.5443641,204.9456668,0.031303,0
Mercury->Relay A,1289518.5338706,1289747.4820119,228.9481413,0.021780,0
Mercury->Relay A,1291760.5450095,1292012.2948450,251.7498355,0.008161,0
Mercury->Relay A,1294022.7176319,1294288.1457406,265.4281087,0.007955,0
Mercury->Relay A,1296302.5871750,1296566.6791450,264.0919700,0.023820,0
Mercury->Relay A,1298590.6721677,1298839.8326727,249.1605051,0.036349,0
Mercury->Relay A,1300872.7117597,1301101.6378123,228.9260526,0.043311,0
Mercury->Relay A,1303137.0908526,1303348.2721890,211.1813364,0.044126,0
Mercury->Relay A,1305379.9441615,1305578.0044252,198.0602636,0.039657,0
Mercury->Relay A,1307603.4397472,1307791.5715681,188.1318209,0.031433,0
Mercury->Relay A,1309811.8250147,1309991.7268821,179.9018674,0.020977,0
Mercury->Relay A,1312009.2498547,1312182.0740768,172.8242221,0.009527,0
Mercury->Relay A,1314199.2276748,1314366.2047952,166.9771204,0.001958,0
Mercury->Relay A,1316384.7140568,1316547.4194292,162.7053723,0.012748,0
Mercury->Relay A,1318568.3124985,1318728.8124646,160.4999661,0.022248,0
Mercury->Relay A,1320752.4670755,1320913.5036999,161.0366244,0.029879,0
Mercury->Relay A,1322939.6167723,1323104.8821305,165.2653582,0.035067,0
Mercury->Relay A,1325132.3250602,1325306.7269737,174.4019134,0.037155,0
Mercury->Relay A,1327333.4236218,1327522.9764088,189.5527871,0.035448,0
Mercury->Relay A,1329546.1787659,1329756.8546866,210.6759207,0.029359,0
Mercury->Relay A,1331774.2962226,1332009.3248128,235.0285902,0.018730,0
Mercury->Relay A,1334021.2527460,1334277.5738696,256.3211236,0.004299,0
Mercury->Relay A,1336288.3148524,1336554.9111904,266.5963380,0.012051,0
Mercury->Relay A,1338571.3943707,1338832.7917246,261.3973539,0.027362,0
Mercury->Relay A,1340859.3477818,1341103.5858415,244.2380598,0.038656,0
Mercury->Relay A,1343137.8046457,1343361.8940736,224.0894279,0.044075,0
Mercury->Relay A,1345396.8785075,1345604.3884658,207.5099583,0.043453,0
Mercury->Relay A,1347634.5676106,1347829.9297823,195.3621716,0.037897,0
Mercury->Relay A,1349853.8858734,1350039.8454381,185.9595647,0.028983,0
Mercury->Relay A,1352059.1761740,1352237.2114028,178.0352287,0.018172,0
Mercury->Relay A,1354254.4424874,1354425.6846753,171.2421880,0.006662,0
Mercury->Relay A,1356443.0425035,1356608.7915934,165.7490900,0.004738,0
Mercury->Relay A,1358627.8243710,1358789.7647089,161.9403379,0.015257,0
Mercury->Relay A,1360811.3353091,1360971.6808006,160.3454914,0.024342,0
Mercury->Relay A,1362996.0051147,1363157.7059046,161.7007899,0.031427,0
Mercury->Relay A,1365184.2919008,1365351.3237654,167.0318646,0.035905,0
Mercury->Relay A,1367378.8110174,1367556.3951741,177.5841568,0.037111,0
Mercury->Relay A,1369582.4876548,1369776.7919148,194.3042600,0.034357,0
Mercury->Relay A,1371798.7121228,1372015.3377002,216.6255774,0.027123,0
Mercury->Relay A,1374031.2370454,1374272.1669647,240.9299192,0.015438,0
Mercury->Relay A,1376283.2343606,1376543.4263312,260.1919706,0.000450,0
Mercury->Relay A,1378554.9441723,1378821.7046741,266.7605019,0.016085,0
Mercury->Relay A,1380840.5232469,1381098.4526170,257.9293702,0.030651,0
Mercury->Relay A,1383127.4086965,1383366.5548621,239.1461656,0.040591,0
Mercury->Relay A,1385401.6517330,1385621.1589085,219.5071754,0.044458,0
Mercury->Relay A,1387655.3152522,1387859.4400572,204.1248050,0.042472,0
Mercury->Relay A,1389888.0465604,1390080.8769780,192.8304176,0.035931,0
Mercury->Relay A,1392103.4641763,1392287.3383220,183.8741457,0.026415,0
Mercury->Relay A,1394305.9088024,1394482.1452326,176.2364302,0.015334,0
Mercury->Relay A,1396499.2240397,1396668.9639519,169.7399123,0.003801,0
Mercury->Relay A,1398686.6218935,1398851.2468265,164.6249330,0.007460,0
Mercury->Relay A,1400870.8563801,1401032.1680499,161.3116698,0.017684,0
Mercury->Relay A,1403054.4298643,1403214.8024222,160.3725579,0.026317,0
Mercury->Relay A,1405239.7668053,1405402.3770684,162.6102631,0.032809,0
Mercury->Relay A,1407429.3522042,1407598.4754428,169.1232386,0.036540,0
Mercury->Relay A,1409625.8627225,1409807.0187644,181.1560419,0.036821,0
Mercury->Relay A,1411832.3278683,1412031.7465571,199.4186888,0.032985,0
Mercury->Relay A,1414052.2585756,1414274.9755653,222.7169898,0.024613,0
Mercury->Relay A,1416289.3992962,1416535.9231628,246.5238667,0.011925,0
Mercury->Relay A,1418546.4698094,1418809.7198955,263.2500861,0.003790,0
Mercury->Relay A,1420822.4713155,1421088.3947781,265.9234626,0.020007,0
Mercury->Relay A,1423109.7420052,1423363.5653185,253.8233132,0.033644,0
Mercury->Relay A,1425394.6509551,1425628.6773828,234.0264277,0.042141,0
Mercury->Relay A,1427664.1814505,1427879.3997635,215.2183130,0.044471,0
Mercury->Relay A,1429912.4350652,1430113.4341155,200.9990504,0.041206,0
Mercury->Relay A,1432140.4493908,1432330.8880264,190.4386356,0.033781,0
Mercury->Relay A,1434352.2406713,1434534.1069428,181.8662715,0.023753,0
Mercury->Relay A,1436552.0782539,1436726.5848397,174.5065858,0.012456,0
Mercury->Relay A,1438743.6407055,1438911.9633178,168.3226123,0.000917,0
Mercury->Relay A,1440930.0062252,1441093.6181062,163.6118810,0.010120,0
Mercury->Relay A,1443113.8477334,1443274.6769110,160.8291776,0.019996,0
Mercury->Relay A,1445297.6335219,1445458.2286803,160.5951583,0.028156,0
Mercury->Relay A,1447483.7911655,1447647.5750839,163.7839184,0.034021,0
Mercury->Relay A,1449674.8404382,1449846.3995682,171.5591300,0.036958,0
Mercury->Relay A,1451873.5294708,1452058.6529473,185.1234765,0.036274,0
Mercury->Relay A,1454083.0016984,1454287.8644253,204.8627269,0.031332,0
Mercury->Relay A,1456306.8766383,1456535.7339362,228.8572979,0.021823,0
Mercury->Relay A,1458548.8154691,1458800.4929138,251.6774447,0.008218,0
Mercury->Relay A,1460810.9143521,1461076.3177215,265.4033694,0.007893,0
Mercury->Relay A,1463090.7315370,1463354.8570350,264.1254981,0.023764,0
Mercury->Relay A,1465378.8114389,1465628.0428478,249.2314088,0.036311,0
Mercury->Relay A,1467660.8987600,1467889.8981062,228.9993463,0.043298,0
Mercury->Relay A,1469925.3550895,1470136.5930945,211.2380049,0.044133,0
Mercury->Relay A,1472168.2862531,1472366.3879009,198.1016479,0.039683,0
Mercury->Relay A,1474391.8458201,1474580.0105485,188.1647284,0.031467,0
Mercury->Relay A,1476600.2788819,1476780.2089242,179.9300423,0.021013,0
Mercury->Relay A,1478797.7373205,1478970.5855643,172.8482437,0.009578,0
Mercury->Relay A,1480987.7369133,1481154.7329797,166.9960663,0.002008,0
Mercury->Relay A,1483173.2349342,1483335.9526235,162.7176893,0.012716,0
Mercury->Relay A,1485356.8358046,1485517.3393592,160.5035546,0.022209,0
Mercury->Relay A,1487540.9838816,1487702.0124165,161.0285349,0.029853,0
Mercury->Relay A,1489728.1179246,1489893.3594435,165.2415190,0.035054,0
Mercury->Relay A,1491920.8007036,1492095.1583341,174.3576305,0.037155,0
Mercury->Relay A,1494121.8625988,1494311.3478180,189.4852192,0.035461,0
Mercury->Relay A,1496334.5680903,1496545.1573139,210.5892236,0.029387,0
Mercury->Relay A,1498562.6218897,1498797.5613672,234.9394774,0.018775,0
Mercury->Relay A,1500809.5042874,1501065.7624799,256.2581925,0.004352,0
Mercury->Relay A,1503076.4954249,1503343.0817405,266.5863156,0.011993,0
Mercury->Relay A,1505359.5322934,1505620.9755334,261.4432399,0.027312,0
Mercury->Relay A,1507647.4945129,1507891.8071319,244.3126190,0.038625,0
Mercury->Relay A,1509926.0093943,1510150.1687735,224.1593792,0.044066,0
Mercury->Relay A,1512185.1629299,1512392.7251512,207.5622213,0.043464,0
Mercury->Relay A,1514422.9271635,1514618.3280369,195.4008734,0.037927,0
Mercury->Relay A,1516642.3053151,1516828.2964112,185.9910960,0.029018,0
Mercury->Relay A,1518847.6396376,1519025.7020355,178.0623980,0.018216,0
Mercury->Relay A,1521042.9364027,1521214.2014662,171.2650635,0.006680,0
Mercury->Relay A,1523231.5555404,1523397.3220886,165.7665482,0.004712,0
Mercury->Relay A,1525416.3466939,1525578.2973975,161.9507036,0.015225,0
Mercury->Relay A,1527599.8578323,1527760.2043205,160.3464882,0.024309,0
Mercury->Relay A,1529784.5188967,1529946.2080981,161.6892014,0.031400,0
Mercury->Relay A,1531972.7876600,1532139.7910231,167.0033631,0.035893,0
Mercury->Relay A,1534167.2786371,1534344.8128103,177.5341733,0.037115,0
Mercury->Relay A,1536370.9155513,1536565.1466781,194.2311268,0.034374,0
Mercury->Relay A,1538587.0868813,1538803.6230386,216.5361574,0.027160,0
Mercury->Relay A,1540819.5449120,1541060.3892919,240.8443799,0.015485,0
Mercury->Relay A,1543071.4671124,1543331.6073939,260.1402814,0.000446,0
Mercury->Relay A,1545343.1103522,1545609.8757828,266.7654307,0.016027,0
Mercury->Relay A,1547628.6580647,1547886.6438485,257.9857838,0.030603,0
Mercury->Relay A,1549915.5660883,1550154.7882463,239.2221580,0.040565,0
Mercury->Relay A,1552189.8755521,1552409.4485604,219.5730083,0.044455,0
Mercury->Relay A,1554443.6194884,1554647.7924947,204.1730063,0.042488,0
Mercury->Relay A,1556676.4225816,1556869.2894379,192.8668563,0.035960,0
Mercury->Relay A,1558891.8959914,1559075.8004588,183.9044673,0.026457,0
Mercury->Relay A,1561094.3810221,1561270.6436118,176.2625897,0.015370,0
Mercury->Relay A,1563287.7237054,1563457.4852747,169.7615693,0.003803,0
Mercury->Relay A,1565475.1381222,1565639.7789227,164.6408005,0.007433,0
Mercury->Relay A,1567659.3795878,1567820.6995329,161.3199451,0.017638,0
Mercury->Relay A,1569842.9510518,1570003.3218173,160.3707654,0.026284,0
Mercury->Relay A,1572028.2769896,1572190.8718933,162.5949037,0.032788,0
Mercury->Relay A,1574217.8419462,1574386.9317225,169.0897763,0.036530,0
Mercury->Relay A,1576414.3216027,1576595.4218282,181.1002254,0.036826,0
Mercury->Relay A,1578620.7438468,1578820.0842344,199.3403876,0.033010,0
Mercury->Relay A,1580840.6178876,1581063.2439977,222.6261101,0.024649,0
Mercury->Relay A,1583077.6887940,1583324.1326419,246.4438479,0.011974,0
Mercury->Relay A,1585334.6842409,1585597.8954130,263.2111721,0.003740,0
Mercury->Relay A,1587610.6253191,1587876.5683469,265.9430277,0.019952,0
Mercury->Relay A,1589897.8772305,1590151.7653321,253.8881016,0.033603,0
Mercury->Relay A,1592182.8218395,1592416.9237334,234.1018939,0.042120,0
Mercury->Relay A,1594452.4251527,1594667.7047859,215.2796333,0.044473,0
Mercury->Relay A,1596700.7584957,1596901.8021241,201.0436285,0.041227,0
Mercury->Relay A,1598928.8408521,1599119.3140246,190.4731724,0.033811,0
Mercury->Relay A,1601140.6838990,1601322.5793935,181.8954945,0.023795,0
Mercury->Relay A,1603340.5584284,1603515.0901366,174.5317082,0.012504,0
Mercury->Relay A,1605532.1454505,1605700.4884194,168.3429689,0.001043,0
Mercury->Relay A,1607718.5250548,1607882.1511015,163.6260467,0.010097,0
Mercury->Relay A,1609902.3712703,1610063.2064809,160.8352106,0.019964,0
Mercury->Relay A,1612086.1528188,1612246.7431787,160.5903599,0.028128,0
Mercury->Relay A,1614272.2971686,1614436.0616702,163.7645016,0.034004,0
Mercury->Relay A,1616463.3235201,1616634.8439447,171.5204246,0.036957,0
Mercury->Relay A,1618661.9788667,1618847.0406536,185.0617869,0.036284,0
Mercury->Relay A,1620871.4048952,1621076.1847447,204.7798495,0.031356,0
Mercury->Relay A,1623095.2196537,1623323.9860955,228.7664418,0.021870,0
Mercury->Relay A,1625337.0862087,1625588.6911365,251.6049278,0.008269,0
Mercury->Relay A,1627599.1113223,1627864.4897386,265.3784163,0.007833,0
Mercury->Relay A,1629878.8760182,1630143.0348493,264.1588311,0.023710,0
Mercury->Relay A,1632166.9506251,1632416.2528657,249.3022406,0.036275,0
Mercury->Relay A,1634449.0855101,1634678.1581913,229.0726812,0.043284,0
Mercury->Relay A,1636713.6190261,1636924.9137667,211.2947407,0.044141,0
Mercury->Relay A,1638956.6280788,1639154.7711540,198.1430752,0.039707,0
Mercury->Relay A,1641180.2516872,1641368.4493450,188.1976578,0.031502,0
Mercury->Relay A,1643388.7326003,1643568.6908325,179.9582322,0.021058,0
Mercury->Relay A,1645586.2246855,1645759.0969676,172.8722820,0.009612,0
Mercury->Relay A,1647776.2460908,1647943.2611245,167.0150337,0.001875,0
Mercury->Relay A,1649961.7557861,1650124.4858202,162.7300341,0.012674,0
Mercury->Relay A,1652145.3591183,1652305.8662981,160.5071797,0.022185,0
Mercury->Relay A,1654329.5007282,1654490.5212237,161.0204954,0.029830,0
Mercury->Relay A,1656516.6191522,1656681.8368989,165.2177467,0.035039,0
Mercury->Relay A,1658709.2764605,1658883.5898911,174.3134305,0.037153,0
Mercury->Relay A,1660910.3017336,1661099.7194697,189.4177361,0.035475,0
Mercury->Relay A,1663122.9576238,1663333.4601990,210.5025752,0.029418,0
Mercury->Relay A,1665350.9478158,1665585.7981416,234.8503258,0.018823,0
Mercury->Relay A,1667597.7561089,1667853.9512168,256.1951079,0.004403,0
Mercury->Relay A,1669864.6762248,1670131.2522970,266.5760722,0.011935,0
Mercury->Relay A,1672147.6702880,1672409.1592432,261.4889553,0.027262,0
Mercury->Relay A,1674435.6411096,1674680.0282499,244.3871403,0.038595,0
Mercury->Relay A,1676714.2138690,1676938.4432555,224.2293866,0.044058,0
Mercury->Relay A,1678973.4470555,1679181.0616025,207.6145470,0.043477,0
Mercury->Relay A,1681211.2864648,1681406.7260765,195.4396117,0.037952,0
Mercury->Relay A,1683430.7245659,1683616.7472125,186.0226467,0.029059,0
Mercury->Relay A,1685636.1029652,1685814.1925472,178.0895820,0.018257,0
Mercury->Relay A,1687831.4302274,1688002.7181841,171.2879567,0.006748,0
Mercury->Relay A,1690020.0685252,1690185.8525547,165.7840295,0.004658,0
Mercury->Relay A,1692204.8689996,1692366.8300987,161.9610991,0.015183,0
Mercury->Relay A,1694388.3803710,1694548.7278961,160.3475251,0.024283,0
Mercury->Relay A,1696573.0327274,1696734.7103943,161.6776669,0.031383,0
Mercury->Relay A,1698761.2835039,1698928.2584368,166.9749329,0.035882,0
Mercury->Relay A,1700955.7463809,1701133.2306565,177.4842756,0.037116,0
Mercury->Relay A,1703159.3436180,1703353.5016919,194.1580739,0.034395,0
Mercury->Relay A,1705375.4618620,1705591.9086310,216.4467690,0.027196,0
Mercury->Relay A,1707607.8530468,1707848.6118203,240.7587736,0.015535,0
Mercury->Relay A,1709859.7001404,1710119.7885541,260.0884137,0.000427,0
Mercury->Relay A,1712131.2767302,1712398.0468689,266.7701387,0.015969,0
Mercury->Relay A,1714416.7929033,1714674.8349599,258.0420566,0.030557,0
Mercury->Relay A,1716703.7233001,1716943.0214447,239.2981446,0.040539,0
Mercury->Relay A,1718978.0990814,1719197.7379872,219.6389058,0.044451,0
Mercury->Relay A,1721231.9234351,1721436.1446997,204.2212646,0.042504,0
Mercury->Relay A,1723464.7983660,1723657.7016920,192.9033260,0.035990,0
Mercury->Relay A,1725680.3276304,1725864.2624363,183.9348059,0.026492,0
Mercury->Relay A,1727882.8531178,1728059.1418825,176.2887647,0.015420,0
Mercury->Relay A,1730076.2232906,1730246.0065359,169.7832453,0.003889,0
Mercury->Relay A,1732263.6543080,1732428.3110002,164.6566923,0.007381,0
Mercury->Relay A,1734447.9027866,1734609.2310387,161.3282521,0.017612,0
Mercury->Relay A,1736631.4722630,1736791.8412789,160.3690159,0.026261,0
Mercury->Relay A,1738816.7872311,1738979.3668336,162.5796025,0.032770,0
Mercury->Relay A,1741006.3317822,1741175.3881716,169.0563893,0.036523,0
Mercury->Relay A,1743202.7806181,1743383.8251137,181.0444956,0.036835,0
Mercury->Relay A,1745409.1600083,1745608.4221674,199.2621591,0.033030,0
Mercury->Relay A,1747628.9774348,1747851.5126766,222.5352418,0.024688,0
Mercury->Relay A,1749865.9785675,1750112.3423003,246.3637328,0.012027,0
Mercury->Relay A,1752122.8989385,1752386.0709978,263.1720593,0.003668,0
Relay A->Mercury,1982.3546451,2249.0196375,266.6649923,0.012527,0
Relay A->Mercury,4265.7625619,4526.7931858,261.0306239,0.027762,0
Relay A->Mercury,6553.6393553,6797.2924050,243.6530497,0.038902,0
Relay A->Mercury,8831.6363000,9055.1823143,223.5460143,0.044140,0
Relay A->Mercury,11090.0849005,11297.1921173,207.1072168,0.043354,0
Relay A->Mercury,13327.1873275,13522.2528986,195.0655711,0.037679,0
Relay A->Mercury,15546.0394217,15731.7577316,185.7183099,0.028688,0
Relay A->Mercury,17750.9879783,17928.8150295,177.8270512,0.017849,0
Relay A->Mercury,19946.0186316,20117.0849909,171.0663593,0.006300,0
Relay A->Mercury,22134.4714106,22300.0857335,165.6143229,0.005091,0
Relay A->Mercury,24319.1827167,24481.0425438,161.8598270,0.015543,0
Relay A->Mercury,26502.6938828,26663.0312070,160.3373241,0.024578,0
Relay A->Mercury,28687.4335579,28849.2241732,161.7906153,0.031592,0
Relay A->Mercury,30875.8625320,31043.1166579,167.2541258,0.035988,0
Relay A->Mercury,33070.6027874,33248.5777904,177.9750030,0.037090,0
Relay A->Mercury,35274.5911871,35469.4676529,194.8764658,0.034210,0
Relay A->Mercury,37491.2325712,37708.5566684,217.3240972,0.026845,0
Relay A->Mercury,39724.2820691,39965.8770484,241.5949793,0.015035,0
Relay A->Mercury,41976.8673707,42237.4556164,260.5882456,0.000284,0
Relay A->Mercury,44249.0956181,44515.8078083,266.7121902,0.016551,0
Relay A->Mercury,46534.9138993,46792.3954471,257.4815478,0.031016,0
Relay A->Mercury,48821.6150509,49060.1666027,238.5515518,0.040792,0
Relay A->Mercury,51095.3333246,51314.3301855,218.9968610,0.044478,0
Relay A->Mercury,53348.3667020,53552.1206897,203.7539878,0.042337,0
Relay A->Mercury,55580.5379637,55773.0893389,192.5513752,0.035688,0
Relay A->Mercury,57795.5215770,57979.1636950,183.6421180,0.026108,0
Relay A->Mercury,59997.6527609,60173.6886171,176.0358562,0.014995,0
Relay A->Mercury,62190.7558068,62360.3290972,169.5732903,0.003427,0
Relay A->Mercury,64378.0263761,64542.5286661,164.5022900,0.007792,0
Relay A->Mercury,66562.2082788,66723.4555217,161.2472429,0.017952,0
Relay A->Mercury,68745.7992848,68906.1853310,160.3860462,0.026536,0
Relay A->Mercury,70931.2237178,71093.9532806,162.7295628,0.032958,0
Relay A->Mercury,73120.9701716,73290.3545896,169.3844180,0.036598,0
Relay A->Mercury,75317.7231017,75499.3157519,181.5926502,0.036770,0
Relay A->Mercury,77524.5249153,77724.5561353,200.0312200,0.032809,0
Relay A->Mercury,79744.9001943,79968.3265337,223.4263394,0.024302,0
Relay A->Mercury,81982.5882548,82229.7329892,247.1447344,0.011496,0
Relay A->Mercury,84240.2458831,84503.7915283,263.5456452,0.004266,0
Relay A->Mercury,86516.7168223,86782.4778003,265.7609780,0.020457,0
Relay A->Mercury,88804.1275328,89057.4389838,253.3114510,0.033974,0
Relay A->Mercury,91088.7501122,91322.1875414,233.4374292,0.042295,0
Relay A->Mercury,93357.7068895,93572.4508497,214.7439601,0.044449,0
Relay A->Mercury,95605.3365756,95805.9931959,200.6566203,0.041042,0
Relay A->Mercury,97832.8205751,98022.9948715,190.1742964,0.033516,0
Relay A->Mercury,100044.2094499,100225.8520318,181.6425819,0.023437,0
Relay A->Mercury,102243.7606264,102418.0744492,174.3138227,0.012128,0
Relay A->Mercury,104435.1333317,104603.2991644,168.1658328,0.000808,0
Relay A->Mercury,106621.3908902,106784.8931278,163.5022376,0.010431,0
Relay A->Mercury,108805.1975132,108965.9795541,160.7820408,0.020268,0
Relay A->Mercury,110989.0181133,111149.6501411,160.6320279,0.028360,0
Relay A->Mercury,113175.2810911,113339.2160660,163.9349749,0.034151,0
Relay A->Mercury,115366.5107611,115538.3722187,171.8614576,0.036993,0
Relay A->Mercury,117565.4642931,117751.0704192,185.6061261,0.036195,0
Relay A->Mercury,119775.2990307,119980.8098813,205.5108507,0.031117,0
Relay A->Mercury,121999.6460787,122229.2118214,229.5657427,0.021481,0
Relay A->Mercury,124242.1513342,124494.3899299,252.2385957,0.007770,0
Relay A->Mercury,126504.8265647,126770.4157060,265.5891414,0.008373,0
Relay A->Mercury,128785.0501014,129048.9060720,263.8559706,0.024190,0
Relay A->Mercury,131073.1640040,131321.8378810,248.6738770,0.036600,0
Relay A->Mercury,133354.8723863,133583.3007237,228.4283373,0.043407,0
Relay A->Mercury,135618.7218798,135829.5218574,210.7999775,0.044072,0
Relay A->Mercury,137861.0442010,138058.8280271,197.7838261,0.039488,0
Relay A->Mercury,140084.1049181,140272.0176805,187.9127624,0.031187,0
Relay A->Mercury,142292.1662539,142471.8804196,179.7141657,0.020691,0
Relay A->Mercury,144489.3640772,144662.0277239,172.6636467,0.009232,0
Relay A->Mercury,146679.1954414,146846.0452694,166.8498280,0.002248,0
Relay A->Mercury,148864.6042892,149027.2262772,162.6219881,0.013007,0
Relay A->Mercury,151048.1877693,151208.6627957,160.4750264,0.022463,0
Relay A->Mercury,153232.3880018,153393.4786624,161.0906606,0.030044,0
Relay A->Mercury,155419.6454991,155585.0721978,165.4266987,0.035161,0
Relay A->Mercury,157612.5285720,157787.2316583,174.7030864,0.037162,0
Relay A->Mercury,159813.8779439,160003.8911875,190.0132437,0.035348,0
Relay A->Mercury,162026.9726235,162238.2391456,211.2665222,0.029144,0
Relay A->Mercury,164255.5253407,164491.1590887,235.6337481,0.018404,0
Relay A->Mercury,166502.9882027,166759.7327524,256.7445498,0.003895,0
Relay A->Mercury,168770.5334486,169037.1901511,266.6567025,0.012469,0
Relay A->Mercury,171053.8999499,171314.9777788,261.0778289,0.027711,0
Relay A->Mercury,173341.7871684,173585.5150455,243.7278771,0.038871,0
Relay A->Mercury,175619.8432070,175843.4587182,223.6155112,0.044132,0
Relay A->Mercury,177878.3716480,178085.5306309,207.1589830,0.043366,0
Relay A->Mercury,180115.5488418,180310.6528305,195.1039886,0.037705,0
Relay A->Mercury,182334.4603463,182520.2100421,185.7496958,0.028724,0
Relay A->Mercury,184539.4524959,184717.3066045,177.8541086,0.017883,0
Relay A->Mercury,186734.5132450,186905.6023480,171.0891030,0.006367,0
Relay A->Mercury,188922.9848446,189088.6164523,165.6316078,0.005015,0
Relay A->Mercury,191107.7051679,191269.5751311,161.8699632,0.015512,0
Relay A->Mercury,193291.2162775,193451.5542899,160.3380125,0.024547,0
Relay A->Mercury,195475.9469517,195637.7255582,161.7786064,0.031577,0
Relay A->Mercury,197664.3576270,197831.5826918,167.2250648,0.035981,0
Relay A->Mercury,199859.0694331,200036.9937805,177.9243474,0.037094,0
Relay A->Mercury,202063.0177478,202257.8204552,194.8027074,0.034232,0
Relay A->Mercury,204279.6055855,204496.8400222,217.2344368,0.026880,0
Relay A->Mercury,206512.5878323,206754.0978111,241.5099788,0.015086,0
Relay A->Mercury,208765.0979666,209025.6359326,260.5379660,0.000395,0
Relay A->Mercury,211037.2602628,211303.9791058,266.7188430,0.016493,0
Relay A->Mercury,213323.0485836,213580.5876273,257.5390437,0.030970,0
Relay A->Mercury,215609.7738742,215848.4014436,238.6275694,0.040766,0
Relay A->Mercury,217883.5594214,218102.6215969,219.0621755,0.044475,0
Relay A->Mercury,220136.6732019,220340.4749426,203.8017406,0.042356,0
Relay A->Mercury,222368.9158276,222561.5034038,192.5875762,0.035718,0
Relay A->Mercury,224583.9547614,224767.6270717,183.6723104,0.026151,0
Relay A->Mercury,226786.1259395,226962.1878418,176.0619023,0.015039,0
Relay A->Mercury,228979.2560915,229148.8508979,169.5948064,0.003503,0
Relay A->Mercury,231166.5429329,231331.0609044,164.5179715,0.007733,0
Relay A->Mercury,233350.7315506,233511.9868215,161.2552710,0.017920,0
Relay A->Mercury,235534.3202802,235694.7042006,160.3839204,0.026509,0
Relay A->Mercury,237719.7334470,237882.4471973,162.7137504,0.032940,0
Relay A->Mercury,239909.4591757,240078.8095380,169.3503623,0.036593,0
Relay A->Mercury,242106.1809233,242287.7170745,181.5361512,0.036777,0
Relay A->Mercury,244312.9394590,244512.8918105,199.9523516,0.032829,0
Relay A->Mercury,246533.2576612,246756.5930420,223.3353808,0.024338,0
Relay A->Mercury,248770.8755940,249017.9410781,247.0654840,0.011553,0
Relay A->Mercury,251028.4582368,251291.9665347,263.5082979,0.004215,0
Relay A->Mercury,253304.8695773,253570.6517709,265.7821937,0.020400,0
Relay A->Mercury,255592.2630380,255845.6400942,253.3770561,0.033933,0
Relay A->Mercury,257876.9227287,258110.4354426,233.5127139,0.042277,0
Relay A->Mercury,260145.9529325,260360.7576717,214.8047392,0.044453,0
Relay A->Mercury,262393.6621844,262594.3629893,200.7008049,0.041061,0
Relay A->Mercury,264621.2137586,264811.4223925,190.2086339,0.033549,0
Relay A->Mercury,266832.6539375,267014.3256239,181.6716864,0.023477,0
Relay A->Mercury,269032.2416695,269206.5804964,174.3388269,0.012161,0
Relay A->Mercury,271223.6386193,271391.8246580,168.1860387,0.000618,0
Relay A->Mercury,273409.9099802,273573.4261841,163.5162039,0.010391,0
Relay A->Mercury,275593.7210501,275754.5088583,160.7878082,0.020225,0
Relay A->Mercury,277777.5371536,277938.1640230,160.6268694,0.028337,0
Relay A->Mercury,279963.7865714,280127.7016417,163.9150703,0.034136,0
Relay A->Mercury,282154.9930295,282326.8151568,171.8221273,0.036990,0
Relay A->Mercury,284353.9125417,284539.4562982,185.5437565,0.036203,0
Relay A->Mercury,286563.7006913,286769.1281794,205.4274881,0.031146,0
Relay A->Mercury,288787.9871532,289017.4621466,229.4749935,0.021526,0
Relay A->Mercury,291030.4198831,291282.5869592,252.1670761,0.007833,0
Relay A->Mercury,293293.0215842,293558.5874497,265.5658655,0.008313,0
Relay A->Mercury,295573.1936682,295837.0844861,263.8908179,0.024136,0
Relay A->Mercury,297861.3038789,298110.0491287,248.7452497,0.036564,0
Relay A->Mercury,300143.0611111,300371.5624419,228.5013309,0.043393,0
Relay A->Mercury,302406.9881700,302617.8443524,210.8561823,0.044081,0
Relay A->Mercury,304649.3881029,304847.2130190,197.8249161,0.039513,0
Relay A->Mercury,306872.5123872,307060.4579104,187.9455233,0.031224,0
Relay A->Mercury,309080.6211275,309260.3633698,179.7422423,0.020730,0
Relay A->Mercury,311277.8522240,311450.5397848,172.6875608,0.009282,0
Relay A->Mercury,313467.7050880,313634.5737220,166.8686340,0.002255,0
Relay A->Mercury,315653.1253353,315815.7594544,162.6341190,0.012984,0
Relay A->Mercury,317836.7110192,317997.1893851,160.4783659,0.022429,0
Relay A->Mercury,320020.9045271,320181.9867591,161.0822320,0.030018,0
Relay A->Mercury,322208.1461345,322373.5485374,165.4024029,0.035150,0
Relay A->Mercury,324401.0034374,324575.6616720,174.6582346,0.037162,0
Relay A->Mercury,326602.3158399,326792.2609380,189.9450982,0.035365,0
Relay A->Mercury,328815.3605174,329026.5400141,211.1794968,0.029173,0
Relay A->Mercury,331043.8492385,331279.3941485,235.5449100,0.018455,0
Relay A->Mercury,333291.2378320,333547.9205109,256.6826789,0.003954,0
Relay A->Mercury,335558.7124766,335825.3606678,266.6481912,0.012411,0
Relay A->Mercury,337842.0374035,338103.1622702,261.1248667,0.027660,0
Relay A->Mercury,340129.9348410,340373.7375122,243.8026712,0.038842,0
Relay A->Mercury,342408.0498379,342631.7349035,223.6850655,0.044123,0
Relay A->Mercury,344666.6580991,344873.8689104,207.2108114,0.043379,0
Relay A->Mercury,346903.9101063,347099.0525485,195.1424422,0.037735,0
Relay A->Mercury,349122.8810817,349308.6621825,185.7811007,0.028765,0
Relay A->Mercury,351327.9168791,351505.7980596,177.8811805,0.017932,0
Relay A->Mercury,353523.0077690,353694.1196336,171.1118646,0.006386,0
Relay A->Mercury,355711.4982277,355877.1471437,165.6489160,0.005007,0
Relay A->Mercury,357896.2276028,358058.1077317,161.8801289,0.015471,0
Relay A->Mercury,360079.7386888,360240.0774297,160.3387408,0.024518,0
Relay A->Mercury,362264.4603955,362426.2270476,161.7666521,0.031549,0
Relay A->Mercury,364452.8528074,364620.0488831,167.1960757,0.035967,0
Relay A->Mercury,366647.5362040,366825.4099818,177.8737779,0.037096,0
Relay A->Mercury,368851.4444801,369046.1735083,194.7290282,0.034248,0
Relay A->Mercury,371067.9788235,371285.1236295,217.1448059,0.026918,0
Relay A->Mercury,373300.8938650,373542.3187727,241.4249077,0.015141,0
Relay A->Mercury,375553.3288373,375813.8163425,260.4875052,0.000247,0
Relay A->Mercury,377825.4251019,378092.1503776,266.7252758,0.016436,0
Relay A->Mercury,380111.1832825,380368.7796847,257.5964022,0.030924,0
Relay A->Mercury,382397.9325129,382636.6360971,238.7035842,0.040741,0
Relay A->Mercury,384671.7852272,384890.9127825,219.1275554,0.044473,0
Relay A->Mercury,386924.9794136,387128.8289634,203.8495498,0.042371,0
Relay A->Mercury,389157.2934567,389349.9172636,192.6238070,0.035752,0
Relay A->Mercury,391372.3877712,391556.0902904,183.7025192,0.026186,0
Relay A->Mercury,393574.5989958,393750.6869589,176.0879631,0.015080,0
Relay A->Mercury,395767.7562968,395937.3726383,169.6163416,0.003511,0
Relay A->Mercury,397955.0594476,398119.5931252,164.5336776,0.007717,0
Relay A->Mercury,400139.2548140,400300.5181457,161.2633317,0.017881,0
Relay A->Mercury,402322.8413001,402483.2231382,160.3818381,0.026479,0
Relay A->Mercury,404508.2432348,404670.9412311,162.6979964,0.032920,0
Relay A->Mercury,406697.9482750,406867.2646574,169.3163824,0.036583,0
Relay A->Mercury,408894.6388808,409076.1186205,181.4797397,0.036785,0
Relay A->Mercury,411101.3541869,411301.2277421,199.8735552,0.032853,0
Relay A->Mercury,413321.6153649,413544.8597957,223.2444308,0.024377,0
Relay A->Mercury,415559.1632091,415806.1493434,246.9861343,0.011609,0
Relay A->Mercury,417816.6708554,418080.1416048,263.4707494,0.004149,0
Relay A->Mercury,420093.0224897,420358.8256887,265.8031991,0.020342,0
Relay A->Mercury,422380.3985051,422633.8410629,253.4425578,0.033892,0
Relay A->Mercury,424665.0951227,424898.6831445,233.5880218,0.042256,0
Relay A->Mercury,426934.1986765,427149.0642630,214.8655865,0.044456,0
Relay A->Mercury,429181.9875158,429382.7325548,200.7450390,0.041083,0
Relay A->Mercury,431409.6067227,431599.8497192,190.2429965,0.033585,0
Relay A->Mercury,433621.0982646,433802.7990705,181.7008059,0.023519,0
Relay A->Mercury,435820.7226015,435995.0864486,174.3638470,0.012213,0
Relay A->Mercury,438012.1438376,438180.3501025,168.2062650,0.000845,0
Relay A->Mercury,440198.4290370,440361.9592334,163.5301964,0.010356,0
Relay A->Mercury,442382.2445871,442543.0381974,160.7936103,0.020199,0
Relay A->Mercury,444566.0562271,444726.6779846,160.6217575,0.028308,0
Relay A->Mercury,446752.2921191,446916.1873475,163.8952284,0.034118,0
Relay A->Mercury,448943.4754025,449115.2582794,171.7828770,0.036985,0
Relay A->Mercury,451142.3609380,451327.8424116,185.4814737,0.036214,0
Relay A->Mercury,453352.1025492,453557.4467360,205.3441868,0.031172,0
Relay A->Mercury,455576.3284765,455805.7127055,229.3842289,0.021567,0
Relay A->Mercury,457818.6887122,458070.7841395,252.0954273,0.007885,0
Relay A->Mercury,460081.2168516,460346.7592267,265.5423751,0.008255,0
Relay A->Mercury,462361.3373495,462625.2628223,263.9254727,0.024083,0
Relay A->Mercury,464649.4436635,464898.2602178,248.8165543,0.036529,0
Relay A->Mercury,466931.2495829,467159.8239506,228.5743678,0.043381,0
Relay A->Mercury,469195.2541600,469406.1666139,210.9124539,0.044088,0
Relay A->Mercury,471437.7317401,471635.5977887,197.8660486,0.039539,0
Relay A->Mercury,473660.9196521,473848.8979574,187.9783053,0.031259,0
Relay A->Mercury,475869.0758539,476048.8461877,179.7703338,0.020775,0
Relay A->Mercury,478066.3402709,478239.0517625,172.7114916,0.009318,0
Relay A->Mercury,480256.2146748,480423.1021360,166.8874612,0.002162,0
Relay A->Mercury,482441.6463567,482604.2926346,162.6462779,0.012932,0
Relay A->Mercury,484625.2342771,484785.7160197,160.4817426,0.022401,0
Relay A->Mercury,486809.4210936,486970.4949478,161.0738542,0.029996,0
Relay A->Mercury,488996.6468459,489162.0250207,165.3781748,0.035134,0
Relay A->Mercury,491189.4784173,491364.0918835,174.6134663,0.037160,0
Relay A->Mercury,493390.7538952,493580.6309320,189.8770368,0.035377,0
Relay A->Mercury,495603.7486218,495814.8411404,211.0925186,0.029205,0
Relay A->Mercury,497832.1733962,498067.6294266,235.4560304,0.018499,0
Relay A->Mercury,500079.4877414,500336.1083931,256.6206517,0.004003,0
Relay A->Mercury,502346.8917297,502613.5311881,266.6394584,0.012347,0
Relay A->Mercury,504630.1749240,504891.3466603,261.1717362,0.027609,0
Relay A->Mercury,506918.0823742,507161.9598054,243.8774312,0.038810,0
Relay A->Mercury,509196.2561928,509420.0108701,223.7546773,0.044115,0
Relay A->Mercury,511454.9442536,511662.2069560,207.2627025,0.043393,0
Relay A->Mercury,513692.2711207,513887.4520520,195.1809313,0.037762,0
Relay A->Mercury,515911.3016280,516097.1141523,185.8125243,0.028799,0
Relay A->Mercury,518116.3811275,518294.2893950,177.9082675,0.017967,0
Relay A->Mercury,520311.5022038,520482.6368471,171.1346433,0.006454,0
Relay A->Mercury,522500.0115601,522665.6778070,165.6662469,0.004934,0
Relay A->Mercury,524684.7500213,524846.6403464,161.8903251,0.015437,0
Relay A->Mercury,526868.2611166,527028.6006261,160.3395095,0.024488,0
Relay A->Mercury,529052.9738890,529214.7286407,161.7547517,0.031533,0
Relay A->Mercury,531241.3480731,531408.5152315,167.1671584,0.035959,0
Relay A->Mercury,533436.0031000,533613.8263940,177.8232939,0.037099,0
Relay A->Mercury,535639.8713838,535834.5268124,194.6554286,0.034267,0
Relay A->Mercury,537856.3522853,538073.4074901,217.0552049,0.026951,0
Relay A->Mercury,540089.2001668,540330.5399336,241.3397667,0.015188,0
Relay A->Mercury,542341.5599834,542601.9968468,260.4368634,0.000081,0
Relay A->Mercury,544613.5901357,544880.3216239,266.7314882,0.016376,0
Relay A->Mercury,546899.3179969,547156.9716200,257.6536231,0.030879,0
Relay A->Mercury,549186.0909675,549424.8705634,238.7795959,0.040716,0
Relay A->Mercury,551460.0107421,551679.2037426,219.1930006,0.044472,0
Relay A->Mercury,553713.2853364,553917.1827518,203.8974154,0.042389,0
Relay A->Mercury,555945.6708506,556138.3309187,192.6600680,0.035779,0
Relay A->Mercury,558160.8206064,558344.5533513,183.7327449,0.026229,0
Relay A->Mercury,560363.0719293,560539.1859688,176.1140394,0.015124,0
Relay A->Mercury,562556.2564229,562725.8943185,169.6378956,0.003591,0
Relay A->Mercury,564743.5759202,564908.1253287,164.5494084,0.007654,0
Relay A->Mercury,566927.7780694,567089.0494937,161.2714243,0.017851,0
Relay A->Mercury,569111.3623449,569271.7421438,160.3797989,0.026453,0
Relay A->Mercury,571296.7530810,571459.4353815,162.6823006,0.032902,0
Relay A->Mercury,573486.4374689,573655.7199477,169.2824788,0.036579,0
Relay A->Mercury,575683.0969747,575864.5203894,181.4234147,0.036789,0
Relay A->Mercury,577889.7690991,578089.5639294,199.7948303,0.032876,0
Relay A->Mercury,580109.9733049,580333.1267949,223.1534901,0.024420,0
Relay A->Mercury,582347.4511005,582594.3577856,246.9066851,0.011659,0
Relay A->Mercury,584604.8837389,584868.3167394,263.4330006,0.004081,0
Relay A->Mercury,586881.1755604,587146.9995540,265.8239937,0.020284,0
Relay A->Mercury,589168.5339347,589422.0418905,253.5079558,0.033849,0
Relay A->Mercury,591453.2672945,591686.9306473,233.6633527,0.042236,0
Relay A->Mercury,593722.4441217,593937.3706239,214.9265022,0.044458,0
Relay A->Mercury,595970.3125693,596171.1018921,200.7893229,0.041105,0
Relay A->Mercury,598197.9994670,598388.2768515,190.2773845,0.033615,0
Relay A->Mercury,600409.5424308,600591.2723719,181.7299411,0.023556,0
Relay A->Mercury,602609.2034224,602783.5923051,174.3888826,0.012247,0
Relay A->Mercury,604800.6489862,604968.8754972,168.2265110,0.000706,0
Relay A->Mercury,606986.9480602,607150.4922756,163.5442154,0.010312,0
Relay A->Mercury,609170.7681240,609331.5675710,160.7994471,0.020159,0
Relay A->Mercury,611354.5753332,611515.1920258,160.6166925,0.028285,0
Relay A->Mercury,613540.7977339,613704.6731833,163.8754494,0.034103,0
Relay A->Mercury,615731.9578799,615903.7015866,171.7437067,0.036980,0
Relay A->Mercury,617930.8094815,618116.2287589,185.4192774,0.036224,0
Relay A->Mercury,620140.5046042,620345.7655510,205.2609468,0.031198,0
Relay A->Mercury,622364.6700484,622593.9634985,229.2934501,0.021611,0
Relay A->Mercury,624606.9578212,624858.9814717,252.0236504,0.007937,0
Relay A->Mercury,626869.4123677,627134.9310373,265.5186696,0.008198,0
Relay A->Mercury,629149.4811460,629413.4410805,263.9599345,0.024031,0
Relay A->Mercury,631437.5833586,631686.4711488,248.8877902,0.036492,0
Relay A->Mercury,633719.4378020,633948.0852495,228.6474476,0.043367,0
Relay A->Mercury,635983.5198497,636194.4886421,210.9687924,0.044095,0
Relay A->Mercury,638226.0751127,638423.9823364,197.9072237,0.039562,0
Relay A->Mercury,640449.3267127,640637.3378218,188.0111091,0.031294,0
Relay A->Mercury,642657.5304326,642837.3288728,179.7984402,0.020812,0
Relay A->Mercury,644854.8282179,645027.5636564,172.7354386,0.009367,0
Relay A->Mercury,647044.7242016,647211.6305112,166.9063096,0.002185,0
Relay A->Mercury,649230.1673533,649392.8258182,162.6584649,0.012905,0
Relay A->Mercury,651413.7575434,651574.2427002,160.4851568,0.022365,0
Relay A->Mercury,653597.9377013,653759.0032278,161.0655265,0.029970,0
Relay A->Mercury,655785.1476337,655950.5016471,165.3540134,0.035122,0
Relay A->Mercury,657977.9535121,658152.5222930,174.5687809,0.037161,0
Relay A->Mercury,660179.1921097,660369.0011693,189.8090596,0.035392,0
Relay A->Mercury,662392.1369365,662603.1425241,211.0055876,0.029237,0
Relay A->Mercury,664620.4978138,664855.8649231,235.3671093,0.018545,0
Relay A->Mercury,666867.7379309,667124.2963992,256.5584683,0.004059,0
Relay A->Mercury,669135.0712084,669401.7017123,266.6305039,0.012286,0
Relay A->Mercury,671418.3125118,671679.5309495,261.2184377,0.027558,0
Relay A->Mercury,673706.2297689,673950.1819249,243.9521561,0.038778,0
Relay A->Mercury,675984.4622720,676208.2866181,223.8243461,0.044107,0
Relay A->Mercury,678243.2301115,678450.5447677,207.3146563,0.043404,0
Relay A->Mercury,680480.6318847,680675.8513414,195.2194567,0.037789,0
Relay A->Mercury,682699.7219847,682885.5659512,185.8439665,0.028839,0
Relay A->Mercury,684904.8452410,685082.7806102,177.9353693,0.018015,0
Relay A->Mercury,687099.9965490,687271.1539890,171.1574399,0.006471,0
Relay A->Mercury,689288.5248412,689454.2084421,165.6836009,0.004920,0
Relay A->Mercury,691473.2724231,691635.1729742,161.9005511,0.015400,0
Relay A->Mercury,693656.7835606,693817.1238788,160.3403182,0.024457,0
Relay A->Mercury,695841.4874321,696003.2303380,161.7429059,0.031506,0
Relay A->Mercury,698029.8434242,698196.9817370,167.1383128,0.035945,0
Relay A->Mercury,700224.4701210,700402.2430171,177.7728961,0.037102,0
Relay A->Mercury,702428.2984589,702622.8803674,194.5819085,0.034286,0
Relay A->Mercury,704644.7259704,704861.6916045,216.9656341,0.026986,0
Relay A->Mercury,706877.5067376,707118.7612940,241.2545564,0.015238,0
Relay A->Mercury,709129.7914046,709390.1774460,260.3860414,0.000097,0
Relay A->Mercury,711401.7553650,711668.4928457,266.7374806,0.016315,0
Relay A->Mercury,713687.4527274,713945.1634330,257.7107055,0.030832,0
Relay A->Mercury,715974.2492391,716213.1048430,238.8556039,0.040691,0
Relay A->Mercury,718248.2359661,718467.4944772,219.2585111,0.044468,0
Relay A->Mercury,720501.5909704,720705.5363082,203.9453378,0.042407,0
Relay A->Mercury,722734.0480095,722926.7443689,192.6963594,0.035811,0
Relay A->Mercury,724949.2532662,725133.0162541,183.7629879,0.026264,0
Relay A->Mercury,727151.5447403,727327.6848711,176.1401308,0.015164,0
Relay A->Mercury,729344.7564696,729514.4159375,169.6594679,0.003595,0
Relay A->Mercury,731532.0923508,731696.6575145,164.5651636,0.007635,0
Relay A->Mercury,733716.3013164,733877.5808657,161.2795494,0.017810,0
Relay A->Mercury,735899.8834141,736060.2612170,160.3778028,0.026422,0
Relay A->Mercury,738085.2629853,738247.9296488,162.6666634,0.032882,0
Relay A->Mercury,740274.9267577,740444.1754087,169.2486510,0.036568,0
Relay A->Mercury,742471.5552043,742652.9223810,181.3671768,0.036799,0
Relay A->Mercury,744678.1841952,744877.9003729,199.7161777,0.032897,0
Relay A->Mercury,746898.3314813,747121.3940400,223.0625587,0.024457,0
Relay A->Mercury,749135.7392679,749382.5664052,246.8271372,0.011711,0
Relay A->Mercury,751393.0968875,751656.4919385,263.3950510,0.004018,0
Relay A->Mercury,753669.3287894,753935.1733671,265.8445778,0.020227,0
Relay A->Mercury,755956.6693276,756210.2425772,253.5732496,0.033807,0
Relay A->Mercury,758241.4392451,758475.1779512,233.7387061,0.042216,0
Relay A->Mercury,760510.6892682,760725.6767541,214.9874859,0.044461,0
Relay A->Mercury,762758.6373447,762959.4710010,200.8336563,0.041124,0
Relay A->Mercury,764986.3919915,765176.7037896,190.3117981,0.033651,0
Relay A->Mercury,767197.9864355,767379.7455279,181.7590923,0.023601,0
Relay A->Mercury,769397.6841320,769572.0980662,174.4139342,0.012298,0
Relay A->Mercury,771589.1540653,771757.4008425,168.2467773,0.000890,0
Relay A->Mercury,773775.4670500,773939.0253102,163.5582602,0.010281,0
Relay A->Mercury,775959.2916609,776120.0969793,160.8053184,0.020130,0
Relay A->Mercury,778143.0944723,778303.7061464,160.6116741,0.028256,0
Relay A->Mercury,780329.3034157,780493.1591486,163.8557329,0.034085,0
Relay A->Mercury,782520.4404618,782692.1450781,171.7046163,0.036977,0
Relay A->Mercury,784719.2581722,784904.6153401,185.3571680,0.036234,0
Relay A->Mercury,786928.9068562,787134.0846244,205.1777682,0.031228,0
Relay A->Mercury,789153.0118688,789382.2145256,229.2026567,0.021658,0
Relay A->Mercury,791395.2272104,791647.1789557,251.9517453,0.007994,0
Relay A->Mercury,793657.6081325,793923.1028825,265.4947500,0.008132,0
Relay A->Mercury,795937.6250585,796201.6192614,263.9942029,0.023976,0
Relay A->Mercury,798225.7229651,798474.6819218,248.9589567,0.036455,0
Relay A->Mercury,800507.6257685,800736.3463391,228.7205706,0.043352,0
Relay A->Mercury,802771.7852389,802982.8104368,211.0251980,0.044104,0
Relay A->Mercury,805014.4182204,805212.3666617,197.9484413,0.039588,0
Relay A->Mercury,807237.7335685,807425.7775031,188.0439346,0.031332,0
Relay A->Mercury,809445.9848636,809625.8114251,179.8265615,0.020858,0
Relay A->Mercury,811643.3160645,811816.0754670,172.7594025,0.009404,0
Relay A->Mercury,813833.2336680,814000.1588475,166.9251795,0.002078,0
Relay A->Mercury,816018.6883246,816181.3590046,162.6706800,0.012857,0
Relay A->Mercury,818202.2808179,818362.7694255,160.4886076,0.022339,0
Relay A->Mercury,820386.4543504,820547.5115992,161.0572488,0.029948,0
Relay A->Mercury,822573.6484972,822738.9784168,165.3299196,0.035106,0
Relay A->Mercury,824766.4287211,824940.9529003,174.5241792,0.037157,0
Relay A->Mercury,826967.6304830,827157.3716501,189.7411671,0.035407,0
Relay A->Mercury,829180.5254616,829391.4441656,210.9187040,0.029266,0
Relay A->Mercury,831408.8224908,831644.1006385,235.2781477,0.018594,0
Relay A->Mercury,833655.9884003,833912.4845299,256.4961295,0.004122,0
Relay A->Mercury,835923.2509125,836189.8722409,266.6213284,0.012225,0
Relay A->Mercury,838206.4501678,838467.7151378,261.2649701,0.027508,0
Relay A->Mercury,840494.3770252,840738.4038717,244.0268464,0.038746,0
Relay A->Mercury,842772.6680762,842996.5621480,223.8940718,0.044100,0
Relay A->Mercury,845031.5156728,845238.8823453,207.3666725,0.043416,0
Relay A->Mercury,847268.9923981,847464.2504162,195.2580180,0.037820,0
Relay A->Mercury,849488.1421517,849674.0175797,185.8754280,0.028874,0
Relay A->Mercury,851693.3092195,851871.2717053,177.9624858,0.018051,0
Relay A->Mercury,853888.4908046,854059.6710585,171.1802540,0.006540,0
Relay A->Mercury,856077.0380713,856242.7390488,165.7009776,0.004854,0
Relay A->Mercury,858261.7948085,858423.7056156,161.9108071,0.015363,0
Relay A->Mercury,860445.3060209,860605.6471878,160.3411670,0.024428,0
Relay A->Mercury,862630.0010251,862791.7321388,161.7311137,0.031490,0
Relay A->Mercury,864818.3388602,864985.4483989,167.1095388,0.035937,0
Relay A->Mercury,867012.9372669,867190.6598507,177.7225838,0.037103,0
Relay A->Mercury,869216.7257053,869411.2341732,194.5084679,0.034303,0
Relay A->Mercury,871433.0998789,871649.9759723,216.8760934,0.027025,0
Relay A->Mercury,873665.8135775,873906.9828542,241.1692767,0.015290,0
Relay A->Mercury,875918.0231014,876178.3581406,260.3350391,0.000264,0
Relay A->Mercury,878189.9207903,878456.6640431,266.7432528,0.016256,0
Relay A->Mercury,880475.5874747,880733.3551246,257.7676499,0.030785,0
Relay A->Mercury,882762.4073278,883001.3389355,238.9316077,0.040666,0
Relay A->Mercury,885036.4608997,885255.7849861,219.3240864,0.044465,0
Relay A->Mercury,887289.8963155,887493.8896319,203.9933164,0.042422,0
Relay A->Mercury,889522.4249326,889715.1576139,192.7326813,0.035842,0
Relay A->Mercury,891737.6857508,891921.4789983,183.7932475,0.026305,0
Relay A->Mercury,893940.0174280,894116.1836654,176.1662374,0.015210,0
Relay A->Mercury,896133.2564369,896302.9374961,169.6810591,0.003679,0
Relay A->Mercury,898320.6087390,898485.1896821,164.5809431,0.007574,0
Relay A->Mercury,900504.8245550,900666.1122614,161.2877064,0.017783,0
Relay A->Mercury,902688.4045078,902848.7803577,160.3758500,0.026398,0
Relay A->Mercury,904873.7729479,905036.4240323,162.6510844,0.032864,0
Relay A->Mercury,907063.4161407,907232.6310402,169.2148995,0.036564,0
Relay A->Mercury,909260.0135695,909441.3245956,181.3110261,0.036802,0
Relay A->Mercury,911466.5994750,911666.2370723,199.6375973,0.032923,0
Relay A->Mercury,913686.6898941,913909.6615311,222.9716370,0.024496,0
Relay A->Mercury,915924.0277115,916170.7752022,246.7474906,0.011768,0
Relay A->Mercury,918181.3103014,918444.6672026,263.3569012,0.003961,0
Relay A->Mercury,920457.4821779,920723.3471287,265.8649509,0.020171,0
Relay A->Mercury,922744.8046848,922998.4431232,253.6384385,0.033765,0
Relay A->Mercury,925029.6109744,925263.4250561,233.8140817,0.042197,0
Relay A->Mercury,927298.9341160,927513.9826540,215.0485380,0.044465,0
Relay A->Mercury,929546.9618422,929747.8398818,200.8780396,0.041147,0
Relay A->Mercury,931774.7842959,931965.1305329,190.3462369,0.033682,0
Relay A->Mercury,933986.4302794,934168.2185382,181.7882588,0.023636,0
Relay A->Mercury,936186.1647304,936360.6037318,174.4390013,0.012332,0
Relay A->Mercury,938377.6590744,938545.9261380,168.2670636,0.000795,0
Relay A->Mercury,940563.9860059,940727.5583376,163.5723317,0.010233,0
Relay A->Mercury,942747.8151976,942908.6264218,160.8112242,0.020092,0
Relay A->Mercury,944931.6136440,945092.2203461,160.6067021,0.028232,0
Relay A->Mercury,947117.8091644,947281.6452435,163.8360791,0.034070,0
Relay A->Mercury,949308.9231478,949480.5887538,171.6656060,0.036971,0
Relay A->Mercury,951507.7070097,951693.0021549,185.2951453,0.036247,0
Relay A->Mercury,953717.3093048,953922.4039561,205.0946512,0.031252,0
Relay A->Mercury,955941.3539377,956170.4657868,229.1118491,0.021698,0
Relay A->Mercury,958183.4968797,958435.3765920,251.8797123,0.008056,0
Relay A->Mercury,960445.8041464,960711.2747625,265.4706161,0.008069,0
Relay A->Mercury,962725.7690874,962989.7973653,264.0282779,0.023921,0
Relay A->Mercury,965013.8624836,965262.8925370,249.0300534,0.036418,0
Relay A->Mercury,967295.8134831,967524.6072193,228.7937362,0.043338,0
Relay A->Mercury,969560.0503279,969771.1319982,211.0816703,0.044113,0
Relay A->Mercury,971802.7610630,972000.7507647,197.9897017,0.039612,0
Relay A->Mercury,974026.1402196,974214.2170013,188.0767817,0.031364,0
Relay A->Mercury,976234.4391464,976414.2938446,179.8546982,0.020894,0
Relay A->Mercury,978431.8038107,978604.5871936,172.7833829,0.009453,0
Relay A->Mercury,980621.7430738,980788.6871446,166.9440708,0.002117,0
Relay A->Mercury,982807.2092706,982969.8921942,162.6829236,0.012827,0
Relay A->Mercury,984990.8041002,985151.2961961,160.4920959,0.022301,0
Relay A->Mercury,987174.9710404,987336.0200616,161.0490212,0.029923,0
Relay A->Mercury,989362.1494366,989527.4553293,165.3058927,0.035094,0
Relay A->Mercury,991554.9040443,991729.3837050,174.4796607,0.037160,0
Relay A->Mercury,993756.0690149,993945.7423738,189.6733589,0.035420,0
Relay A->Mercury,995968.9141964,996179.7460648,210.8318684,0.029298,0
Relay A->Mercury,998197.1474272,998432.3365730,235.1891458,0.018642,0
Relay A->Mercury,1000444.2391499,1000700.6727854,256.4336355,0.004192,0
Relay A->Mercury,1002711.4308428,1002978.0427743,266.6119316,0.012166,0
Relay A->Mercury,1004994.5878924,1005255.8992261,261.3113337,0.027459,0
Relay A->Mercury,1007282.5241441,1007526.6256453,244.1015012,0.038716,0
Relay A->Mercury,1009560.8736049,1009784.8374594,223.9638546,0.044091,0
Relay A->Mercury,1011819.8009371,1012027.2196888,207.4187517,0.043431,0
Relay A->Mercury,1014057.3526608,1014252.6492764,195.2966156,0.037845,0
Relay A->Mercury,1016276.5621287,1016462.4690367,185.9069080,0.028912,0
Relay A->Mercury,1018481.7730626,1018659.7626799,177.9896173,0.018097,0
Relay A->Mercury,1020676.9849702,1020848.1880559,171.2030857,0.006557,0
Relay A->Mercury,1022865.5512499,1023031.2696272,165.7183774,0.004833,0
Relay A->Mercury,1025050.3171767,1025212.2382702,161.9210935,0.015328,0
Relay A->Mercury,1027233.8284973,1027394.1705528,160.3420556,0.024396,0
Relay A->Mercury,1029418.5146672,1029580.2340432,161.7193761,0.031463,0
Relay A->Mercury,1031606.8343812,1031773.9152175,167.0808363,0.035924,0
Relay A->Mercury,1033801.4045376,1033979.0768949,177.6723573,0.037109,0
Relay A->Mercury,1036005.1531223,1036199.5882295,194.4351072,0.034324,0
Relay A->Mercury,1038221.4740103,1038438.2605940,216.7865837,0.027058,0
Relay A->Mercury,1040454.1206862,1040695.2046148,241.0839286,0.015344,0
Relay A->Mercury,1042706.2550739,1042966.5389308,260.2838569,0.000421,0
Relay A->Mercury,1044978.0864118,1045244.8352162,266.7488043,0.016197,0
Relay A->Mercury,1047263.7222399,1047521.5466946,257.8244548,0.030738,0
Relay A->Mercury,1049550.5652345,1049789.5728415,239.0076070,0.040639,0
Relay A->Mercury,1051824.6855427,1052044.0752701,219.3897274,0.044463,0
Relay A->Mercury,1054078.2013713,1054282.2427236,204.0413523,0.042439,0
Relay A->Mercury,1056310.8016201,1056503.5706536,192.7690334,0.035871,0
Relay A->Mercury,1058526.1180602,1058709.9415840,183.8235238,0.026342,0
Relay A->Mercury,1060728.4899930,1060904.6823517,176.1923587,0.015248,0
Relay A->Mercury,1062921.7563244,1063091.4589936,169.7026691,0.003680,0
Relay A->Mercury,1065109.1250848,1065273.7218322,164.5967474,0.007551,0
Relay A->Mercury,1067293.3477849,1067454.6436809,161.2958961,0.017740,0
Relay A->Mercury,1069476.9256259,1069637.2995657,160.3739398,0.026366,0
Relay A->Mercury,1071662.2829686,1071824.9185323,162.6355636,0.032844,0
Relay A->Mercury,1073851.9056181,1074021.0868419,169.1812239,0.036552,0
Relay A->Mercury,1076048.4720701,1076229.7270325,181.2549624,0.036810,0
Relay A->Mercury,1078255.0149385,1078454.5740274,199.5590889,0.032943,0
Relay A->Mercury,1080475.0485426,1080697.9292680,222.8807254,0.024537,0
Relay A->Mercury,1082712.3164309,1082958.9841770,246.6677461,0.011824,0
Relay A->Mercury,1084969.5239810,1085232.8425325,263.3185515,0.003909,0
Relay A->Mercury,1087245.6357263,1087511.5208391,265.8851128,0.020116,0
Relay A->Mercury,1089532.9400069,1089786.6435288,253.7035220,0.033724,0
Relay A->Mercury,1091817.7824832,1092051.6719624,233.8894792,0.042178,0
Relay A->Mercury,1094087.1786655,1094302.2883233,215.1096578,0.044467,0
Relay A->Mercury,1096335.2860614,1096536.2085339,200.9224725,0.041167,0
Relay A->Mercury,1098563.1763796,1098753.5570816,190.3807020,0.033716,0
Relay A->Mercury,1100774.8739613,1100956.6914023,181.8174410,0.023683,0
Relay A->Mercury,1102974.6452171,1103149.1093014,174.4640844,0.012383,0
Relay A->Mercury,1105166.1640137,1105334.4513835,168.2873697,0.000942,0
Relay A->Mercury,1107352.5049282,1107516.0913571,163.5864289,0.010206,0
Relay A->Mercury,1109536.3387338,1109697.1558987,160.8171649,0.020062,0
Relay A->Mercury,1111720.1328484,1111880.7346247,160.6017764,0.028204,0
Relay A->Mercury,1113906.3149799,1114070.1314677,163.8164878,0.034052,0
Relay A->Mercury,1116097.4059378,1116269.0326134,171.6266756,0.036969,0
Relay A->Mercury,1118296.1559943,1118481.3892034,185.2332091,0.036254,0
Relay A->Mercury,1120505.7119502,1120710.7235461,205.0115960,0.031279,0
Relay A->Mercury,1122729.6962548,1122958.7172829,229.0210280,0.021741,0
Relay A->Mercury,1124971.7668287,1125223.5743812,251.8075526,0.008112,0
Relay A->Mercury,1127234.0004097,1127499.4466776,265.4462678,0.008008,0
Relay A->Mercury,1129513.9132336,1129777.9753925,264.0621588,0.023866,0
Relay A->Mercury,1131802.0019149,1132051.1029950,249.1010802,0.036381,0
Relay A->Mercury,1134084.0009462,1134312.8678902,228.8669441,0.043324,0
Relay A->Mercury,1136348.3151165,1136559.4533261,211.1382096,0.044119,0
Relay A->Mercury,1138591.1036402,1138789.1346451,198.0310049,0.039636,0
Relay A->Mercury,1140814.5466653,1141002.6563164,188.1096511,0.031403,0
Relay A->Mercury,1143022.8932811,1143202.7761308,179.8828497,0.020942,0
Relay A->Mercury,1145220.2914563,1145393.0988361,172.8073797,0.009489,0
Relay A->Mercury,1147410.2524191,1147577.2154030,166.9629838,0.001994,0
Relay A->Mercury,1149595.7301913,1149758.4253861,162.6951947,0.012782,0
Relay A->Mercury,1151779.3273901,1151939.8230115,160.4956214,0.022276,0
Relay A->Mercury,1153963.4877714,1154124.5286151,161.0408437,0.029900,0
Relay A->Mercury,1156150.6504518,1156315.9323846,165.2819328,0.035079,0
Relay A->Mercury,1158343.3794817,1158517.8147072,174.4352255,0.037155,0
Relay A->Mercury,1160544.5077056,1160734.1133405,189.6056349,0.035437,0
Relay A->Mercury,1162757.3031408,1162968.0482219,210.7450812,0.029330,0
Relay A->Mercury,1164985.4726228,1165220.5727268,235.1001041,0.018687,0
Relay A->Mercury,1167232.4901797,1167488.8611664,256.3709867,0.004241,0
Relay A->Mercury,1169499.6109997,1169766.2133132,266.6023135,0.012108,0
Relay A->Mercury,1171782.7256869,1172044.0832142,261.3575273,0.027409,0
Relay A->Mercury,1174070.6711265,1174314.8472461,244.1761196,0.038685,0
Relay A->Mercury,1176349.0788592,1176573.1125530,224.0336938,0.044082,0
Relay A->Mercury,1178608.0859047,1178815.5567983,207.4708936,0.043441,0
Relay A->Mercury,1180845.7126724,1181041.0479218,195.3352494,0.037874,0
Relay A->Mercury,1183064.9819156,1183250.9203228,185.9384072,0.028949,0
Relay A->Mercury,1185270.2367703,1185448.2535342,178.0167639,0.018135,0
Relay A->Mercury,1187465.4790460,1187636.7049810,171.2259350,0.006625,0
Relay A->Mercury,1189654.0643772,1189819.8001770,165.7357998,0.004774,0
Relay A->Mercury,1191838.8395280,1192000.7709378,161.9314098,0.015289,0
Relay A->Mercury,1194022.3509897,1194182.6939739,160.3429842,0.024369,0
Relay A->Mercury,1196207.0283588,1196368.7360507,161.7076919,0.031446,0
Relay A->Mercury,1198395.3299872,1198562.3821925,167.0522053,0.035915,0
Relay A->Mercury,1200589.8719326,1200767.4941493,177.6222167,0.037108,0
Relay A->Mercury,1202793.5807105,1202987.9425367,194.3618262,0.034340,0
Relay A->Mercury,1205009.8483649,1205226.5454692,216.6971042,0.027092,0
Relay A->Mercury,1207242.4280635,1207483.4265758,240.9985123,0.015390,0
Relay A->Mercury,1209494.4873220,1209754.7198170,260.2324951,0.000326,0
Relay A->Mercury,1211766.2522303,1212033.0063659,266.7541356,0.016139,0
Relay A->Mercury,1214051.8570231,1214309.7381436,257.8811204,0.030691,0
Relay A->Mercury,1216338.7229596,1216577.8065614,239.0836017,0.040613,0
Relay A->Mercury,1218612.9098953,1218832.3653284,219.4554331,0.044461,0
Relay A->Mercury,1220866.5061380,1221070.5955826,204.0894446,0.042458,0
Relay A->Mercury,1223099.1780716,1223291.9834877,192.8054161,0.035905,0
Relay A->Mercury,1225314.5501937,1225498.4040109,183.8538172,0.026381,0
Relay A->Mercury,1227516.9624342,1227693.1809300,176.2184958,0.015295,0
Relay A->Mercury,1229710.2561320,1229879.9804298,169.7242978,0.003767,0
Relay A->Mercury,1231897.6413878,1232062.2539638,164.6125760,0.007495,0
Relay A->Mercury,1234081.8710061,1234243.1751238,161.3041177,0.017715,0
Relay A->Mercury,1236265.4467679,1236425.8188411,160.3720732,0.026342,0
Relay A->Mercury,1238450.7930473,1238613.4131480,162.6201007,0.032825,0
Relay A->Mercury,1240640.3951899,1240809.5428134,169.1476235,0.036547,0
Relay A->Mercury,1242836.9307061,1243018.1296920,181.1989858,0.036815,0
Relay A->Mercury,1245043.4305855,1245242.9112386,199.4806530,0.032966,0
Relay A->Mercury,1247263.4074270,1247486.1972510,222.7898240,0.024576,0
Relay A->Mercury,1249500.6054260,1249747.1933304,246.5879045,0.011873,0
Relay A->Mercury,1251757.7379261,1252021.0179285,263.2800024,0.003848,0
Relay A->Mercury,1254033.7894350,1254299.6944984,265.9050634,0.020059,0
Relay A->Mercury,1256321.0752946,1256574.8437942,253.7684996,0.033683,0
Relay A->Mercury,1258605.9537722,1258839.9186701,233.9648979,0.042157,0
Relay A->Mercury,1260875.4229163,1261090.5937620,215.1708457,0.044468,0
Relay A->Mercury,1263123.6100022,1263324.5769573,200.9669552,0.041187,0
Relay A->Mercury,1265351.5682429,1265541.9834353,190.4151924,0.033750,0
Relay A->Mercury,1267563.3174819,1267745.1641206,181.8466387,0.023717,0
Relay A->Mercury,1269763.1255919,1269937.6147748,174.4891829,0.012418,0
Relay A->Mercury,1271954.6688827,1272122.9765786,168.3076959,0.000884,0
Relay A->Mercury,1274141.0238165,1274304.6243690,163.6005526,0.010155,0
Relay A->Mercury,1276324.8622695,1276485.6854094,160.8231399,0.020026,0
Relay A->Mercury,1278508.6520852,1278669.2489821,160.5968969,0.028179,0
Relay A->Mercury,1280694.8208619,1280858.6178211,163.7969592,0.034037,0
Relay A->Mercury,1282885.8888317,1283057.4766566,171.5878248,0.036962,0
Relay A->Mercury,1285084.6051253,1285269.7764851,185.1713598,0.036266,0
Relay A->Mercury,1287294.1147918,1287499.0433947,204.9286029,0.031308,0
Relay A->Mercury,1289518.0388197,1289746.9690138,228.9301941,0.021787,0
Relay A->Mercury,1291760.0370575,1292011.7723237,251.7352662,0.008163,0
Relay A->Mercury,1294022.1969227,1294287.6186281,265.4217055,0.007949,0
Relay A->Mercury,1296302.0574979,1296566.1533433,264.0958455,0.023812,0
Relay A->Mercury,1298590.1412596,1298839.3132955,249.1720359,0.036345,0
Relay A->Mercury,1300872.1881582,1301101.1283520,228.9401939,0.043311,0
Relay A->Mercury,1303136.5796047,1303347.7744206,211.1948159,0.044126,0
Relay A->Mercury,1305379.4459518,1305577.5183028,198.0723510,0.039662,0
Relay A->Mercury,1307602.9529058,1307791.0954477,188.1425419,0.031436,0
Relay A->Mercury,1309811.3472675,1309991.2582835,179.9110160,0.020976,0
Relay A->Mercury,1312008.7790014,1312181.6103946,172.8313932,0.009538,0
Relay A->Mercury,1314198.7617038,1314365.7436217,166.9819179,0.002038,0
Relay A->Mercury,1316384.2510868,1316546.9585806,162.7074938,0.012749,0
Relay A->Mercury,1318567.8506879,1318728.3498718,160.4991839,0.022237,0
Relay A->Mercury,1320752.0045432,1320913.0372592,161.0327160,0.029875,0
Relay A->Mercury,1322939.1515425,1323104.4095825,165.2580400,0.035066,0
Relay A->Mercury,1325131.8550328,1325306.2459065,174.3908737,0.037157,0
Relay A->Mercury,1327332.9465545,1327522.4845501,189.5379956,0.035448,0
Relay A->Mercury,1329545.6922950,1329756.3506368,210.6583419,0.029359,0
Relay A->Mercury,1331773.7980775,1332008.8091005,235.0110230,0.018734,0
Relay A->Mercury,1334020.7414895,1334277.0496730,256.3081834,0.004293,0
Relay A->Mercury,1336287.7913836,1336554.3838576,266.5924740,0.012048,0
Relay A->Mercury,1338570.8635515,1338832.2671026,261.4035511,0.027357,0
Relay A->Mercury,1340858.8179728,1341103.0686742,244.2507014,0.038654,0
Relay A->Mercury,1343137.2838386,1343361.3874284,224.1035898,0.044074,0
Relay A->Mercury,1345396.3705751,1345603.8936738,207.5230987,0.043454,0
Relay A->Mercury,1347634.0724329,1347829.4463524,195.3739195,0.037901,0
Relay A->Mercury,1349853.4015123,1350039.3714372,185.9699249,0.028986,0
Relay A->Mercury,1352058.7003423,1352236.7442673,178.0439250,0.018180,0
Relay A->Mercury,1354253.9730316,1354425.2218333,171.2488017,0.006642,0
Relay A->Mercury,1356442.5774528,1356608.3306979,165.7532451,0.004747,0
Relay A->Mercury,1358627.3618623,1358789.3036181,161.9417558,0.015257,0
Relay A->Mercury,1360810.8734978,1360971.2174505,160.3439527,0.024335,0
Relay A->Mercury,1362995.5420998,1363157.2381617,161.6960618,0.031420,0
Relay A->Mercury,1365183.8256775,1365350.8493234,167.0236459,0.035902,0
Relay A->Mercury,1367378.3394519,1367555.9116136,177.5721617,0.037113,0
Relay A->Mercury,1369582.0084690,1369776.2970940,194.2886250,0.034359,0
Relay A->Mercury,1371798.2229420,1372014.8305985,216.6076565,0.027130,0
Relay A->Mercury,1374030.7357093,1374271.6487375,240.9130282,0.015440,0
Relay A->Mercury,1376282.7198457,1376542.9008001,260.1809545,0.000306,0
Relay A->Mercury,1378554.4182462,1378821.1774923,266.7592461,0.016082,0
Relay A->Mercury,1380839.9918259,1381097.9294716,257.9376457,0.030645,0
Relay A->Mercury,1383126.8805040,1383366.0400947,239.1595907,0.040588,0
Relay A->Mercury,1385401.1339580,1385620.6551620,219.5212040,0.044457,0
Relay A->Mercury,1387654.8106154,1387858.9482094,204.1375940,0.042473,0
Relay A->Mercury,1389887.5542871,1390080.3961164,192.8418293,0.035933,0
Relay A->Mercury,1392102.9821514,1392286.8662788,183.8841274,0.026421,0
Relay A->Mercury,1394305.4347521,1394481.6793996,176.2446475,0.015333,0
Relay A->Mercury,1396498.7558597,1396668.5018047,169.7459450,0.003765,0
Relay A->Mercury,1398686.1576482,1398850.7860771,164.6284289,0.007467,0
Relay A->Mercury,1400870.3942186,1401031.7065898,161.3123713,0.017670,0
Relay A->Mercury,1403053.9679343,1403214.3381833,160.3702490,0.026309,0
Relay A->Mercury,1405239.3031837,1405401.9078797,162.6046960,0.032806,0
Relay A->Mercury,1407428.8848556,1407597.9989551,169.1140995,0.036537,0
Relay A->Mercury,1409625.3894776,1409806.5325736,181.1430960,0.036821,0
Relay A->Mercury,1411831.8464156,1412031.2487055,199.4022899,0.032990,0
Relay A->Mercury,1414051.7665466,1414274.4654804,222.6989338,0.024614,0
Relay A->Mercury,1416288.8946971,1416535.4026622,246.5079651,0.011926,0
Relay A->Mercury,1418545.9521374,1418809.1933907,263.2412534,0.003778,0
Relay A->Mercury,1420821.9433049,1421087.8681072,265.9248023,0.020001,0
Relay A->Mercury,1423109.2105490,1423363.0439197,253.8333707,0.033641,0
Relay A->Mercury,1425394.1248416,1425628.1651796,234.0403380,0.042137,0
Relay A->Mercury,1427663.6668686,1427878.8989707,215.2321022,0.044471,0
Relay A->Mercury,1429911.9336640,1430112.9451524,201.0114884,0.041209,0
Relay A->Mercury,1432139.9598855,1432330.4095937,190.4497082,0.033781,0
Relay A->Mercury,1434351.7608403,1434533.6366926,181.8758523,0.023761,0
Relay A->Mercury,1436551.6058551,1436726.1201524,174.5142972,0.012468,0
Relay A->Mercury,1438743.1736819,1438911.5017236,168.3280418,0.001000,0
Relay A->Mercury,1440929.5426706,1441093.1573728,163.6147022,0.010132,0
Relay A->Mercury,1443113.3858045,1443274.2149540,160.8291495,0.019993,0
Relay A->Mercury,1445297.1713542,1445457.7634183,160.5920641,0.028152,0
Relay A->Mercury,1447483.3268105,1447647.1043032,163.7774928,0.034019,0
Relay A->Mercury,1449674.3718296,1449845.9208833,171.5490537,0.036961,0
Relay A->Mercury,1451873.0544027,1452058.1639999,185.1095972,0.036275,0
Relay A->Mercury,1454082.5178295,1454287.3635014,204.8456719,0.031332,0
Relay A->Mercury,1456306.3816324,1456535.2209793,228.8393469,0.021829,0
Relay A->Mercury,1458548.3075665,1458799.9704198,251.6628532,0.008219,0
Relay A->Mercury,1460810.3936857,1461075.7906150,265.3969293,0.007893,0
Relay A->Mercury,1463090.2018806,1463354.3312181,264.1293375,0.023758,0
Relay A->Mercury,1465378.2805184,1465627.5234393,249.2429209,0.036309,0
Relay A->Mercury,1467660.3751193,1467889.3886050,229.0134857,0.043296,0
Relay A->Mercury,1469924.8437923,1470136.0952820,211.2514896,0.044135,0
Relay A->Mercury,1472167.7879976,1472365.9017378,198.1137402,0.039685,0
Relay A->Mercury,1474391.3589407,1474579.5343953,188.1754546,0.031472,0
Relay A->Mercury,1476599.8011054,1476779.7403027,179.9391973,0.021023,0
Relay A->Mercury,1478797.2664455,1478970.1218687,172.8554232,0.009575,0
Relay A->Mercury,1480987.2709278,1481154.2718009,167.0008731,0.001912,0
Relay A->Mercury,1483172.7719566,1483335.4917775,162.7198210,0.012708,0
Relay A->Mercury,1485356.3739930,1485516.8767766,160.5027835,0.022213,0
Relay A->Mercury,1487540.5213555,1487701.5459942,161.0246387,0.029851,0
Relay A->Mercury,1489727.6527084,1489892.8869225,165.2342141,0.035051,0
Relay A->Mercury,1491920.3306979,1492094.6773027,174.3466048,0.037153,0
Relay A->Mercury,1494121.3855618,1494310.8560024,189.4704406,0.035463,0
Relay A->Mercury,1496334.0816582,1496544.6533095,210.5716512,0.029392,0
Relay A->Mercury,1498562.1237913,1498797.0456938,234.9219024,0.018784,0
Relay A->Mercury,1500808.9930795,1501065.2383057,256.2452261,0.004352,0
Relay A->Mercury,1503075.9719950,1503342.5544082,266.5824132,0.011985,0
Relay A->Mercury,1505359.0014874,1505620.4508919,261.4494045,0.027305,0
Relay A->Mercury,1507646.9646837,1507891.2899302,244.3252466,0.038621,0
Relay A->Mercury,1509925.4885441,1510149.6620859,224.1735418,0.044067,0
Relay A->Mercury,1512184.6549486,1512392.2303153,207.5753667,0.043467,0
Relay A->Mercury,1514422.4319416,1514617.8445681,195.4126265,0.037928,0
Relay A->Mercury,1516641.8209182,1516827.8223802,186.0014620,0.029025,0
Relay A->Mercury,1518847.1637784,1519025.2348796,178.0711012,0.018219,0
Relay A->Mercury,1521042.4669272,1521213.7386128,171.2716856,0.006709,0
Relay A->Mercury,1523231.0904769,1523396.8611900,165.7707131,0.004695,0
Relay A->Mercury,1525415.8841792,1525577.8363112,161.9521320,0.015215,0
Relay A->Mercury,1527599.3960217,1527759.7409829,160.3449612,0.024310,0
Relay A->Mercury,1529784.0558897,1529945.7403754,161.6844857,0.031402,0
Relay A->Mercury,1531972.3214527,1532139.3166105,166.9951577,0.035893,0
Relay A->Mercury,1534166.8070954,1534344.3292879,177.5221925,0.037113,0
Relay A->Mercury,1536370.4363979,1536564.6519018,194.2155039,0.034378,0
Relay A->Mercury,1538586.5977417,1538803.1159817,216.5182400,0.027163,0
Relay A->Mercury,1540819.0436238,1541059.8711003,240.8274765,0.015493,0
Relay A->Mercury,1543070.9526454,1543331.0818802,260.1292348,0.000372,0
Relay A->Mercury,1545342.5844599,1545609.3485960,266.7641361,0.016022,0
Relay A->Mercury,1547628.1266488,1547886.1206793,257.9940305,0.030599,0
Relay A->Mercury,1549915.0378681,1550154.2734421,239.2355740,0.040563,0
Relay A->Mercury,1552189.3577307,1552408.9447702,219.5870395,0.044454,0
Relay A->Mercury,1554443.1148032,1554647.3006037,204.1858006,0.042489,0
Relay A->Mercury,1556675.9302660,1556868.8085393,192.8782732,0.035964,0
Relay A->Mercury,1558891.4139329,1559075.3283879,183.9144549,0.026458,0
Relay A->Mercury,1561093.9069463,1561270.1777610,176.2708147,0.015381,0
Relay A->Mercury,1563287.2555073,1563457.0231184,169.7676110,0.003852,0
Relay A->Mercury,1565474.6738657,1565639.3181721,164.6443064,0.007417,0
Relay A->Mercury,1567658.9174222,1567820.2380792,161.3206570,0.017643,0
Relay A->Mercury,1569842.4891242,1570002.8575925,160.3684683,0.026287,0
Relay A->Mercury,1572027.8133775,1572190.4027270,162.5893495,0.032787,0
Relay A->Mercury,1574217.3746153,1574386.4552661,169.0806508,0.036531,0
Relay A->Mercury,1576413.8483838,1576594.9356772,181.0872934,0.036829,0
Relay A->Mercury,1578620.2624286,1578819.5864280,199.3239994,0.033010,0
Relay A->Mercury,1580840.1259021,1581062.7339562,222.6080542,0.024655,0
Relay A->Mercury,1583077.1842436,1583323.6121732,246.4279296,0.011982,0
Relay A->Mercury,1585334.1666144,1585597.3689200,263.2023056,0.003714,0
Relay A->Mercury,1587610.0973362,1587876.0416659,265.9443297,0.019943,0
Relay A->Mercury,1589897.3457705,1590151.2439057,253.8981352,0.033598,0
Relay A->Mercury,1592182.2956921,1592416.4114908,234.1157987,0.042117,0
Relay A->Mercury,1594451.9105226,1594667.2039491,215.2934265,0.044475,0
Relay A->Mercury,1596700.2570473,1596901.3131188,201.0560715,0.041229,0
Relay A->Mercury,1598928.3513068,1599118.8355571,190.4842503,0.033818,0
Relay A->Mercury,1601140.2040366,1601322.1091181,181.9050815,0.023797,0
Relay A->Mercury,1603340.0860060,1603514.6254331,174.5394270,0.012503,0
Relay A->Mercury,1605531.6784102,1605700.0268182,168.3484080,0.000974,0
Relay A->Mercury,1607718.0614907,1607881.6903688,163.6288781,0.010077,0
Relay A->Mercury,1609901.9093391,1610062.7445322,160.8351932,0.019959,0
Relay A->Mercury,1612085.6906556,1612246.2779328,160.5872772,0.028126,0
Relay A->Mercury,1614271.8328255,1614435.5909141,163.7580886,0.034003,0
Relay A->Mercury,1616462.8549310,1616634.3652934,171.5103624,0.036953,0
Relay A->Mercury,1618661.5038265,1618846.5517479,185.0479214,0.036285,0
Relay A->Mercury,1620870.9210635,1621075.6838666,204.7628031,0.031360,0
Relay A->Mercury,1623094.7246929,1623323.4731804,228.7484875,0.021871,0
Relay A->Mercury,1625336.5783550,1625588.1686696,251.5903146,0.008279,0
Relay A->Mercury,1627598.5906988,1627863.9626385,265.3719397,0.007830,0
Relay A->Mercury,1629878.3463825,1630142.5090173,264.1626348,0.023705,0
Relay A->Mercury,1632166.4196926,1632415.7334260,249.3137333,0.036271,0
Relay A->Mercury,1634448.5618302,1634677.6486491,229.0868189,0.043281,0
Relay A->Mercury,1636713.1076797,1636924.4159099,211.3082302,0.044142,0
Relay A->Mercury,1638956.1297776,1639154.2849501,198.1551726,0.039709,0
Relay A->Mercury,1641179.7647699,1641367.9731594,188.2083895,0.031507,0
Relay A->Mercury,1643388.2547942,1643568.2221881,179.9673939,0.021059,0
Relay A->Mercury,1645585.7537888,1645758.6332582,172.8794694,0.009624,0
Relay A->Mercury,1647775.7800907,1647942.7999405,167.0198498,0.001945,0
Relay A->Mercury,1649961.2928005,1650124.0249766,162.7321761,0.012672,0
Relay A->Mercury,1652144.8973058,1652305.4037257,160.5064199,0.022173,0
Relay A->Mercury,1654329.0382084,1654490.0548195,161.0166111,0.029827,0
Relay A->Mercury,1656516.1539499,1656681.3644046,165.2104547,0.035038,0
Relay A->Mercury,1658708.8064767,1658883.1088957,174.3024189,0.037153,0
Relay A->Mercury,1660909.8247269,1661099.2276975,189.4029706,0.035477,0
Relay A->Mercury,1663122.4712309,1663332.9562401,210.4850092,0.029423,0
Relay A->Mercury,1665350.4497637,1665585.2825071,234.8327434,0.018829,0
Relay A->Mercury,1667597.2449499,1667853.4270650,256.1821151,0.004418,0
Relay A->Mercury,1669864.1528338,1670130.7249655,266.5721316,0.011923,0
Relay A->Mercury,1672147.1394950,1672408.6345822,261.4950871,0.027254,0
Relay A->Mercury,1674435.1112601,1674679.5110141,244.3997540,0.038589,0
Relay A->Mercury,1676713.6929754,1676937.9365255,224.2435501,0.044057,0
Relay A->Mercury,1678972.9390248,1679180.5667228,207.6276979,0.043479,0
Relay A->Mercury,1681210.7911988,1681406.2425684,195.4513695,0.037958,0
Relay A->Mercury,1683430.2401332,1683616.2731513,186.0330181,0.029059,0
Relay A->Mercury,1685635.6270787,1685813.7253708,178.0982921,0.018263,0
Relay A->Mercury,1687830.9607321,1688002.2553195,171.2945874,0.006728,0
Relay A->Mercury,1690019.6034490,1690185.3916529,165.7882040,0.004662,0
Relay A->Mercury,1692204.4064790,1692366.3690170,161.9625380,0.015186,0
Relay A->Mercury,1694387.9185611,1694548.2645706,160.3460095,0.024275,0
Relay A->Mercury,1696572.5697285,1696734.2426919,161.6729634,0.031376,0
Relay A->Mercury,1698760.8173121,1698927.7840530,166.9667408,0.035881,0
Relay A->Mercury,1700955.2748631,1701132.7471718,177.4723086,0.037117,0
Relay A->Mercury,1703158.8644973,1703353.0069600,194.1424627,0.034394,0
Relay A->Mercury,1705374.9727637,1705591.4016191,216.4288554,0.027198,0
Relay A->Mercury,1707607.3518063,1707848.0936645,240.7418582,0.015545,0
Relay A->Mercury,1709859.1857208,1710119.2630576,260.0773368,0.000491,0
Relay A->Mercury,1712130.7508718,1712397.5196775,266.7688057,0.015961,0
Relay A->Mercury,1714416.2614921,1714674.3117665,258.0502744,0.030553,0
Relay A->Mercury,1716703.1950527,1716942.5066038,239.3115511,0.040537,0
Relay A->Mercury,1718977.5812138,1719197.2341536,219.6529398,0.044451,0
Relay A->Mercury,1721231.4187013,1721435.6527654,204.2340641,0.042508,0
Relay A->Mercury,1723464.3060085,1723657.2207562,192.9147477,0.035995,0
Relay A->Mercury,1725679.8455383,1725863.7903372,183.9447989,0.026500,0
Relay A->Mercury,1727882.3790168,1728058.6760134,176.2969966,0.015417,0
Relay A->Mercury,1730075.7550746,1730245.5443701,169.7892954,0.003850,0
Relay A->Mercury,1732263.1900402,1732427.8502485,164.6602082,0.007384,0
Relay A->Mercury,1734447.4406165,1734608.7695915,161.3289750,0.017600,0
Relay A->Mercury,1736631.0103382,1736791.3770684,160.3667302,0.026252,0
Relay A->Mercury,1738816.3236290,1738978.8976897,162.5740607,0.032767,0
Relay A->Mercury,1741005.8644689,1741174.9117466,169.0472777,0.036521,0
Relay A->Mercury,1743202.3074249,1743383.3390027,181.0315778,0.036833,0
Relay A->Mercury,1745408.6786247,1745607.9244062,199.2457814,0.033034,0
Relay A->Mercury,1747628.4854923,1747851.0026788,222.5171864,0.024695,0
Relay A->Mercury,1749865.4740657,1750111.8218633,246.3477976,0.012039,0
Relay A->Mercury,1752122.3813580,1752385.5445167,263.1631587,0.003656,0
Mercury->Relay B,525.8132550,733.7889391,207.9756842,0.043559,0
Mercury->Relay B,2764.1702639,2959.8769633,195.7066994,0.038141,0
Mercury->Relay B,4984.0218023,5170.2616867,186.2398844,0.029310,0
Mercury->Relay B,7189.7044476,7367.9811581,178.2767105,0.018550,0
Mercury->Relay B,9385.2424284,9556.6881100,171.4456816,0.007032,0
Mercury->Relay B,11574.0133814,11739.9181033,165.9047220,0.004379,0
Mercury->Relay B,13758.8788134,13920.9121245,162.0333111,0.014931,0
Mercury->Relay B,15942.3926755,16102.7483956,160.3557200,0.024075,0
Mercury->Relay B,18126.9861192,18288.5860034,161.5998843,0.031233,0
Mercury->Relay B,20315.1143006,20481.8958675,166.7815669,0.035804,0
Mercury->Relay B,22509.3852285,22686.5290695,177.1438410,0.037131,0
Mercury->Relay B,24712.7111713,24906.3696145,193.6584432,0.034517,0
Mercury->Relay B,26928.4661754,27144.2998165,215.8336411,0.027434,0
Mercury->Relay B,29160.3994449,29400.5684150,240.1689701,0.015883,0
Mercury->Relay B,31411.7308546,31671.4581929,259.7273383,0.000857,0
Mercury->Relay B,33682.8475589,33949.6440696,266.7965107,0.015561,0
Mercury->Relay B,35968.1423119,36226.5670575,258.4247456,0.030235,0
Mercury->Relay B,38255.2209643,38495.0408572,239.8198929,0.040358,0
Mercury->Relay B,40530.0492676,40750.1425661,220.0932984,0.044428,0
Mercury->Relay B,42784.4259845,42988.9802870,204.5543025,0.042617,0
Mercury->Relay B,45017.7957937,45210.9504663,193.1546726,0.036200,0
Mercury->Relay B,47233.7103530,47417.8540145,184.1436615,0.026762,0
Mercury->Relay B,49436.5151585,49612.9841253,176.4689667,0.015707,0
Mercury->Relay B,51630.0753356,51800.0079736,169.9326379,0.004167,0
Mercury->Relay B,53817.6213897,53982.3878995,164.7665098,0.007107,0
Mercury->Relay B,56001.9189581,56163.3051354,161.3861773,0.017368,0
Mercury->Relay B,58185.4756719,58345.8338245,160.3581526,0.026066,0
Mercury->Relay B,60370.7162000,60533.1922592,162.4760592,0.032638,0
Mercury->Relay B,62560.1215636,62728.9506596,168.8290961,0.036466,0
Mercury->Relay B,64756.3598009,64937.0238415,180.6640406,0.036873,0
Mercury->Relay B,66962.4461237,67161.1729106,198.7267869,0.033181,0
Mercury->Relay B,69181.8760849,69403.7874857,221.9114008,0.024957,0
Mercury->Relay B,71418.3990403,71664.2098979,245.8108575,0.012394,0
Mercury->Relay B,73674.8034886,73937.7015265,262.8980379,0.003263,0
Mercury->Relay B,75950.2654587,76216.3550349,266.0895762,0.019499,0
Mercury->Relay B,78237.3628448,78491.7569777,254.3941329,0.033269,0
Mercury->Relay B,80522.5815276,80757.2779478,234.6964202,0.041958,0
Mercury->Relay B,82792.7550224,83008.5195585,215.7645361,0.044491,0
Mercury->Relay B,85041.7163991,85243.1125733,201.3961742,0.041388,0
Mercury->Relay B,87270.3360990,87461.0819494,190.7458503,0.034073,0
Mercury->Relay B,89482.5885543,89664.7145535,182.1259992,0.024110,0
Mercury->Relay B,91682.7555665,91857.4855076,174.7299411,0.012840,0
Mercury->Relay B,93874.5373899,94043.0412399,168.5038500,0.001287,0
Mercury->Relay B,96061.0290903,96224.7675139,163.7384236,0.009774,0
Mercury->Relay B,98244.9135174,98405.7973989,160.8838816,0.019699,0
Mercury->Relay B,100428.6628495,100589.2170590,160.5542095,0.027921,0
Mercury->Relay B,102614.7037836,102778.3176624,163.6138787,0.033871,0
Mercury->Relay B,104805.5510641,104976.7696923,171.2186282,0.036918,0
Mercury->Relay B,107003.9428233,107188.5222071,184.5793839,0.036363,0
Mercury->Relay B,109213.0070466,109417.1369296,204.1298831,0.031563,0
Mercury->Relay B,111436.3500417,111664.4011439,228.0511022,0.022205,0
Mercury->Relay B,113677.6489984,113928.6789464,251.0299480,0.008710,0
Mercury->Relay B,115939.0926245,116204.2672478,265.1746233,0.007352,0
Mercury->Relay B,118218.4397565,118482.8540529,264.4142964,0.023283,0
Mercury->Relay B,120506.4655815,120756.3226343,249.8570528,0.035981,0
Mercury->Relay B,122788.9689361,123018.6201111,229.6511750,0.043168,0
Mercury->Relay B,125054.1080369,125265.8515779,211.7435410,0.044197,0
Mercury->Relay B,127297.7311803,127496.2017635,198.4705832,0.039896,0
Mercury->Relay B,129521.8608252,129710.3183762,188.4575510,0.031779,0
Mercury->Relay B,131730.7202734,131910.9008564,180.1805830,0.021383,0
Mercury->Relay B,133928.4787914,134101.5408043,173.0620129,0.009964,0
Mercury->Relay B,136118.6732396,136285.8382674,167.1650279,0.001648,0
Mercury->Relay B,138304.2760321,138467.1041781,162.8281460,0.012377,0
Mercury->Relay B,140487.8998929,140648.4368876,160.5369947,0.021924,0
Mercury->Relay B,142671.9917690,142832.9507354,160.9589665,0.029638,0
Mercury->Relay B,144858.9884993,145024.0215057,165.0330064,0.034927,0
Mercury->Relay B,147051.4467162,147225.4152333,173.9685171,0.037141,0
Mercury->Relay B,149252.1853577,149441.0750262,188.8896685,0.035583,0
Mercury->Relay B,151464.4527167,151674.2751824,209.8224657,0.029660,0
Mercury->Relay B,153691.9441184,153926.0916072,234.1474888,0.019190,0
Mercury->Relay B,155938.1700524,156193.8634313,255.6933789,0.004860,0
Mercury->Relay B,158204.5295087,158471.0172662,266.4877574,0.011456,0
Mercury->Relay B,160487.1813339,160749.0240191,261.8426852,0.026859,0
Mercury->Relay B,162775.2126409,163020.1848260,244.9721851,0.038342,0
Mercury->Relay B,165054.2359349,165279.0181493,224.7822144,0.043989,0
Mercury->Relay B,167314.0950395,167522.1235489,208.0285094,0.043570,0
Mercury->Relay B,169552.5275773,169748.2733058,195.7457285,0.038169,0
Mercury->Relay B,171772.4395443,171958.7111303,186.2715859,0.029349,0
Mercury->Relay B,173978.1666988,174156.4707102,178.3040113,0.018584,0
Mercury->Relay B,176173.7355365,176345.2042483,171.4687119,0.007060,0
Mercury->Relay B,178362.5259539,178528.4483355,165.9223816,0.004346,0
Mercury->Relay B,180547.4009784,180709.4449195,162.0439410,0.014904,0
Mercury->Relay B,182730.9153332,182891.2724015,160.3570683,0.024039,0
Mercury->Relay B,184915.5003310,185077.0891019,161.5887709,0.031206,0
Mercury->Relay B,187103.6108042,187270.3644994,166.7536952,0.035797,0
Mercury->Relay B,189297.8539432,189474.9485592,177.0946159,0.037133,0
Mercury->Relay B,191501.1405715,191694.7265941,193.5860226,0.034533,0
Mercury->Relay B,193716.8428992,193932.5874106,215.7445114,0.027470,0
Mercury->Relay B,195948.7096869,196188.7925385,240.0828516,0.015933,0
Mercury->Relay B,198199.9660574,198459.6401352,259.6740777,0.000886,0
Mercury->Relay B,200471.0155135,200737.8149940,266.7994804,0.015501,0
Mercury->Relay B,202756.2773398,203014.7572328,258.4798930,0.030187,0
Mercury->Relay B,205043.3767840,205283.2725998,239.8958158,0.040331,0
Mercury->Relay B,207318.2705232,207538.4302257,220.1597025,0.044425,0
Mercury->Relay B,209572.7276472,209777.3306612,204.6030140,0.042632,0
Mercury->Relay B,211806.1697084,211999.3610953,193.1913869,0.036230,0
Mercury->Relay B,214022.1405975,214206.3147322,184.1741347,0.026796,0
Mercury->Relay B,216224.9862739,216401.4815341,176.4952602,0.015747,0
Mercury->Relay B,218418.5742842,218588.5287439,169.9544597,0.004181,0
Mercury->Relay B,220606.1372329,220770.9198254,164.7825925,0.007073,0
Mercury->Relay B,222790.4420813,222951.8368169,161.3947356,0.017326,0
Mercury->Relay B,224973.9970666,225134.3538054,160.3567388,0.026032,0
Mercury->Relay B,227159.2268900,227321.6881016,162.4612117,0.032615,0
Mercury->Relay B,229348.6121327,229517.4084350,168.7963023,0.036461,0
Mercury->Relay B,231544.8198718,231725.4288670,180.6089952,0.036880,0
Mercury->Relay B,233750.8637174,233949.5128530,198.6491356,0.033204,0
Mercury->Relay B,235970.2374767,236192.0581094,221.8206327,0.024994,0
Mercury->Relay B,238206.6909791,238452.4209794,245.7300003,0.012452,0
Mercury->Relay B,240463.0202879,240725.8776566,262.8573687,0.003194,0
Mercury->Relay B,242738.4209203,243004.5281757,266.1072555,0.019443,0
Mercury->Relay B,245025.4978131,245279.9557644,254.4579513,0.033226,0
Mercury->Relay B,247310.7504925,247545.5225478,234.7720554,0.041937,0
Mercury->Relay B,249580.9960817,249796.8225416,215.8264599,0.044491,0
Mercury->Relay B,251830.0373491,252031.4785508,201.4412017,0.041408,0
Mercury->Relay B,254058.7255901,254249.5062090,190.7806189,0.034103,0
Mercury->Relay B,256271.0303355,256453.1856974,182.1553619,0.024148,0
Mercury->Relay B,258471.2347399,258645.9899417,174.7552018,0.012877,0
Mercury->Relay B,260663.0415045,260831.5658873,168.5243828,0.001394,0
Mercury->Relay B,262849.5476111,263013.3004307,163.7528195,0.009751,0
Mercury->Relay B,265033.4370426,265194.3272609,160.8902183,0.019663,0
Mercury->Relay B,267217.1824266,267377.7322458,160.5498192,0.027894,0
Mercury->Relay B,269403.2103702,269566.8053821,163.5950119,0.033857,0
Mercury->Relay B,271594.0350589,271765.2156857,171.1806269,0.036910,0
Mercury->Relay B,273792.3935093,273976.9119741,184.5184648,0.036370,0
Mercury->Relay B,276001.4119734,276205.4595393,204.0475659,0.031592,0
Mercury->Relay B,278224.6952461,278452.6553968,227.9601507,0.022250,0
Mercury->Relay B,280465.9222182,280716.8785511,250.9563329,0.008769,0
Mercury->Relay B,282727.2918259,282992.4396082,265.1477823,0.007293,0
Mercury->Relay B,285006.5853235,285271.0312120,264.4458885,0.023227,0
Mercury->Relay B,287294.6040465,287544.5312721,249.9272256,0.035943,0
Mercury->Relay B,289577.1534830,289806.8783506,229.7248676,0.043152,0
Mercury->Relay B,291842.3693084,292054.1701823,211.8008740,0.044204,0
Mercury->Relay B,294086.0706388,294284.5830363,198.5123975,0.039921,0
Mercury->Relay B,296310.2648576,296498.7555348,188.4906771,0.031816,0
Mercury->Relay B,298519.1726640,298699.3815705,180.2089064,0.021418,0
Mercury->Relay B,300716.9652535,300890.0514504,173.0861969,0.009991,0
Mercury->Relay B,302907.1818706,303074.3660535,167.1841829,0.001507,0
Mercury->Relay B,305092.7966505,305255.6373879,162.8407373,0.012341,0
Mercury->Relay B,307276.4232672,307436.9642140,160.5409467,0.021898,0
Mercury->Relay B,309460.5089699,309621.4603368,160.9513669,0.029615,0
Mercury->Relay B,311647.4903890,311812.5002128,165.0098238,0.034917,0
Mercury->Relay B,313839.9234747,314013.8485268,173.9250522,0.037140,0
Mercury->Relay B,316040.6258866,316229.4488240,188.8229375,0.035597,0
Mercury->Relay B,318252.8440968,318462.5803558,209.7362590,0.029690,0
Mercury->Relay B,320480.2723330,320714.3303441,234.0580111,0.019237,0
Mercury->Relay B,322726.4243602,322982.0533086,255.6289485,0.004922,0
Mercury->Relay B,324992.7123445,325259.1878995,266.4755549,0.011398,0
Mercury->Relay B,327275.3199960,327537.2068650,261.8868690,0.026809,0
Mercury->Relay B,329563.3580738,329808.4044267,245.0463529,0.038311,0
Mercury->Relay B,331842.4379927,332067.2907053,224.8527126,0.043978,0
Mercury->Relay B,334102.3765260,334310.4579242,208.0813982,0.043583,0
Mercury->Relay B,336340.8846372,336536.6694323,195.7847950,0.038196,0
Mercury->Relay B,338560.8570935,338747.1604005,186.3033071,0.029385,0
Mercury->Relay B,340766.6288122,340944.9601396,178.3313274,0.018632,0
Mercury->Relay B,342962.2285527,343133.7203122,171.4917595,0.007118,0
Mercury->Relay B,345151.0384732,345316.9785372,165.9400640,0.004300,0
Mercury->Relay B,347335.9231251,347497.9777256,162.0546005,0.014857,0
Mercury->Relay B,349519.4380051,349679.7964617,160.3584566,0.024015,0
Mercury->Relay B,351704.0145909,351865.5923017,161.5777109,0.031189,0
Mercury->Relay B,353892.1073910,354058.8332852,166.7258942,0.035782,0
Mercury->Relay B,356086.3227805,356263.3682572,177.0454767,0.037134,0
Mercury->Relay B,358289.5701402,358483.0838233,193.5136831,0.034553,0
Mercury->Relay B,360505.2198433,360720.8752598,215.6554165,0.027502,0
Mercury->Relay B,362737.0201958,362977.0168658,239.9966700,0.015981,0
Mercury->Relay B,364988.2015368,365247.8221785,259.6206417,0.000946,0
Mercury->Relay B,367259.1836709,367525.9858998,266.8022289,0.015443,0
Mercury->Relay B,369544.4123954,369802.9472903,258.5348949,0.030139,0
Mercury->Relay B,371831.5324296,372071.5041584,239.9717288,0.040305,0
Mercury->Relay B,374106.4914905,374326.7176615,220.2261710,0.044422,0
Mercury->Relay B,376361.0290192,376565.6808025,204.6517832,0.042649,0
Mercury->Relay B,378594.5433844,378787.7715174,193.2281330,0.036259,0
Mercury->Relay B,380810.5706638,380994.7752887,184.2046249,0.026839,0
Mercury->Relay B,383013.4572638,383189.9788326,176.5215688,0.015791,0
Mercury->Relay B,385207.0731512,385377.0494512,169.9763000,0.004255,0
Mercury->Relay B,387394.6530319,387559.4517316,164.7986996,0.007029,0
Mercury->Relay B,389578.9651946,389740.3685199,161.4033253,0.017296,0
Mercury->Relay B,391762.5184840,391922.8738514,160.3553674,0.026010,0
Mercury->Relay B,393947.7376364,394110.1840578,162.4464214,0.032598,0
Mercury->Relay B,396137.1027945,396305.8663782,168.7635837,0.036449,0
Mercury->Relay B,398333.2800761,398513.8341128,180.5540366,0.036884,0
Mercury->Relay B,400539.2814924,400737.8530504,198.5715580,0.033227,0
Mercury->Relay B,402758.5991021,402980.3289810,221.7298789,0.025035,0
Mercury->Relay B,404994.9831926,405240.6322430,245.6490505,0.012502,0
Mercury->Relay B,407251.2373551,407514.0538579,262.8165028,0.003124,0
Mercury->Relay B,409526.5765489,409792.7012702,266.1247213,0.019387,0
Mercury->Relay B,411813.6327564,412068.1544141,254.5216577,0.033184,0
Mercury->Relay B,414098.9192435,414333.7669512,234.8477077,0.041916,0
Mercury->Relay B,416369.2368437,416585.1252950,215.8884513,0.044493,0
Mercury->Relay B,418618.3580185,418819.8442990,201.4862804,0.041427,0
Mercury->Relay B,420847.1148578,421037.9302720,190.8154142,0.034138,0
Mercury->Relay B,423059.4719528,423241.6566933,182.1847405,0.024189,0
Mercury->Relay B,425259.7137994,425434.4942778,174.7804785,0.012926,0
Mercury->Relay B,427451.5455474,427620.0904826,168.5449352,0.001375,0
Mercury->Relay B,429638.0660967,429801.8333379,163.7672412,0.009696,0
Mercury->Relay B,431821.9605662,431982.8571552,160.8965890,0.019632,0
Mercury->Relay B,434005.7020348,434166.2475094,160.5454745,0.027868,0
Mercury->Relay B,436191.7170216,436355.2932285,163.5762069,0.033837,0
Mercury->Relay B,438382.5191556,438553.6618608,171.1427052,0.036909,0
Mercury->Relay B,440580.8443400,440765.3019723,184.4576323,0.036380,0
Mercury->Relay B,442789.8170947,442993.7824072,203.9653125,0.031616,0
Mercury->Relay B,445013.0406963,445240.9098870,227.8691907,0.022290,0
Mercury->Relay B,447254.1957175,447505.0783135,250.8825960,0.008828,0
Mercury->Relay B,449515.4912802,449780.6120094,265.1207292,0.007236,0
Mercury->Relay B,451794.7310160,452059.2082988,264.4772828,0.023172,0
Mercury->Relay B,454082.7424339,454332.7397555,249.9973216,0.035906,0
Mercury->Relay B,456365.3377839,456595.1363829,229.7985990,0.043137,0
Mercury->Relay B,458630.6302797,458842.4885539,211.8582742,0.044212,0
Mercury->Relay B,460874.4098293,461072.9640855,198.5542562,0.039945,0
Mercury->Relay B,463098.6686820,463287.1925081,188.5238261,0.031850,0
Mercury->Relay B,465307.6249040,465487.8621491,180.2372451,0.021463,0
Mercury->Relay B,467505.4516131,467678.5620102,173.1103971,0.010050,0
Mercury->Relay B,469695.6904391,469862.8937987,167.2033596,0.001554,0
Mercury->Relay B,471881.3172423,472044.1705984,162.8533561,0.012299,0
Mercury->Relay B,474064.9466480,474225.4915832,160.5449352,0.021860,0
Mercury->Relay B,476249.0262100,476409.9700269,160.9438169,0.029590,0
Mercury->Relay B,478435.9923526,478600.9790601,164.9867074,0.034899,0
Mercury->Relay B,480628.4003452,480802.2820152,173.8816700,0.037139,0
Mercury->Relay B,482829.0665721,483017.8228635,188.7562914,0.035612,0
Mercury->Relay B,485041.2356843,485250.8857874,209.6501031,0.029719,0
Mercury->Relay B,487268.6008047,487502.5693036,233.9684989,0.019287,0
Mercury->Relay B,489514.6789483,489770.2433165,255.5643682,0.004990,0
Mercury->Relay B,491780.8954114,492047.3585438,266.4631324,0.011337,0
Mercury->Relay B,494063.4587370,494325.3896152,261.9308782,0.026758,0
Mercury->Relay B,496351.5033792,496596.6238574,245.1204782,0.038277,0
Mercury->Relay B,498630.6397794,498855.5630447,224.9232652,0.043968,0
Mercury->Relay B,500890.6577147,501098.7920655,208.1343508,0.043594,0
Mercury->Relay B,503129.2414430,503325.0653423,195.8238993,0.038223,0
Mercury->Relay B,505349.2744497,505535.6094972,186.3350475,0.029422,0
Mercury->Relay B,507555.0907878,507733.4494461,178.3586583,0.018668,0
Mercury->Relay B,509750.7214769,509922.2363015,171.5148246,0.007146,0
Mercury->Relay B,511939.5509397,512105.5087086,165.9577689,0.004260,0
Mercury->Relay B,514124.4452535,514286.5105430,162.0652895,0.014832,0
Mercury->Relay B,516307.9606916,516468.3205756,160.3598840,0.023978,0
Mercury->Relay B,518492.5288984,518654.0956022,161.5667038,0.031162,0
Mercury->Relay B,520680.6040608,520847.3022248,166.6981640,0.035774,0
Mercury->Relay B,522874.7917403,523051.7881626,176.9964223,0.037138,0
Mercury->Relay B,525077.9998773,525271.4413017,193.4414244,0.034568,0
Mercury->Relay B,527293.5970081,527509.1633633,215.5663552,0.027538,0
Mercury->Relay B,529525.3309721,529765.2413975,239.9104254,0.016031,0
Mercury->Relay B,531776.4372932,532036.0043236,259.5670304,0.001031,0
Mercury->Relay B,534047.3520314,534314.1567873,266.8047559,0.015385,0
Mercury->Relay B,536332.5474793,536591.1372308,258.5897515,0.030092,0
Mercury->Relay B,538619.6879019,538859.7355329,240.0476310,0.040279,0
Mercury->Relay B,540894.7121700,541115.0048729,220.2927029,0.044417,0
Mercury->Relay B,543149.3301002,543354.0307111,204.7006109,0.042666,0
Mercury->Relay B,545382.9168218,545576.1817318,193.2649100,0.036292,0
Mercury->Relay B,547599.0005516,547783.2356843,184.2351327,0.026874,0
Mercury->Relay B,549801.9281281,549978.4760207,176.5478926,0.015832,0
Mercury->Relay B,551995.5719365,552165.5700954,169.9981589,0.004265,0
Mercury->Relay B,554183.1687869,554347.9836174,164.8148305,0.006990,0
Mercury->Relay B,556367.4882976,556528.9002446,161.4119470,0.017256,0
Mercury->Relay B,558551.0399240,558711.3939623,160.3540382,0.025974,0
Mercury->Relay B,560736.2484392,560898.6801277,162.4316885,0.032575,0
Mercury->Relay B,562925.5935489,563094.3244888,168.7309399,0.036444,0
Mercury->Relay B,565121.7404138,565302.2395788,180.4991651,0.036890,0
Mercury->Relay B,567327.6994482,567526.1935030,198.4940548,0.033246,0
Mercury->Relay B,569546.9609610,569768.6001004,221.6391394,0.025073,0
Mercury->Relay B,571783.2756809,572028.8436893,245.5680084,0.012553,0
Mercury->Relay B,574039.4546903,574302.2301310,262.7754407,0.003062,0
Mercury->Relay B,576314.7323457,576580.8743187,266.1419730,0.019329,0
Mercury->Relay B,578601.7676750,578856.3529271,254.5852520,0.033142,0
Mercury->Relay B,580887.0877811,581122.0111583,234.9233773,0.041896,0
Mercury->Relay B,583157.4773079,583373.4278189,215.9505110,0.044495,0
Mercury->Relay B,585406.6784073,585608.2098178,201.5314105,0.041449,0
Mercury->Relay B,587635.5039021,587826.3541378,190.8502357,0.034169,0
Mercury->Relay B,589847.9134055,590030.1275407,182.2141352,0.024228,0
Mercury->Relay B,592048.1927451,592222.9985157,174.8057706,0.012963,0
Mercury->Relay B,594240.0495182,594408.6150256,168.5655074,0.001464,0
Mercury->Relay B,596426.5845464,596590.3662354,163.7816889,0.009669,0
Mercury->Relay B,598610.4840873,598771.3870815,160.9029942,0.019594,0
Mercury->Relay B,600794.2216738,600954.7628497,160.5411758,0.027841,0
Mercury->Relay B,602980.2237381,603143.7812017,163.5574636,0.033823,0
Mercury->Relay B,605171.0033544,605342.1082169,171.1048625,0.036900,0
Mercury->Relay B,607369.2953149,607553.6922020,184.3968871,0.036390,0
Mercury->Relay B,609578.2224096,609782.1055332,203.8831236,0.031642,0
Mercury->Relay B,611801.3863920,612029.1646143,227.7782223,0.022332,0
Mercury->Relay B,614042.4694961,614293.2782339,250.8087378,0.008878,0
Mercury->Relay B,616303.6909875,616568.7844518,265.0934644,0.007177,0
Mercury->Relay B,618582.8768350,618847.3853141,264.5084791,0.023117,0
Mercury->Relay B,620870.8807446,621120.9480850,250.0673404,0.035869,0
Mercury->Relay B,623153.5218388,623383.3942081,229.8723693,0.043122,0
Mercury->Relay B,625418.8909503,625630.8066925,211.9157422,0.044217,0
Mercury->Relay B,627662.7487515,627861.3449105,198.5961590,0.039967,0
Mercury->Relay B,629887.0722979,630075.6292955,188.5569975,0.031884,0
Mercury->Relay B,632096.0769933,632276.3425921,180.2655988,0.021500,0
Mercury->Relay B,634293.9378699,634467.0724837,173.1346138,0.010076,0
Mercury->Relay B,636484.1989454,636651.4215022,167.2225568,0.001426,0
Mercury->Relay B,638669.8378068,638832.7038096,162.8660028,0.012267,0
Mercury->Relay B,640853.4700350,641014.0189949,160.5489600,0.021832,0
Mercury->Relay B,643037.5434893,643198.4798054,160.9363160,0.029566,0
Mercury->Relay B,645224.4943904,645389.4580473,164.9636569,0.034889,0
Mercury->Relay B,647416.8773280,647590.7156984,173.8383703,0.037136,0
Mercury->Relay B,649617.5074135,649806.1971439,188.6897304,0.035623,0
Mercury->Relay B,651829.6274787,652039.1914772,209.5639985,0.029751,0
Mercury->Relay B,654056.9295336,654290.8084856,233.8789520,0.019331,0
Mercury->Relay B,656302.9338168,656558.4334556,255.4996388,0.005040,0
Mercury->Relay B,658569.0787100,658835.5291995,266.4504895,0.011274,0
Mercury->Relay B,660851.5975577,661113.5722698,261.9747121,0.026705,0
Mercury->Relay B,663139.6485575,663384.8431183,245.1945608,0.038244,0
Mercury->Relay B,665418.8412954,665643.8351675,224.9938722,0.043959,0
Mercury->Relay B,667678.9386054,667887.1259729,208.1873674,0.043605,0
Mercury->Relay B,669917.5979952,670113.4610361,195.8630409,0.038252,0
Mercury->Relay B,672137.6916128,672324.0584203,186.3668075,0.029460,0
Mercury->Relay B,674343.5526253,674521.9386293,178.3860040,0.018714,0
Mercury->Relay B,676539.2143093,676710.7522160,171.5379066,0.007204,0
Mercury->Relay B,678728.0633527,678894.0388490,165.9754963,0.004223,0
Mercury->Relay B,680912.9673630,681075.0433711,162.0760081,0.014783,0
Mercury->Relay B,683096.4833924,683256.8447431,160.3613508,0.023955,0
Mercury->Relay B,685281.0432535,685442.5990037,161.5557501,0.031145,0
Mercury->Relay B,687469.1008135,687635.7713181,166.6705046,0.035759,0
Mercury->Relay B,689663.2608224,689840.2082759,176.9474535,0.037138,0
Mercury->Relay B,691866.4297827,692059.7990292,193.3692465,0.034586,0
Mercury->Relay B,694081.9743930,694297.4517220,215.4773290,0.027573,0
Mercury->Relay B,696313.6420151,696553.4661337,239.8241186,0.016084,0
Mercury->Relay B,698564.6733266,698824.1865708,259.5132442,0.001124,0
Mercury->Relay B,700835.5205950,701102.3276569,266.8070619,0.015327,0
Mercury->Relay B,703120.6825920,703379.3270541,258.6444621,0.030045,0
Mercury->Relay B,705407.8432010,705647.9667236,240.1235225,0.040252,0
Mercury->Relay B,707682.9325615,707903.2918607,220.3592992,0.044413,0
Mercury->Relay B,709937.6308900,710142.3803867,204.7494967,0.042680,0
Mercury->Relay B,712171.2900199,712364.5917391,193.3017192,0.036320,0
Mercury->Relay B,714387.4302610,714571.6959184,184.2656574,0.026914,0
Mercury->Relay B,716590.3988668,716766.9730979,176.5742311,0.015875,0
Mercury->Relay B,718784.0706400,718954.0906760,170.0200360,0.004342,0
Mercury->Relay B,720971.6844972,721136.5154830,164.8309858,0.006952,0
Mercury->Relay B,723156.0113901,723317.4319905,161.4206004,0.017223,0
Mercury->Relay B,725339.5613867,725499.9141382,160.3527515,0.025952,0
Mercury->Relay B,727524.7592982,727687.1763111,162.4170129,0.032559,0
Mercury->Relay B,729714.0843953,729882.7827667,168.6983714,0.036433,0
Mercury->Relay B,731910.2008847,732090.6452647,180.4443800,0.036896,0
Mercury->Relay B,734116.1175851,734314.5342106,198.4166255,0.033270,0
Mercury->Relay B,736335.3230528,736556.8714679,221.5484152,0.025110,0
Mercury->Relay B,738571.5684437,738817.0553187,245.4868751,0.012607,0
Mercury->Relay B,740827.6722938,741090.4064764,262.7341826,0.003007,0
Mercury->Relay B,743102.8883106,743369.0473219,266.1590114,0.019270,0
Mercury->Relay B,745389.9025704,745644.5513037,254.6487334,0.033099,0
Mercury->Relay B,747675.2561063,747910.2551693,234.9990630,0.041875,0
Mercury->Relay B,749945.7174748,750161.7301134,216.0126386,0.044496,0
Mercury->Relay B,752194.9985152,752396.5751070,201.5765917,0.041468,0
Mercury->Relay B,754423.8927227,754614.7778064,190.8850837,0.034202,0
Mercury->Relay B,756636.3546938,756818.5982393,182.2435455,0.024267,0
Mercury->Relay B,758836.6715769,759011.5026551,174.8310783,0.013012,0
Mercury->Relay B,761028.5534171,761197.1395165,168.5860994,0.001463,0
Mercury->Relay B,763215.1029607,763378.8991228,163.7961621,0.009619,0
Mercury->Relay B,765399.0076066,765559.9170395,160.9094329,0.019566,0
Mercury->Relay B,767582.7413439,767743.2782661,160.5369222,0.027814,0
Mercury->Relay B,769768.7305194,769932.2693013,163.5387819,0.033802,0
Mercury->Relay B,771959.4876550,772130.5547539,171.0670989,0.036898,0
Mercury->Relay B,774157.7464343,774342.0826632,184.3362288,0.036398,0
Mercury->Relay B,776366.6279184,776570.4289175,203.8009992,0.031670,0
Mercury->Relay B,778589.7323335,778817.4195789,227.6872454,0.022378,0
Mercury->Relay B,780830.7435540,781081.4783126,250.7347586,0.008933,0
Mercury->Relay B,783091.8909484,783356.9569362,265.0659878,0.007111,0
Mercury->Relay B,785371.0227810,785635.5622581,264.5394771,0.023063,0
Mercury->Relay B,787659.0189790,787909.1562604,250.1372814,0.035831,0
Mercury->Relay B,789941.7056483,790171.6518260,229.9461777,0.043108,0
Mercury->Relay B,792207.1513203,792419.1245981,211.9732778,0.044224,0
Mercury->Relay B,794451.0874053,794649.7255117,198.6381063,0.039992,0
Mercury->Relay B,796675.4757057,796864.0658969,188.5901911,0.031921,0
Mercury->Relay B,798884.5289315,799064.8228990,180.2939675,0.021544,0
Mercury->Relay B,801082.4240237,801255.5828706,173.1588469,0.010135,0
Mercury->Relay B,803272.7073890,803439.9491645,167.2417755,0.001461,0
Mercury->Relay B,805458.3583444,805621.2370211,162.8786767,0.012222,0
Mercury->Relay B,807641.9934276,807802.5464495,160.5530219,0.021796,0
Mercury->Relay B,809826.0608078,809986.9896721,160.9288642,0.029541,0
Mercury->Relay B,812012.9965016,812177.9371742,164.9406726,0.034870,0
Mercury->Relay B,814205.3544227,814379.1495758,173.7951531,0.037136,0
Mercury->Relay B,816405.9484111,816594.5716656,188.6232545,0.035639,0
Mercury->Relay B,818618.0194801,818827.4974252,209.4779451,0.029780,0
Mercury->Relay B,820845.2585195,821079.0478908,233.7893713,0.019376,0
Mercury->Relay B,823091.1889657,823346.6237260,255.4347603,0.005093,0
Mercury->Relay B,825357.2622408,825623.6998667,266.4376259,0.011212,0
Mercury->Relay B,827639.7364587,827901.7548293,262.0183706,0.026653,0
Mercury->Relay B,829927.7936095,830173.0622095,245.2686000,0.038212,0
Mercury->Relay B,832207.0425409,832432.1070741,225.0645332,0.043951,0
Mercury->Relay B,834467.2191979,834675.4596461,208.2404482,0.043617,0
Mercury->Relay B,836705.9542929,836901.8565131,195.9022202,0.038277,0
Mercury->Relay B,838926.1085824,839112.5071694,186.3985870,0.029495,0
Mercury->Relay B,841132.0143248,841310.4276892,178.4133644,0.018752,0
Mercury->Relay B,843327.7070493,843499.2680558,171.5610065,0.007231,0
Mercury->Relay B,845516.5757123,845682.5689586,165.9932463,0.004175,0
Mercury->Relay B,847701.4894539,847863.5762099,162.0867560,0.014756,0
Mercury->Relay B,849885.0061074,850045.3689641,160.3628566,0.023917,0
Mercury->Relay B,852069.5576562,852231.1025056,161.5448494,0.031117,0
Mercury->Relay B,854257.5976492,854424.2405645,166.6429152,0.035750,0
Mercury->Relay B,856451.7300268,856628.6285969,176.8985701,0.037143,0
Mercury->Relay B,858654.8598565,858848.1570061,193.2971497,0.034605,0
Mercury->Relay B,860870.3519977,861085.7403358,215.3883381,0.027605,0
Mercury->Relay B,863101.9533249,863341.6910750,239.7377501,0.016132,0
Mercury->Relay B,865352.9096371,865612.3689207,259.4592836,0.001140,0
Mercury->Relay B,867623.6893626,867890.4985090,266.8091464,0.015265,0
Mercury->Relay B,869908.8177348,870167.5167607,258.6990259,0.029999,0
Mercury->Relay B,872195.9983283,872436.1977309,240.1994026,0.040224,0
Mercury->Relay B,874471.1526657,874691.5786244,220.4259586,0.044410,0
Mercury->Relay B,876725.9313887,876930.7298292,204.7984405,0.042697,0
Mercury->Relay B,878959.6629790,879153.0015386,193.3385596,0.036350,0
Mercury->Relay B,881175.8597916,881360.1559912,184.2961996,0.026951,0
Mercury->Relay B,883378.8694795,883555.4700643,176.6005847,0.015917,0
Mercury->Relay B,885572.5692614,885742.6111931,170.0419316,0.004350,0
Mercury->Relay B,887760.2001630,887925.0473281,164.8471651,0.006908,0
Mercury->Relay B,889944.5344721,890105.9637576,161.4292855,0.017187,0
Mercury->Relay B,892128.0828716,892288.4343787,160.3515072,0.025917,0
Mercury->Relay B,894313.2702130,894475.6726078,162.4023948,0.032536,0
Mercury->Relay B,896502.5753340,896671.2412115,168.6658776,0.036426,0
Mercury->Relay B,898698.6614884,898879.0511707,180.3896823,0.036901,0
Mercury->Relay B,900904.5359024,901102.8751730,198.3392706,0.033291,0
Mercury->Relay B,903123.6853777,903345.1430835,221.4577057,0.025150,0
Mercury->Relay B,905359.8614811,905605.2671314,245.4056504,0.012664,0
Mercury->Relay B,907615.8901657,907878.5828944,262.6927288,0.002959,0
Mercury->Relay B,909891.0444444,910157.2202798,266.1758354,0.019212,0
Mercury->Relay B,912178.0374430,912432.7495440,254.7121010,0.033055,0
Mercury->Relay B,914463.4242190,914698.4989845,235.0747654,0.041853,0
Mercury->Relay B,916733.9573447,916950.0321783,216.0748336,0.044497,0
Mercury->Relay B,918983.3183421,919184.9401666,201.6218245,0.041487,0
Mercury->Relay B,921212.2813193,921403.2012779,190.9199586,0.034236,0
Mercury->Relay B,923424.7958175,923607.0687891,182.2729716,0.024309,0
Mercury->Relay B,925625.1502942,925800.0066956,174.8564014,0.013048,0
Mercury->Relay B,927817.0572439,927985.6639549,168.6067109,0.001536,0
Mercury->Relay B,930003.6213390,930167.4320005,163.8106616,0.009588,0
Mercury->Relay B,932187.5311235,932348.4470295,160.9159060,0.019526,0
Mercury->Relay B,934371.2610441,934531.7937590,160.5327148,0.027788,0
Mercury->Relay B,936557.2373656,936720.7575270,163.5201614,0.033789,0
Mercury->Relay B,938747.9720577,938919.0014716,171.0294139,0.036890,0
Mercury->Relay B,940946.1976980,941130.4733552,184.2756572,0.036410,0
Mercury->Relay B,943155.0336207,943358.7525595,203.7189388,0.031693,0
Mercury->Relay B,945378.0785204,945605.6747810,227.5962605,0.022418,0
Mercury->Relay B,947619.0178913,947869.6785506,250.6606593,0.008991,0
Mercury->Relay B,949880.0911628,950145.1294628,265.0383000,0.007047,0
Mercury->Relay B,952159.1688546,952423.7391311,264.5702765,0.023009,0
Mercury->Relay B,954447.1571382,954697.3642820,250.2071438,0.035792,0
Mercury->Relay B,956729.8892127,956959.9092373,230.0200245,0.043091,0
Mercury->Relay B,958995.4113902,959207.4422711,212.0308809,0.044231,0
Mercury->Relay B,961239.4257909,961438.1058890,198.6800981,0.040016,0
Mercury->Relay B,963463.8789047,963652.5023125,188.6234078,0.031954,0
Mercury->Relay B,965672.9807185,965853.3030697,180.3223512,0.021582,0
Mercury->Relay B,967870.9100746,968044.0931710,173.1830964,0.010162,0
Mercury->Relay B,970061.2157699,970228.4767848,167.2610149,0.001348,0
Mercury->Relay B,972246.8788546,972409.7702330,162.8913784,0.012194,0
Mercury->Relay B,974430.5168265,974591.0739464,160.5571198,0.021766,0
Mercury->Relay B,976614.5781652,976775.4996270,160.9214618,0.029517,0
Mercury->Relay B,978801.4986867,978966.4164406,164.9177539,0.034860,0
Mercury->Relay B,980993.8316289,981167.5836476,173.7520187,0.037132,0
Mercury->Relay B,983194.3895644,983382.9464282,188.5568638,0.035650,0
Mercury->Relay B,985406.4116880,985615.8036314,209.3919435,0.029809,0
Mercury->Relay B,987633.5877622,987867.2875191,233.6997569,0.019424,0
Mercury->Relay B,989879.4443952,990134.8141283,255.3697331,0.005151,0
Mercury->Relay B,992145.4460040,992411.8705462,266.4245422,0.011152,0
Mercury->Relay B,994427.8754410,994689.9372941,262.0618532,0.026601,0
Mercury->Relay B,996715.9385360,996961.2811316,245.3425956,0.038179,0
Mercury->Relay B,998995.2435166,999220.3787647,225.1352482,0.043940,0
Mercury->Relay B,1001255.4994925,1001463.7930855,208.2935929,0.043629,0
Mercury->Relay B,1003494.3103360,1003690.2517735,195.9414375,0.038304,0
Mercury->Relay B,1005714.5253586,1005900.9557441,186.4303856,0.029535,0
Mercury->Relay B,1007920.4758860,1008098.9166256,178.4407396,0.018796,0
Mercury->Relay B,1010116.1996969,1010287.7838203,171.5841234,0.007290,0
Mercury->Relay B,1012305.0880185,1012471.0990373,166.0110188,0.004146,0
Mercury->Relay B,1014490.0115258,1014652.1090595,162.0975337,0.014710,0
Mercury->Relay B,1016673.5288364,1016833.8932384,160.3644021,0.023892,0
Mercury->Relay B,1018858.0721062,1019019.6061078,161.5340016,0.031100,0
Mercury->Relay B,1021046.0945674,1021212.7099639,166.6153965,0.035736,0
Mercury->Relay B,1023240.1993533,1023417.0491248,176.8497715,0.037141,0
Mercury->Relay B,1025443.2900978,1025636.5152317,193.2251339,0.034620,0
Mercury->Relay B,1027658.7298225,1027874.0292045,215.2993820,0.027641,0
Mercury->Relay B,1029890.2649015,1030129.9162213,239.6513197,0.016180,0
Mercury->Relay B,1032141.1462246,1032400.5513738,259.4051492,0.001182,0
Mercury->Relay B,1034411.8583347,1034678.6693443,266.8110096,0.015205,0
Mercury->Relay B,1036696.9529079,1036955.7063509,258.7534430,0.029951,0
Mercury->Relay B,1038984.1532837,1039224.4285547,240.2752709,0.040197,0
Mercury->Relay B,1041259.3724827,1041479.8651644,220.4926817,0.044406,0
Mercury->Relay B,1043514.2315959,1043719.0790390,204.8474431,0.042713,0
Mercury->Relay B,1045748.0356983,1045941.4111305,193.3754323,0.036381,0
Mercury->Relay B,1047964.2891432,1048148.6159023,184.3267591,0.026990,0
Mercury->Relay B,1050167.3399662,1050343.9669198,176.6269536,0.015959,0
Mercury->Relay B,1052361.0678009,1052531.1316465,170.0638456,0.004430,0
Mercury->Relay B,1054548.7157844,1054713.5791527,164.8633683,0.006875,0
Mercury->Relay B,1056733.0575436,1056894.4955457,161.4380021,0.017151,0
Mercury->Relay B,1058916.6043788,1059076.9546839,160.3503051,0.025893,0
Mercury->Relay B,1061101.7811838,1061264.1690174,162.3878336,0.032519,0
Mercury->Relay B,1063291.0663646,1063459.6998235,168.6334589,0.036416,0
Mercury->Relay B,1065487.1222249,1065667.4572960,180.3350711,0.036909,0
Mercury->Relay B,1067692.9544004,1067891.2163900,198.2619896,0.033312,0
Mercury->Relay B,1069912.0479354,1070133.4149474,221.3670120,0.025189,0
Mercury->Relay B,1072148.1547927,1072393.4791280,245.3243353,0.012714,0
Mercury->Relay B,1074404.1083061,1074666.7593855,262.6510794,0.002894,0
Mercury->Relay B,1076679.2007478,1076945.3931931,266.1924453,0.019155,0
Mercury->Relay B,1078966.1722938,1079220.9476484,254.7753546,0.033012,0
Mercury->Relay B,1081251.5921203,1081486.7426034,235.1504831,0.041831,0
Mercury->Relay B,1083522.1969169,1083738.3340138,216.1370969,0.044499,0
Mercury->Relay B,1085771.6378878,1085973.3049968,201.6671090,0.041509,0
Mercury->Relay B,1088000.6696914,1088191.6245517,190.9548602,0.034266,0
Mercury->Relay B,1090213.2367760,1090395.5391899,182.3024139,0.024346,0
Mercury->Relay B,1092413.6288973,1092588.5106374,174.8817401,0.013098,0
Mercury->Relay B,1094605.5609983,1094774.1883403,168.6273420,0.001552,0
Mercury->Relay B,1096792.1396815,1096955.9648677,163.8251863,0.009542,0
Mercury->Relay B,1098976.0546380,1099136.9770507,160.9224126,0.019500,0
Mercury->Relay B,1101159.7807752,1101320.3093280,160.5285528,0.027760,0
Mercury->Relay B,1103345.7442762,1103509.2458788,163.5016026,0.033768,0
Mercury->Relay B,1105536.4565617,1105707.4483699,170.9918082,0.036886,0
Mercury->Relay B,1107734.6491054,1107918.8642782,184.2151728,0.036416,0
Mercury->Relay B,1109943.4395162,1110147.0764598,203.6369436,0.031720,0
Mercury->Relay B,1112166.4249526,1112393.9302210,227.5052683,0.022460,0
Mercury->Relay B,1114407.2925078,1114657.8789476,250.5864398,0.009052,0
Mercury->Relay B,1116668.2916313,1116933.3020319,265.0104005,0.006987,0
Mercury->Relay B,1118947.3150564,1119211.9159333,264.6008768,0.022955,0
Mercury->Relay B,1121235.2952231,1121485.5721503,250.2769272,0.035753,0
Mercury->Relay B,1123518.0725325,1123748.1664416,230.0939090,0.043075,0
Mercury->Relay B,1125783.6711594,1125995.7597111,212.0885518,0.044237,0
Mercury->Relay B,1128027.7639076,1128226.4860419,198.7221344,0.040038,0
Mercury->Relay B,1130252.2818948,1130440.9385418,188.6566470,0.031992,0
Mercury->Relay B,1132461.4323539,1132641.7831041,180.3507502,0.021624,0
Mercury->Relay B,1134659.3960222,1134832.6033841,173.2073619,0.010220,0
Mercury->Relay B,1136849.7240881,1137017.0043634,167.2802753,0.001367,0
Mercury->Relay B,1139035.3993374,1139198.3034450,162.9041076,0.012146,0
Mercury->Relay B,1141219.0402311,1141379.6014854,160.5612543,0.021732,0
Mercury->Relay B,1143403.0955614,1143564.0096699,160.9141085,0.029492,0
Mercury->Relay B,1145590.0009450,1145754.8958465,164.8949015,0.034841,0
Mercury->Relay B,1147782.3089467,1147956.0179135,173.7089667,0.037134,0
Mercury->Relay B,1149982.8308731,1150171.3214315,188.4905584,0.035663,0
Mercury->Relay B,1152194.8041025,1152404.1100959,209.3059933,0.029842,0
Mercury->Relay B,1154421.9172615,1154655.5273708,233.6101093,0.019472,0
Mercury->Relay B,1156667.7001051,1156923.0046629,255.3045578,0.005216,0
Mercury->Relay B,1158933.6300002,1159200.0412384,266.4112382,0.011094,0
Mercury->Relay B,1161216.0145048,1161478.1196645,262.1051598,0.026550,0
Mercury->Relay B,1163504.0833379,1163749.4998845,245.4165466,0.038148,0
Mercury->Relay B,1165783.4442223,1166008.6502389,225.2060165,0.043930,0
Mercury->Relay B,1168043.7794889,1168252.1262904,208.3468015,0.043639,0
Mercury->Relay B,1170282.6661247,1170478.6468171,195.9806924,0.038333,0
Mercury->Relay B,1172502.9419407,1172689.4041449,186.4622042,0.029568,0
Mercury->Relay B,1174708.9373084,1174887.4054383,178.4681299,0.018836,0
Mercury->Relay B,1176904.6922520,1177076.2995094,171.6072574,0.007316,0
Mercury->Relay B,1179093.6002709,1179259.6290845,166.0288136,0.004090,0
Mercury->Relay B,1181278.5335785,1181440.6419195,162.1083410,0.014680,0
Mercury->Relay B,1183462.0515794,1183622.4175659,160.3659866,0.023856,0
Mercury->Relay B,1185646.5866035,1185808.1098105,161.5232069,0.031073,0
Mercury->Relay B,1187834.5915684,1188001.1795164,166.5879481,0.035727,0
Mercury->Relay B,1190028.6688017,1190205.4698602,176.8010585,0.037145,0
Mercury->Relay B,1192231.7205070,1192424.8737065,193.1531994,0.034639,0
Mercury->Relay B,1194447.1078671,1194662.3183283,215.2104611,0.027676,0
Mercury->Relay B,1196678.5767447,1196918.1415731,239.5648284,0.016231,0
Mercury->Relay B,1198929.3830894,1199188.7339302,259.3508408,0.001245,0
Mercury->Relay B,1201200.0275115,1201466.8401629,266.8126514,0.015145,0
Mercury->Relay B,1203485.0881127,1203743.8958250,258.8077123,0.029902,0
Mercury->Relay B,1205772.3080684,1206012.6591953,240.3511269,0.040170,0
Mercury->Relay B,1208047.5920123,1208268.1514808,220.5594685,0.044401,0
Mercury->Relay B,1210302.5315117,1210507.4280156,204.8965039,0.042728,0
Mercury->Relay B,1212536.4081780,1212729.8205146,193.4123366,0.036409,0
Mercury->Relay B,1214752.7183157,1214937.0756513,184.3573356,0.027030,0
Mercury->Relay B,1216955.8103265,1217132.4636639,176.6533375,0.016002,0
Mercury->Relay B,1219149.5662578,1219319.6520358,170.0857780,0.004435,0
Mercury->Relay B,1221337.2313610,1221502.1109565,164.8795955,0.006826,0
Mercury->Relay B,1223521.5806042,1223683.0273548,161.4467506,0.017117,0
Mercury->Relay B,1225705.1259083,1225865.4750534,160.3491452,0.025860,0
Mercury->Relay B,1227890.2922105,1228052.6655399,162.3733294,0.032496,0
Mercury->Relay B,1230079.5574874,1230248.1586019,168.6011145,0.036409,0
Mercury->Relay B,1232275.5830940,1232455.8636409,180.2805469,0.036911,0
Mercury->Relay B,1234481.3730785,1234679.5578622,198.1847837,0.033336,0
Mercury->Relay B,1236700.4107257,1236921.6870595,221.2763338,0.025226,0
Mercury->Relay B,1238936.4483787,1239181.6913086,245.2429299,0.012765,0
Mercury->Relay B,1241192.3267151,1241454.9359499,262.6092348,0.002822,0
Mercury->Relay B,1243467.3572212,1243733.5660619,266.2088406,0.019098,0
Mercury->Relay B,1245754.3071231,1246009.1456171,254.8384941,0.032969,0
Mercury->Relay B,1248039.7598103,1248274.9860271,235.2262168,0.041810,0
Mercury->Relay B,1250310.4361924,1250526.6356202,216.1994278,0.044502,0
Mercury->Relay B,1252559.9571520,1252761.6695973,201.7124453,0.041528,0
Mercury->Relay B,1254789.0578395,1254980.0476280,190.9897885,0.034301,0
Mercury->Relay B,1257001.6775697,1257184.0094415,182.3318717,0.024390,0
Mercury->Relay B,1259202.1073858,1259377.0144802,174.9070945,0.013133,0
Mercury->Relay B,1261394.0646802,1261562.7126731,168.6479928,0.001610,0
Mercury->Relay B,1263580.6579880,1263744.4977249,163.8397369,0.009507,0
Mercury->Relay B,1265764.5781499,1265925.5071036,160.9289536,0.019458,0
Mercury->Relay B,1267948.3005365,1268108.8249727,160.5244362,0.027735,0
Mercury->Relay B,1270134.2512513,1270297.7343565,163.4831052,0.033754,0
Mercury->Relay B,1272324.9411675,1272495.8954486,170.9542811,0.036879,0
Mercury->Relay B,1274523.1006569,1274707.2554320,184.1547751,0.036427,0
Mercury->Relay B,1276731.8456050,1276935.4006180,203.5550129,0.031746,0
Mercury->Relay B,1278954.7716297,1279182.1858989,227.4142692,0.022504,0
Mercury->Relay B,1281195.5674034,1281446.0795041,250.5121007,0.009102,0
Mercury->Relay B,1283456.4923540,1283721.4746443,264.9822903,0.006929,0
Mercury->Relay B,1285735.4613875,1286000.0926656,264.6312780,0.022898,0
Mercury->Relay B,1288023.4332341,1288273.7798654,250.3466313,0.035715,0
Mercury->Relay B,1290306.2556082,1290536.4234394,230.1678312,0.043060,0
Mercury->Relay B,1292571.9306279,1292784.0769182,212.1462903,0.044243,0
Mercury->Relay B,1294816.1017553,1295014.8659707,198.7642155,0.040064,0
Mercury->Relay B,1297040.6846761,1297229.3745846,188.6899085,0.032023,0
Mercury->Relay B,1299249.8838378,1299430.2630020,180.3791642,0.021665,0
Mercury->Relay B,1301447.8818666,1301621.1135105,173.2316439,0.010248,0
Mercury->Relay B,1303638.2323431,1303805.5319000,167.2995570,0.001271,0
Mercury->Relay B,1305823.9197928,1305986.8366569,162.9168642,0.012121,0
Mercury->Relay B,1308007.5636412,1308168.1290666,160.5654254,0.021700,0
Mercury->Relay B,1310191.6129965,1310352.5198008,160.9068043,0.029467,0
Mercury->Relay B,1312378.5032767,1312543.3753916,164.8721149,0.034831,0
Mercury->Relay B,1314570.7863761,1314744.4523731,173.6659970,0.037128,0
Mercury->Relay B,1316771.2723376,1316959.6966754,188.4243379,0.035678,0
Mercury->Relay B,1318983.1967233,1319192.4168185,209.2200952,0.029870,0
Mercury->Relay B,1321210.2470173,1321443.7674464,233.5204291,0.019515,0
Mercury->Relay B,1323455.9560953,1323711.1953303,255.2392349,0.005277,0
Mercury->Relay B,1325721.8142296,1325988.2119435,266.3977139,0.011036,0
Mercury->Relay B,1328004.1536511,1328266.3019408,262.1482897,0.026499,0
Mercury->Relay B,1330292.2280155,1330537.7184683,245.4904528,0.038115,0
Mercury->Relay B,1332571.6446584,1332796.9214972,225.2768388,0.043920,0
Mercury->Relay B,1334832.0591868,1335040.4592615,208.4000747,0.043651,0
Mercury->Relay B,1337071.0216583,1337267.0416437,196.0199854,0.038358,0
Mercury->Relay B,1339291.3583289,1339477.8523711,186.4940422,0.029608,0
Mercury->Relay B,1341497.3985921,1341675.8941270,178.4955349,0.018879,0
Mercury->Relay B,1343693.1847144,1343864.8151232,171.6304088,0.007376,0
Mercury->Relay B,1345882.1124696,1346048.1591007,166.0466311,0.004070,0
Mercury->Relay B,1348067.0556124,1348229.1747898,162.1191773,0.014637,0
Mercury->Relay B,1350250.5743362,1350410.9419464,160.3676102,0.023830,0
Mercury->Relay B,1352435.1011478,1352596.6136130,161.5124652,0.031055,0
Mercury->Relay B,1354623.0886515,1354789.6492218,166.5605702,0.035713,0
Mercury->Relay B,1356817.1383718,1356993.8908023,176.7524304,0.037145,0
Mercury->Relay B,1359020.1510836,1359213.2324299,193.0813463,0.034655,0
Mercury->Relay B,1361235.4861308,1361450.6077074,215.1215765,0.027708,0
Mercury->Relay B,1363466.8888541,1363706.3671306,239.4782765,0.016284,0
Mercury->Relay B,1365717.6202315,1365976.9165906,259.2963591,0.001329,0
Mercury->Relay B,1367988.1968938,1368255.0109655,266.8140717,0.015086,0
Mercury->Relay B,1370273.2233492,1370532.0851833,258.8618340,0.029854,0
Mercury->Relay B,1372560.4626828,1372800.8896531,240.4269702,0.040144,0
Mercury->Relay B,1374835.8112551,1375056.4375736,220.6263185,0.044396,0
Mercury->Relay B,1377090.8311359,1377295.7767593,204.9456234,0.042744,0
Mercury->Relay B,1379324.7804178,1379518.2296907,193.4492729,0.036441,0
Mercury->Relay B,1381541.1473085,1381725.5352386,184.3879302,0.027066,0
Mercury->Relay B,1383744.2805604,1383920.9602965,176.6797361,0.016043,0
Mercury->Relay B,1385938.0646323,1386108.1723613,170.1077290,0.004517,0
Mercury->Relay B,1388125.7468926,1388290.6427397,164.8958471,0.006799,0
Mercury->Relay B,1390310.1036540,1390471.5591844,161.4555304,0.017079,0
Mercury->Relay B,1392493.6474596,1392653.9954873,160.3480277,0.025835,0
Mercury->Relay B,1394678.8032929,1394841.1621751,162.3588822,0.032479,0
Mercury->Relay B,1396868.0487016,1397036.6175467,168.5688450,0.036399,0
Mercury->Relay B,1399064.0440954,1399244.2702051,180.2261097,0.036919,0
Mercury->Relay B,1401269.7919365,1401467.8995887,198.1076522,0.033354,0
Mercury->Relay B,1403488.7737485,1403709.9594203,221.1856718,0.025265,0
Mercury->Relay B,1405724.7422389,1405969.9036738,245.1614349,0.012819,0
Mercury->Relay B,1407980.5453931,1408243.1125885,262.5671954,0.002759,0
Mercury->Relay B,1410255.5138651,1410521.7388870,266.2250218,0.019042,0
Mercury->Relay B,1412542.4419323,1412797.3434507,254.9015183,0.032926,0
Mercury->Relay B,1414827.9272898,1415063.2292551,235.3019652,0.041789,0
Mercury->Relay B,1417098.6751708,1417314.9369973,216.2618265,0.044501,0
Mercury->Relay B,1419348.2761346,1419550.0339679,201.7578332,0.041547,0
Mercury->Relay B,1421577.4457628,1421768.4705065,191.0247438,0.034332,0
Mercury->Relay B,1423790.1181978,1423972.4795436,182.3613458,0.024426,0
Mercury->Relay B,1425990.5857595,1426165.5182239,174.9324644,0.013183,0
Mercury->Relay B,1428182.5682894,1428351.2369529,168.6686635,0.001641,0
Mercury->Relay B,1430369.1762580,1430533.0305713,163.8543134,0.009465,0
Mercury->Relay B,1432553.1016594,1432714.0371875,160.9355280,0.019433,0
Mercury->Relay B,1434736.8203281,1434897.3406934,160.5203652,0.027706,0
Mercury->Relay B,1436922.7582909,1437086.2229599,163.4646690,0.033733,0
Mercury->Relay B,1439113.4258744,1439284.3427073,170.9168329,0.036875,0
Mercury->Relay B,1441311.5523518,1441495.6468164,184.0944645,0.036435,0
Mercury->Relay B,1443520.2518867,1443723.7250344,203.4731476,0.031770,0
Mercury->Relay B,1445743.1185516,1445970.4418148,227.3232632,0.022546,0
Mercury->Relay B,1447983.8425785,1448234.2802209,250.4376423,0.009155,0
Mercury->Relay B,1450244.6933314,1450509.6473004,264.9539690,0.006874,0
Mercury->Relay B,1452523.6078480,1452788.2693278,264.6614797,0.022843,0
Mercury->Relay B,1454811.5711724,1455061.9874276,250.4162552,0.035678,0
Mercury->Relay B,1457094.4384402,1457324.6802307,230.2417905,0.043045,0
Mercury->Relay B,1459360.1897963,1459572.3938926,212.2040963,0.044250,0
Mercury->Relay B,1461604.4393340,1461803.2456752,198.8063412,0.040086,0
Mercury->Relay B,1463829.0872477,1464017.8104409,188.7231932,0.032059,0
Mercury->Relay B,1466038.3351699,1466218.7427634,180.4075935,0.021705,0
Mercury->Relay B,1468236.3676072,1468409.6235493,173.2559421,0.010306,0
Mercury->Relay B,1470426.7405349,1470594.0593945,167.3188596,0.001274,0
Mercury->Relay B,1472612.4402202,1472775.3698689,162.9296486,0.012069,0
Mercury->Relay B,1474796.0870570,1474956.6566895,160.5696325,0.021668,0
Mercury->Relay B,1476980.1304699,1477141.0300189,160.8995490,0.029444,0
Mercury->Relay B,1479167.0056816,1479331.8550755,164.8493938,0.034812,0
Mercury->Relay B,1481359.2639166,1481532.8870264,173.6231098,0.037129,0
Mercury->Relay B,1483559.7139570,1483748.0721601,188.3582032,0.035689,0
Mercury->Relay B,1485771.5895501,1485980.7237996,209.1342494,0.029899,0
Mercury->Relay B,1487998.5770293,1488232.0077456,233.4307163,0.019561,0
Mercury->Relay B,1490244.2123662,1490499.3861307,255.1737645,0.005326,0
Mercury->Relay B,1492509.9986924,1492776.3826619,266.3839695,0.010973,0
Mercury->Relay B,1494792.2928807,1495054.4841233,262.1912427,0.026449,0
Mercury->Relay B,1497080.3725697,1497325.9368836,245.5643139,0.038081,0
Mercury->Relay B,1499359.8448256,1499585.1925398,225.3477142,0.043911,0
Mercury->Relay B,1501620.3385867,1501828.7919985,208.4534118,0.043663,0
Mercury->Relay B,1503859.3769370,1504055.4362532,196.0593162,0.038386,0
Mercury->Relay B,1506079.7745229,1506266.3004228,186.5258999,0.029642,0
Mercury->Relay B,1508285.8597370,1508464.3826920,178.5229549,0.018920,0
Mercury->Relay B,1510481.6770838,1510653.3306614,171.6535776,0.007402,0
Mercury->Relay B,1512670.6246144,1512836.6890851,166.0644708,0.004006,0
Mercury->Relay B,1514855.5776268,1515017.7076703,162.1300435,0.014605,0
Mercury->Relay B,1517039.0971068,1517199.4663798,160.3692729,0.023795,0
Mercury->Relay B,1519223.6157392,1519385.1175154,161.5017762,0.031028,0
Mercury->Relay B,1521411.5858170,1521578.1190795,166.5332625,0.035703,0
Mercury->Relay B,1523605.6080633,1523782.3119510,176.7038877,0.037147,0
Mercury->Relay B,1525808.5818278,1526001.5914019,193.0095742,0.034672,0
Mercury->Relay B,1528023.8646141,1528238.8973416,215.0327275,0.027744,0
Mercury->Relay B,1530255.2012299,1530494.5928944,239.3916645,0.016330,0
Mercury->Relay B,1532505.8576509,1532765.0993553,259.2417045,0.001401,0
Mercury->Relay B,1534776.3664817,1535043.1817521,266.8152704,0.015029,0
Mercury->Relay B,1537061.3586189,1537320.2744263,258.9158075,0.029806,0
Mercury->Relay B,1539348.6171275,1539589.1199280,240.5028005,0.040117,0
Mercury->Relay B,1541624.0302111,1541844.7234429,220.6932318,0.044393,0
Mercury->Relay B,1543879.1304685,1544084.1252698,204.9948013,0.042761,0
Mercury->Relay B,1546113.1524173,1546306.6386584,193.4862411,0.036470,0
Mercury->Relay B,1548329.5761219,1548513.9946634,184.4185414,0.027108,0
Mercury->Relay B,1550532.7506677,1550709.4568177,176.7061501,0.016088,0
Mercury->Relay B,1552726.5629243,1552896.6926223,170.1296980,0.004520,0
Mercury->Relay B,1554914.2623793,1555079.1745015,164.9121222,0.006744,0
Mercury->Relay B,1557098.6266929,1557260.0910348,161.4643419,0.017048,0
Mercury->Relay B,1559282.1690329,1559442.5159849,160.3469520,0.025803,0
Mercury->Relay B,1561467.3144306,1561629.6589226,162.3444920,0.032457,0
Mercury->Relay B,1563656.5400075,1563825.0766577,168.5366502,0.036391,0
Mercury->Relay B,1565852.5052294,1566032.6769885,180.1717591,0.036922,0
Mercury->Relay B,1568058.2109746,1568256.2415701,198.0305955,0.033377,0
Mercury->Relay B,1570277.1370035,1570498.2320298,221.0950263,0.025305,0
Mercury->Relay B,1572513.0363733,1572758.1162235,245.0798502,0.012876,0
Mercury->Relay B,1574768.7643403,1575031.2893015,262.5249612,0.002703,0
Mercury->Relay B,1577043.6706804,1577309.9116684,266.2409880,0.018985,0
Mercury->Relay B,1579330.5767215,1579585.5411490,254.9644275,0.032884,0
Mercury->Relay B,1581616.0945596,1581851.4722878,235.3777282,0.041768,0
Mercury->Relay B,1583886.9138523,1584103.2381452,216.3242929,0.044502,0
Mercury->Relay B,1586136.5948356,1586338.3981088,201.8032732,0.041569,0
Mercury->Relay B,1588365.8334612,1588556.8931872,191.0597260,0.034365,0
Mercury->Relay B,1590578.5586606,1590760.9494962,182.3908355,0.024471,0
Mercury->Relay B,1592779.0640184,1592954.0218681,174.9578497,0.013218,0
Mercury->Relay B,1594971.0718259,1595139.7611793,168.6893535,0.001686,0
Mercury->Relay B,1597157.6944920,1597321.5634071,163.8689151,0.009426,0
Mercury->Relay B,1599341.6251658,1599502.5673023,160.9421365,0.019390,0
Mercury->Relay B,1601525.3401500,1601685.8564895,160.5163395,0.027683,0
Mercury->Relay B,1603711.2653946,1603874.7116886,163.4462941,0.033719,0
Mercury->Relay B,1605901.9106826,1606072.7901460,170.8794634,0.036869,0
Mercury->Relay B,1608100.0041903,1608284.0384313,184.0342410,0.036444,0
Mercury->Relay B,1610308.6583611,1610512.0497085,203.3913474,0.031797,0
Mercury->Relay B,1612531.4657184,1612758.6979691,227.2322507,0.022587,0
Mercury->Relay B,1614772.1180323,1615022.4810981,250.3630657,0.009213,0
Mercury->Relay B,1617032.8945633,1617297.8200005,264.9254372,0.006808,0
Mercury->Relay B,1619311.7544388,1619576.4459203,264.6914816,0.022787,0
Mercury->Relay B,1621599.7090384,1621850.1948370,250.4857986,0.035640,0
Mercury->Relay B,1623882.6210288,1624112.9368156,230.3157868,0.043029,0
Mercury->Relay B,1626148.4486641,1626360.7106344,212.2619703,0.044257,0
Mercury->Relay B,1628392.7766434,1628591.6251551,198.8485117,0.040109,0
Mercury->Relay B,1630617.4896098,1630806.2461106,188.7565007,0.032094,0
Mercury->Relay B,1632826.7863499,1633007.2223877,180.4360378,0.021747,0
Mercury->Relay B,1635024.8532442,1635198.1335009,173.2802567,0.010333,0
Mercury->Relay B,1637215.2486635,1637382.5868467,167.3381832,0.001197,0
Mercury->Relay B,1639400.9606200,1639563.9030803,162.9424603,0.012046,0
Mercury->Relay B,1641584.6104780,1641745.1843544,160.5738764,0.021635,0
Mercury->Relay B,1643768.6479818,1643929.5403246,160.8923428,0.029418,0
Mercury->Relay B,1645955.5081595,1646120.3348984,164.8267388,0.034801,0
Mercury->Relay B,1648147.7415684,1648321.3218731,173.5803046,0.037124,0
Mercury->Relay B,1650348.1557318,1650536.4478852,188.2921534,0.035705,0
Mercury->Relay B,1652559.9825827,1652769.0310389,209.0484562,0.029932,0
Mercury->Relay B,1654786.9072977,1655020.2482692,233.3409715,0.019610,0
Mercury->Relay B,1657032.4689177,1657287.5770646,255.1081469,0.005382,0
Mercury->Relay B,1659298.1833893,1659564.5533947,266.3700054,0.010910,0
Mercury->Relay B,1661580.4321944,1661842.6662124,262.2340181,0.026396,0
Mercury->Relay B,1663868.5170013,1664114.1551305,245.6381292,0.038048,0
Mercury->Relay B,1666148.0447239,1666373.4633669,225.4186430,0.043901,0
Mercury->Relay B,1668408.6176878,1668617.1245013,208.5068135,0.043673,0
Mercury->Relay B,1670647.7319604,1670843.8306457,196.0986853,0.038412,0
Mercury->Relay B,1672868.1905223,1673054.7482997,186.5577774,0.029680,0
Mercury->Relay B,1675074.3207427,1675252.8711325,178.5503898,0.018961,0
Mercury->Relay B,1677270.1693603,1677441.8461238,171.6767635,0.007463,0
Mercury->Relay B,1679459.1367048,1679625.2190379,166.0823331,0.003994,0
Mercury->Relay B,1681644.0996219,1681806.2405607,162.1409388,0.014565,0
Mercury->Relay B,1683827.6198910,1683987.9908658,160.3709748,0.023767,0
Mercury->Relay B,1686012.1303774,1686173.6215175,161.4911401,0.031010,0
Mercury->Relay B,1688200.0830647,1688366.5890895,166.5060248,0.035689,0
Mercury->Relay B,1690394.0778764,1690570.7333065,176.6554301,0.037148,0
Mercury->Relay B,1692597.0127391,1692789.9506224,192.9378834,0.034691,0
Mercury->Relay B,1694812.2433163,1695027.1872312,214.9439149,0.027778,0
Mercury->Relay B,1697043.5138718,1697282.8188642,239.3049924,0.016379,0
Mercury->Relay B,1699294.0953480,1699553.2822250,259.1868770,0.001430,0
Mercury->Relay B,1701564.5362760,1701831.3525234,266.8162475,0.014970,0
Mercury->Relay B,1703849.4939221,1704108.4635540,258.9696319,0.029759,0
Mercury->Relay B,1706136.7714034,1706377.3500203,240.5786169,0.040088,0
Mercury->Relay B,1708412.2488805,1708633.0090889,220.7602084,0.044389,0
Mercury->Relay B,1710667.4295090,1710872.4735473,205.0440383,0.042775,0
Mercury->Relay B,1712901.5241765,1713095.0474180,193.5232415,0.036499,0
Mercury->Relay B,1715118.0047554,1715302.4539260,184.4491706,0.027143,0
Mercury->Relay B,1717321.2206482,1717497.9532269,176.7325788,0.016127,0
Mercury->Relay B,1719515.0611335,1719685.2128190,170.1516855,0.004598,0
Mercury->Relay B,1721702.7778207,1721867.7062424,164.9284217,0.006723,0
Mercury->Relay B,1723887.1497205,1724048.6229054,161.4731848,0.017007,0
Mercury->Relay B,1726070.6906279,1726231.0365466,160.3459187,0.025776,0
Mercury->Relay B,1728255.8256239,1728418.1557826,162.3301587,0.032439,0
Mercury->Relay B,1730445.0314049,1730613.5359348,168.5045300,0.036382,0
Mercury->Relay B,1732640.9664954,1732821.0839907,180.1174953,0.036928,0
Mercury->Relay B,1734846.6301922,1735044.5838059,197.9536138,0.033398,0
Mercury->Relay B,1737065.5004905,1737286.5048879,221.0043974,0.025341,0
Mercury->Relay B,1739301.3307816,1739546.3289582,244.9981766,0.012925,0
Mercury->Relay B,1741556.9835566,1741819.4660894,262.4825327,0.002657,0
Mercury->Relay B,1743831.8276674,1744098.0844067,266.2567394,0.018925,0
Mercury->Relay B,1746118.7114922,1746373.7387124,255.0272202,0.032840,0
Mercury->Relay B,1748404.2616194,1748639.7151254,235.4535060,0.041746,0
Mercury->Relay B,1750675.1522368,1750891.5390640,216.3868272,0.044504,0
Mercury->Relay B,1752924.9132546,1753126.7620198,201.8487651,0.041587,0
Relay B->Mercury,525.3048869,733.2937573,207.9888704,0.043561,0
Relay B->Mercury,2763.6746947,2959.3931865,195.7184918,0.038146,0
Relay B->Mercury,4983.5371233,5169.7874166,186.2502933,0.029318,0
Relay B->Mercury,7189.2283717,7367.5138396,178.2854679,0.018547,0
Relay B->Mercury,9384.7727960,9556.2251660,171.4523699,0.007022,0
Relay B->Mercury,11573.5482162,11739.4571787,165.9089625,0.004381,0
Relay B->Mercury,13758.4162506,13920.4510728,162.0348222,0.014937,0
Relay B->Mercury,15941.9308709,16102.2851526,160.3542817,0.024066,0
Relay B->Mercury,18126.5231746,18288.1184398,161.5952652,0.031225,0
Relay B->Mercury,20314.6482157,20481.4216832,166.7734675,0.035807,0
Relay B->Mercury,22508.9138733,22686.0458447,177.1319714,0.037131,0
Relay B->Mercury,24712.2322725,24905.8751875,193.6429150,0.034517,0
Relay B->Mercury,26927.9773589,27143.7931129,215.8157539,0.027438,0
Relay B->Mercury,29159.8985330,29400.0505055,240.1519725,0.015887,0
Relay B->Mercury,31411.2167636,31670.9328171,259.7160535,0.000840,0
Relay B->Mercury,33682.3219360,33949.1168469,266.7949109,0.015556,0
Relay B->Mercury,35967.6109382,36226.0437020,258.4327638,0.030228,0
Relay B->Mercury,38254.6925315,38494.5257646,239.8332331,0.040356,0
Relay B->Mercury,40529.5310835,40749.6384348,220.1073513,0.044429,0
Relay B->Mercury,42783.9209174,42988.4880551,204.5671377,0.042618,0
Relay B->Mercury,45017.3031462,45210.4692746,193.1661284,0.036203,0
Relay B->Mercury,47233.2280291,47417.3817233,184.1536942,0.026762,0
Relay B->Mercury,49436.0408818,49612.5181302,176.4772484,0.015709,0
Relay B->Mercury,51629.6069947,51799.5457431,169.9387484,0.004142,0
Relay B->Mercury,53817.1570450,53981.9271384,164.7700934,0.007108,0
Relay B->Mercury,56001.4567577,56162.8437310,161.3869734,0.017358,0
Relay B->Mercury,58185.0137643,58345.3697101,160.3559458,0.026057,0
Relay B->Mercury,60370.2526652,60532.7232686,162.4706035,0.032632,0
Relay B->Mercury,62559.6543704,62728.4744495,168.8200791,0.036469,0
Relay B->Mercury,64755.8867849,64936.5380038,180.6512189,0.036877,0
Relay B->Mercury,66961.9649774,67160.6754600,198.7104826,0.033186,0
Relay B->Mercury,69181.3844382,69403.2777876,221.8933494,0.024961,0
Relay B->Mercury,71417.8948730,71663.6896809,245.7948079,0.012402,0
Relay B->Mercury,73674.2862235,73937.1751286,262.8889050,0.003237,0
Relay B->Mercury,75949.7376982,76215.8282770,266.0905788,0.019495,0
Relay B->Mercury,78236.8313602,78491.2353350,254.4039748,0.033265,0
Relay B->Mercury,80522.0551168,80756.7653989,234.7102821,0.041956,0
Relay B->Mercury,82792.2400142,83008.0183755,215.7783613,0.044490,0
Relay B->Mercury,85041.2145773,85242.6232353,201.4086580,0.041389,0
Relay B->Mercury,87269.8462378,87460.6032060,190.7569683,0.034074,0
Relay B->Mercury,89482.1084431,89664.2440771,182.1356339,0.024112,0
Relay B->Mercury,91682.2829579,91857.0206784,174.7377205,0.012840,0
Relay B->Mercury,93874.0702208,94042.5795811,168.5093603,0.001351,0
Relay B->Mercury,96060.5654513,96224.3067857,163.7413344,0.009785,0
Relay B->Mercury,98244.4515647,98405.3355144,160.8839498,0.019693,0
Relay B->Mercury,100428.2007197,100588.7519392,160.5512195,0.027918,0
Relay B->Mercury,102614.2395324,102777.8470997,163.6075673,0.033872,0
Relay B->Mercury,104805.0826288,104976.2913047,171.2086759,0.036915,0
Relay B->Mercury,107003.4680032,107188.0336288,184.5656257,0.036361,0
Relay B->Mercury,109212.5235039,109416.6364106,204.1129067,0.031569,0
Relay B->Mercury,111435.8554343,111663.8885566,228.0331223,0.022210,0
Relay B->Mercury,113677.1415309,113928.1566972,251.0151663,0.008722,0
Relay B->Mercury,115938.5723401,116203.7401990,265.1678588,0.007354,0
Relay B->Mercury,118217.9102889,118482.3281049,264.4178159,0.023275,0
Relay B->Mercury,120505.9345585,120755.8029512,249.8683927,0.035977,0
Relay B->Mercury,122788.4449505,123018.1102477,229.6652973,0.043166,0
Relay B->Mercury,125053.5963050,125265.3533732,211.7570682,0.044199,0
Relay B->Mercury,127297.2325176,127495.7152380,198.4827204,0.039900,0
Relay B->Mercury,129521.3736089,129709.8419324,188.4683235,0.031786,0
Relay B->Mercury,131730.2422346,131910.4320303,180.1897957,0.021381,0
Relay B->Mercury,133928.0077232,134101.0769867,173.0692635,0.009953,0
Relay B->Mercury,136118.2071244,136285.3770417,167.1699173,0.001545,0
Relay B->Mercury,138303.8129848,138466.6433541,162.8303692,0.012375,0
Relay B->Mercury,140487.4380726,140647.9743949,160.5363224,0.021926,0
Relay B->Mercury,142671.5292970,142832.4844736,160.9551766,0.029637,0
Relay B->Mercury,144858.5234038,145023.5492219,165.0258181,0.034929,0
Relay B->Mercury,147050.9769019,147224.9345187,173.9576168,0.037142,0
Relay B->Mercury,149251.7085878,149440.5835935,188.8750057,0.035585,0
Relay B->Mercury,151463.9666299,151673.7715820,209.8049521,0.029662,0
Relay B->Mercury,153691.4464325,153925.5762805,234.1298480,0.019198,0
Relay B->Mercury,155937.6592778,156193.3394591,255.6801813,0.004883,0
Relay B->Mercury,158204.0064265,158470.4899420,266.4835155,0.011449,0
Relay B->Mercury,160486.6506487,160748.4992057,261.8485570,0.026853,0
Relay B->Mercury,162774.6826378,163019.6673230,244.9846852,0.038338,0
Relay B->Mercury,165053.7147025,165278.5110863,224.7963839,0.043986,0
Relay B->Mercury,167313.5866224,167521.6283230,208.0417006,0.043573,0
Relay B->Mercury,169552.0319637,169747.7894896,195.7575259,0.038171,0
Relay B->Mercury,171771.9548293,171958.2368296,186.2820003,0.029351,0
Relay B->Mercury,173977.6905950,174156.0033709,178.3127759,0.018596,0
Relay B->Mercury,176173.2658840,176344.7412926,171.4754086,0.007082,0
Relay B->Mercury,178362.0607759,178527.9874076,165.9266317,0.004338,0
Relay B->Mercury,180546.9384094,180708.9838721,162.0454626,0.014889,0
Relay B->Mercury,182730.4535290,182890.8091706,160.3556416,0.024043,0
Relay B->Mercury,184915.0373944,185076.6215583,161.5841639,0.031209,0
Relay B->Mercury,187103.1447347,187269.8903440,166.7456093,0.035792,0
Relay B->Mercury,189297.3826114,189474.4653722,177.0827608,0.037133,0
Relay B->Mercury,191500.6617049,191694.2322115,193.5705066,0.034537,0
Relay B->Mercury,193716.3541235,193932.0807520,215.7266285,0.027472,0
Relay B->Mercury,195948.2088226,196188.2746650,240.0658424,0.015936,0
Relay B->Mercury,198199.4520141,198459.1147772,259.6627631,0.000936,0
Relay B->Mercury,200470.4899253,200737.2877673,266.7978420,0.015498,0
Relay B->Mercury,202755.7459720,203014.2338539,258.4878819,0.030182,0
Relay B->Mercury,205042.8483247,205282.7574707,239.9091461,0.040330,0
Relay B->Mercury,207317.7522928,207537.9260510,220.1737583,0.044424,0
Relay B->Mercury,209572.2225314,209776.8383859,204.6158545,0.042637,0
Relay B->Mercury,211805.6770185,211998.8798665,193.2028480,0.036233,0
Relay B->Mercury,214021.6582397,214205.8424128,184.1841731,0.026806,0
Relay B->Mercury,216224.5119714,216401.0155207,176.5035493,0.015755,0
Relay B->Mercury,218418.1059252,218588.0665041,169.9605789,0.004221,0
Relay B->Mercury,220605.6728770,220770.4590629,164.7861860,0.007066,0
Relay B->Mercury,222789.9798764,222951.3754185,161.3955421,0.017327,0
Relay B->Mercury,224973.5351614,225133.8897048,160.3545434,0.026035,0
Relay B->Mercury,227158.7633647,227321.2191335,162.4557688,0.032615,0
Relay B->Mercury,229348.1449569,229516.9322561,168.7872992,0.036457,0
Relay B->Mercury,231544.3468815,231724.9430691,180.5961876,0.036879,0
Relay B->Mercury,233750.3826054,233949.0154477,198.6328423,0.033206,0
Relay B->Mercury,235969.7458729,236191.5484551,221.8025823,0.025002,0
Relay B->Mercury,238206.1868604,238451.9007946,245.7139342,0.012453,0
Relay B->Mercury,240462.5030690,240725.3512713,262.8482022,0.003178,0
Relay B->Mercury,242737.8931886,243004.0014082,266.1082196,0.019436,0
Relay B->Mercury,245024.9663261,245279.4340945,254.4677684,0.033223,0
Relay B->Mercury,247310.2240485,247545.0099601,234.7859116,0.041936,0
Relay B->Mercury,249580.4810256,249796.3213147,215.8402891,0.044492,0
Relay B->Mercury,251829.5354799,252030.9891704,201.4536905,0.041410,0
Relay B->Mercury,254058.2356886,254249.0274304,190.7917418,0.034110,0
Relay B->Mercury,256270.5501927,256452.7151955,182.1650028,0.024154,0
Relay B->Mercury,258470.7621075,258645.5250963,174.7629888,0.012887,0
Relay B->Mercury,260662.5743190,260831.1042210,168.5299020,0.001341,0
Relay B->Mercury,262849.0839626,263012.8397030,163.7557404,0.009731,0
Relay B->Mercury,265032.9750870,265193.8653845,160.8902974,0.019662,0
Relay B->Mercury,267216.7203013,267377.2671417,160.5468404,0.027891,0
Relay B->Mercury,269402.7461303,269566.3348438,163.5887134,0.033852,0
Relay B->Mercury,271593.5666429,271764.7373317,171.1706889,0.036913,0
Relay B->Mercury,273791.9187168,273976.4234372,184.5047204,0.036373,0
Relay B->Mercury,276000.9284674,276204.9590663,204.0305989,0.031592,0
Relay B->Mercury,278224.2006832,278452.1428517,227.9421685,0.022252,0
Relay B->Mercury,280465.4147998,280716.3563298,250.9415300,0.008773,0
Relay B->Mercury,282726.7715849,282991.9125663,265.1409814,0.007288,0
Relay B->Mercury,285006.0558778,285270.5052494,264.4493716,0.023221,0
Relay B->Mercury,287294.0730125,287544.0115584,249.9385459,0.035940,0
Relay B->Mercury,289576.6294590,289806.3684465,229.7389874,0.043151,0
Relay B->Mercury,291841.8575276,292053.6719333,211.8144057,0.044205,0
Relay B->Mercury,294085.5719298,294284.0964698,198.5245399,0.039923,0
Relay B->Mercury,296309.7776030,296498.2790581,188.5014551,0.031818,0
Relay B->Mercury,298518.6945955,298698.9127213,180.2181258,0.021428,0
Relay B->Mercury,300716.4941634,300889.5876189,173.0934556,0.010011,0
Relay B->Mercury,302906.7157406,303073.9048225,167.1890819,0.001583,0
Relay B->Mercury,305092.3335956,305255.1765662,162.8429706,0.012333,0
Relay B->Mercury,307275.9614459,307436.5017310,160.5402851,0.021889,0
Relay B->Mercury,309460.0465037,309620.9940928,160.9475892,0.029612,0
Relay B->Mercury,311647.0253071,311812.0279554,165.0026484,0.034911,0
Relay B->Mercury,313839.4536818,314013.3678478,173.9141660,0.037140,0
Relay B->Mercury,316040.1491469,316228.9574345,188.8082876,0.035599,0
Relay B->Mercury,318252.3580488,318462.0768012,209.7187524,0.029693,0
Relay B->Mercury,320479.7746934,320713.8150567,234.0403633,0.019244,0
Relay B->Mercury,322725.9136342,322981.5293595,255.6157253,0.004930,0
Relay B->Mercury,324992.1893016,325258.6605769,266.4712753,0.011387,0
Relay B->Mercury,327274.7893251,327536.6820325,261.8927073,0.026801,0
Relay B->Mercury,329562.8280517,329807.8868898,245.0588381,0.038305,0
Relay B->Mercury,331841.9167174,332066.7836002,224.8668828,0.043977,0
Relay B->Mercury,334101.8680598,334309.9626545,208.0945947,0.043583,0
Relay B->Mercury,336340.3889791,336536.1855768,195.7965977,0.038199,0
Relay B->Mercury,338560.3723425,338746.6860694,186.3137269,0.029390,0
Relay B->Mercury,340766.1526808,340944.4927794,178.3400986,0.018630,0
Relay B->Mercury,342961.7588803,343133.2573448,171.4984646,0.007107,0
Relay B->Mercury,345150.5732821,345316.5176061,165.9443240,0.004295,0
Relay B->Mercury,347335.4605500,347497.5166825,162.0561326,0.014865,0
Relay B->Mercury,349518.9762017,349679.3332425,160.3570409,0.024005,0
Relay B->Mercury,351703.5516621,351865.1247779,161.5731158,0.031181,0
Relay B->Mercury,353891.6413368,354058.3591586,166.7178218,0.035785,0
Relay B->Mercury,356085.8514723,356262.8851076,177.0336354,0.037136,0
Relay B->Mercury,358289.0913056,358482.5894850,193.4981794,0.034552,0
Relay B->Mercury,360504.7311085,360720.3686460,215.6375375,0.027509,0
Relay B->Mercury,362736.5193795,362976.4990286,239.9796491,0.015989,0
Relay B->Mercury,364987.6875416,365247.2968384,259.6092968,0.001002,0
Relay B->Mercury,367258.6581174,367525.4586688,266.8005514,0.015437,0
Relay B->Mercury,369543.8810338,369802.4238883,258.5428545,0.030135,0
Relay B->Mercury,371831.0039438,372070.9889926,239.9850488,0.040302,0
Relay B->Mercury,374105.9732143,374326.2134434,220.2402291,0.044420,0
Relay B->Mercury,376360.5238549,376565.1884838,204.6646290,0.042651,0
Relay B->Mercury,378594.0506524,378787.2902509,193.2395985,0.036265,0
Relay B->Mercury,380810.0882722,380994.3029412,184.2146690,0.026839,0
Relay B->Mercury,383012.9829355,383189.5128006,176.5298650,0.015794,0
Relay B->Mercury,385206.6047739,385376.5872017,169.9824278,0.004227,0
Relay B->Mercury,387394.1886646,387558.9909674,164.8023028,0.007025,0
Relay B->Mercury,389578.5029849,389739.9071280,161.4041431,0.017288,0
Relay B->Mercury,391762.0565811,391922.4097646,160.3531835,0.026000,0
Relay B->Mercury,393947.2741209,394109.7151119,162.4409909,0.032593,0
Relay B->Mercury,396136.6356362,396305.3902303,168.7545941,0.036452,0
Relay B->Mercury,398332.8071114,398513.3483545,180.5412431,0.036886,0
Relay B->Mercury,400538.8004147,400737.3556904,198.5552757,0.033227,0
Relay B->Mercury,402758.1075412,402979.8193704,221.7118292,0.025038,0
Relay B->Mercury,404994.4791228,405240.1120907,245.6329679,0.012507,0
Relay B->Mercury,407250.7201823,407513.5274850,262.8073027,0.003125,0
Relay B->Mercury,409526.0488461,409792.1744934,266.1256473,0.019378,0
Relay B->Mercury,411813.1012670,412067.6327170,254.5314500,0.033179,0
Relay B->Mercury,414098.3927664,414333.2543248,234.8615584,0.041914,0
Relay B->Mercury,416368.7217394,416584.6240240,215.9022846,0.044494,0
Relay B->Mercury,418617.8561019,418819.3548762,201.4987743,0.041432,0
Relay B->Mercury,420846.6249162,421037.4514581,190.8265419,0.034139,0
Relay B->Mercury,423058.9917780,423241.1861655,182.1943874,0.024192,0
Relay B->Mercury,425259.2411431,425434.0294164,174.7882733,0.012925,0
Relay B->Mercury,427451.0783452,427619.6288089,168.5504637,0.001421,0
Relay B->Mercury,429637.6024383,429801.3726107,163.7701724,0.009703,0
Relay B->Mercury,431821.4986075,431982.3952867,160.8966792,0.019624,0
Relay B->Mercury,434005.2399136,434165.7824212,160.5425076,0.027865,0
Relay B->Mercury,436191.2527934,436354.8227144,163.5699210,0.033837,0
Relay B->Mercury,438382.0507590,438553.1835400,171.1327810,0.036904,0
Relay B->Mercury,440580.3695754,440764.8134769,184.4439015,0.036381,0
Relay B->Mercury,442789.3336250,442993.2819797,203.9483547,0.031620,0
Relay B->Mercury,445012.5461782,445240.3973836,227.8512053,0.022296,0
Relay B->Mercury,447253.6883479,447504.5561200,250.8677721,0.008828,0
Relay B->Mercury,449514.9710823,449780.0849744,265.1138921,0.007224,0
Relay B->Mercury,451794.2015923,452058.6823221,264.4807298,0.023167,0
Relay B->Mercury,454082.2113889,454332.2200111,250.0086222,0.035901,0
Relay B->Mercury,456364.8137213,456594.6264383,229.8127170,0.043136,0
Relay B->Mercury,458630.1184498,458841.9902607,211.8718109,0.044211,0
Relay B->Mercury,460873.9110740,461072.4774779,198.5664039,0.039946,0
Relay B->Mercury,463098.1813892,463286.7159983,188.5346091,0.031854,0
Relay B->Mercury,465307.1468059,465487.3932766,180.2464707,0.021463,0
Relay B->Mercury,467504.9805011,467678.0981649,173.1176639,0.010038,0
Relay B->Mercury,469695.2242943,469862.4325620,167.2082677,0.001465,0
Relay B->Mercury,471880.8541793,472043.7097791,162.8555999,0.012301,0
Relay B->Mercury,474064.4848255,474225.0291101,160.5442846,0.021860,0
Relay B->Mercury,476248.5637499,476409.5038007,160.9400508,0.029587,0
Relay B->Mercury,478435.5272840,478600.5068294,164.9795454,0.034901,0
Relay B->Mercury,480627.9305741,480801.8013717,173.8707976,0.037138,0
Relay B->Mercury,482828.5898622,483017.3315169,188.7416546,0.035611,0
Relay B->Mercury,485040.7496749,485250.3822783,209.6326034,0.029726,0
Relay B->Mercury,487268.1032115,487502.0540553,233.9508438,0.019288,0
Relay B->Mercury,489514.1682712,489769.7193905,255.5511193,0.004983,0
Relay B->Mercury,491780.3724083,492046.8312227,266.4588144,0.011326,0
Relay B->Mercury,494062.9280807,494324.8647636,261.9366829,0.026750,0
Relay B->Mercury,496350.9733380,496596.1062869,245.1329489,0.038273,0
Relay B->Mercury,498630.1184615,498855.0558974,224.9374359,0.043969,0
Relay B->Mercury,500890.1491991,501098.2967519,208.1475527,0.043595,0
Relay B->Mercury,503128.7457408,503324.5814475,195.8357067,0.038228,0
Relay B->Mercury,505348.7896627,505535.1351353,186.3454726,0.029426,0
Relay B->Mercury,507554.6146287,507732.9820648,178.3674362,0.018678,0
Relay B->Mercury,509750.2517844,509921.7733225,171.5215380,0.007168,0
Relay B->Mercury,511939.0857354,512105.0477737,165.9620383,0.004260,0
Relay B->Mercury,514123.9826719,514286.0495039,162.0668321,0.014816,0
Relay B->Mercury,516307.4988889,516467.8573684,160.3584795,0.023982,0
Relay B->Mercury,518492.0659772,518653.6280986,161.5621214,0.031164,0
Relay B->Mercury,520680.1380221,520846.8281270,166.6901050,0.035769,0
Relay B->Mercury,522874.3204557,523051.3050510,176.9845953,0.037136,0
Relay B->Mercury,525077.5210751,525270.9470078,193.4259326,0.034571,0
Relay B->Mercury,527293.1083142,527508.6567947,215.5484805,0.027541,0
Relay B->Mercury,529524.8302032,529764.7235965,239.8933933,0.016039,0
Relay B->Mercury,531775.9233459,532035.4790016,259.5556557,0.001022,0
Relay B->Mercury,534046.8265125,534313.6295522,266.8030398,0.015376,0
Relay B->Mercury,536332.0161237,536590.6138054,258.5976818,0.030088,0
Relay B->Mercury,538619.1593896,538859.2203308,240.0609412,0.040275,0
Relay B->Mercury,540894.1938478,541114.5006117,220.3067639,0.044417,0
Relay B->Mercury,543148.8248872,543353.5383490,204.7134619,0.042667,0
Relay B->Mercury,545382.4240471,545575.7004281,193.2763810,0.036293,0
Relay B->Mercury,547598.5181261,547782.7633086,184.2451825,0.026881,0
Relay B->Mercury,549801.4537741,549978.0099701,176.5561960,0.015839,0
Relay B->Mercury,551995.1035410,552165.1078364,170.0042953,0.004308,0
Relay B->Mercury,554182.7044080,554347.5228518,164.8184438,0.006988,0
Relay B->Mercury,556367.0260834,556528.4388586,161.4127753,0.017255,0
Relay B->Mercury,558550.5780236,558710.9298896,160.3518660,0.025977,0
Relay B->Mercury,560735.7849332,560898.2112039,162.4262707,0.032576,0
Relay B->Mercury,562925.1264077,563093.8483721,168.7219644,0.036440,0
Relay B->Mercury,565121.2674748,565301.7538601,180.4863853,0.036891,0
Relay B->Mercury,567327.2184051,567525.6961881,198.4777830,0.033252,0
Relay B->Mercury,569546.4694427,569768.0905336,221.6210909,0.025077,0
Relay B->Mercury,571782.7716595,572028.3235694,245.5519099,0.012564,0
Relay B->Mercury,574038.9375638,574301.7037710,262.7662072,0.003077,0
Relay B->Mercury,576314.2046715,576580.3475326,266.1428611,0.019320,0
Relay B->Mercury,578601.2361835,578855.8312029,254.5950193,0.033136,0
Relay B->Mercury,580886.5612713,581121.4984933,234.9372220,0.041893,0
Relay B->Mercury,583156.9621559,583372.9265040,215.9643481,0.044494,0
Relay B->Mercury,585406.1764430,585607.7203525,201.5439095,0.041450,0
Relay B->Mercury,587635.0139199,587825.8752886,190.8613687,0.034173,0
Relay B->Mercury,589847.4331990,590029.6569871,182.2237880,0.024233,0
Relay B->Mercury,592047.7200650,592222.5336379,174.8135729,0.012972,0
Relay B->Mercury,594239.5822996,594408.1533445,168.5710449,0.001429,0
Relay B->Mercury,596426.1208786,596589.9055084,163.7846298,0.009654,0
Relay B->Mercury,598610.0221261,598770.9252211,160.9030950,0.019596,0
Relay B->Mercury,600793.7595567,600954.2977773,160.5382206,0.027838,0
Relay B->Mercury,602979.7595214,603143.3107120,163.5511906,0.033818,0
Relay B->Mercury,605170.5349771,605341.6299292,171.0949521,0.036903,0
Relay B->Mercury,607368.8205782,607553.2037481,184.3831699,0.036390,0
Relay B->Mercury,609577.7389766,609781.6051515,203.8661749,0.031646,0
Relay B->Mercury,611800.8919188,612028.6521527,227.7602339,0.022339,0
Relay B->Mercury,614041.9621757,614292.7560686,250.7938929,0.008887,0
Relay B->Mercury,616303.1708332,616568.2574240,265.0865908,0.007162,0
Relay B->Mercury,618582.3474334,618846.8593231,264.5118897,0.023113,0
Relay B->Mercury,620870.3496889,621120.4283100,250.0786211,0.035863,0
Relay B->Mercury,623152.9977380,623382.8842226,229.8864846,0.043120,0
Relay B->Mercury,625418.3790714,625630.3083552,211.9292839,0.044219,0
Relay B->Mercury,627662.2499503,627860.8582619,198.6083117,0.039973,0
Relay B->Mercury,629886.5849673,630075.1527528,188.5677855,0.031889,0
Relay B->Mercury,632095.5988654,632275.8736960,180.2748306,0.021509,0
Relay B->Mercury,634293.4667360,634466.6086246,173.1418886,0.010097,0
Relay B->Mercury,636483.7327856,636650.9602603,167.2274747,0.001490,0
Relay B->Mercury,638669.3747360,638832.2429928,162.8682568,0.012256,0
Relay B->Mercury,640853.0082113,641013.5565320,160.5483208,0.021825,0
Relay B->Mercury,643037.0810350,643198.0135971,160.9325621,0.029563,0
Relay B->Mercury,645224.0293351,645388.9858431,164.9565079,0.034883,0
Relay B->Mercury,647416.4075781,647590.2350904,173.8275123,0.037137,0
Relay B->Mercury,649617.0307335,649805.7058402,188.6751068,0.035628,0
Relay B->Mercury,651829.1415082,652038.6880137,209.5465055,0.029753,0
Relay B->Mercury,654056.4319867,654290.2932769,233.8612902,0.019336,0
Relay B->Mercury,656302.4231886,656557.9095529,255.4863644,0.005043,0
Relay B->Mercury,658568.5557464,658835.0018798,266.4461334,0.011267,0
Relay B->Mercury,660851.0669156,661113.0473992,261.9804835,0.026699,0
Relay B->Mercury,663139.1184975,663384.3255140,245.2070165,0.038241,0
Relay B->Mercury,665418.3199347,665643.3279783,225.0080435,0.043958,0
Relay B->Mercury,667678.4300407,667886.6306151,208.2005744,0.043608,0
Relay B->Mercury,669917.1022483,670112.9771017,195.8748534,0.038253,0
Relay B->Mercury,672137.2067896,672323.5840276,186.3772380,0.029463,0
Relay B->Mercury,674343.0764385,674521.4712273,178.3947887,0.018714,0
Relay B->Mercury,676538.7445964,676710.2892252,171.5446289,0.007193,0
Relay B->Mercury,678727.5981354,678893.5779108,165.9797754,0.004210,0
Relay B->Mercury,680912.5047752,681074.5823363,162.0775611,0.014789,0
Relay B->Mercury,683096.0215901,683256.3815478,160.3599577,0.023944,0
Relay B->Mercury,685280.5803403,685442.1315199,161.5511796,0.031137,0
Relay B->Mercury,687468.6347901,687635.2972490,166.6624589,0.035761,0
Relay B->Mercury,689662.7895612,689839.7252020,176.9356408,0.037141,0
Relay B->Mercury,691865.9510125,692059.3047796,193.3537672,0.034588,0
Relay B->Mercury,694081.4857398,694296.9451984,215.4594586,0.027575,0
Relay B->Mercury,696313.1412939,696552.9483689,239.8070750,0.016086,0
Relay B->Mercury,698564.1594270,698823.6612672,259.5018401,0.001068,0
Relay B->Mercury,700834.9951109,701101.8004180,266.8053071,0.015316,0
Relay B->Mercury,703120.1512429,703378.8036054,258.6523626,0.030040,0
Relay B->Mercury,705407.3146626,705647.4514850,240.1368225,0.040248,0
Relay B->Mercury,707682.4141935,707902.7875561,220.3733625,0.044414,0
Relay B->Mercury,709937.1256284,710141.8879811,204.7623527,0.042684,0
Relay B->Mercury,712170.7972029,712364.1103979,193.3131950,0.036324,0
Relay B->Mercury,714386.9478017,714571.2235144,184.2757127,0.026917,0
Relay B->Mercury,716589.9244870,716766.5070289,176.5825419,0.015879,0
Relay B->Mercury,718783.6022261,718953.6284074,170.0261812,0.004312,0
Relay B->Mercury,720971.2201070,721136.0547158,164.8346088,0.006943,0
Relay B->Mercury,723155.5491711,723316.9706107,161.4214396,0.017218,0
Relay B->Mercury,725339.0994884,725499.4500791,160.3505907,0.025943,0
Relay B->Mercury,727524.2958018,727686.7074095,162.4116077,0.032554,0
Relay B->Mercury,729713.6172715,729882.3066810,168.6894095,0.036435,0
Relay B->Mercury,731909.7279710,732090.1595858,180.4316149,0.036896,0
Relay B->Mercury,734115.6365761,734314.0369409,198.4003649,0.033271,0
Relay B->Mercury,736334.8315774,736556.3619448,221.5303674,0.025118,0
Relay B->Mercury,738571.0644709,738816.5352312,245.4707603,0.012615,0
Relay B->Mercury,740827.1552132,741089.8801290,262.7249157,0.003002,0
Relay B->Mercury,743102.3606654,743368.5205265,266.1598611,0.019264,0
Relay B->Mercury,745389.3710767,745644.0295523,254.6584756,0.033093,0
Relay B->Mercury,747674.7295636,747909.7424656,235.0129020,0.041871,0
Relay B->Mercury,749945.2022749,750161.2287544,216.0264795,0.044496,0
Relay B->Mercury,752194.4965035,752396.0855993,201.5890958,0.041470,0
Relay B->Mercury,754423.4027001,754614.2989219,190.8962219,0.034206,0
Relay B->Mercury,756635.8744553,756818.1276599,182.2532046,0.024273,0
Relay B->Mercury,758836.1988729,759011.0377611,174.8388882,0.013010,0
Relay B->Mercury,761028.0861820,761196.6778277,168.5916457,0.001494,0
Relay B->Mercury,763214.6392831,763378.4383963,163.7991133,0.009622,0
Relay B->Mercury,765398.5456423,765559.4551872,160.9095449,0.019556,0
Relay B->Mercury,767582.2792305,767742.8132097,160.5339792,0.027812,0
Relay B->Mercury,769768.2663141,769931.7988356,163.5325215,0.033803,0
Relay B->Mercury,771959.0192970,772130.0764996,171.0572026,0.036894,0
Relay B->Mercury,774157.2717253,774341.5942506,184.3225253,0.036401,0
Relay B->Mercury,776366.1445218,776569.9285811,203.7840593,0.031670,0
Relay B->Mercury,778589.2379049,778816.9071592,227.6692543,0.022380,0
Relay B->Mercury,780830.2362827,781080.9561757,250.7198930,0.008947,0
Relay B->Mercury,783091.3708373,783356.4299155,265.0590782,0.007103,0
Relay B->Mercury,785370.4934016,785635.0362529,264.5428512,0.023057,0
Relay B->Mercury,787658.4879128,787908.6364547,250.1485419,0.035825,0
Relay B->Mercury,789941.1815091,790171.1418000,229.9602909,0.043105,0
Relay B->Mercury,792206.6393927,792418.6262168,211.9868240,0.044226,0
Relay B->Mercury,794450.5885581,794649.2388221,198.6502640,0.039994,0
Relay B->Mercury,796674.9883367,796863.5893213,188.6009846,0.031923,0
Relay B->Mercury,798884.0507737,799064.3539797,180.3032060,0.021545,0
Relay B->Mercury,801081.9528679,801255.1189975,173.1661296,0.010124,0
Relay B->Mercury,803272.2412144,803439.4879168,167.2467024,0.001387,0
Relay B->Mercury,805457.8952655,805620.7762066,162.8809412,0.012228,0
Relay B->Mercury,807641.5316027,807802.0839962,160.5523934,0.021794,0
Relay B->Mercury,809825.5983595,809986.5234817,160.9251223,0.029538,0
Relay B->Mercury,812012.5314599,812177.4649965,164.9335365,0.034872,0
Relay B->Mercury,814204.8846940,814378.6690034,173.7843094,0.037134,0
Relay B->Mercury,816405.4717609,816594.0804049,188.6086440,0.035638,0
Relay B->Mercury,818617.5335482,818826.9940075,209.4604592,0.029783,0
Relay B->Mercury,820844.7610191,821078.5327214,233.7717023,0.019386,0
Relay B->Mercury,823090.6783863,823346.0998467,255.4214604,0.005108,0
Relay B->Mercury,825356.7393171,825623.1725487,266.4332316,0.011210,0
Relay B->Mercury,827639.2058314,827901.2299401,262.0241086,0.026648,0
Relay B->Mercury,829927.2635309,830172.5445718,245.2810409,0.038210,0
Relay B->Mercury,832206.5211376,832431.5998427,225.0787051,0.043948,0
Relay B->Mercury,834466.7105843,834674.9642442,208.2536600,0.043618,0
Relay B->Mercury,836705.4585017,836901.3725394,195.9140377,0.038281,0
Relay B->Mercury,838925.6237231,839112.0327460,186.4090228,0.029501,0
Relay B->Mercury,841131.5381104,841309.9602662,178.4221559,0.018760,0
Relay B->Mercury,843327.2373163,843498.8050531,171.5677369,0.007255,0
Relay B->Mercury,845516.1104821,845682.1080168,165.9975348,0.004183,0
Relay B->Mercury,847701.0268596,847863.1151794,162.0883198,0.014743,0
Relay B->Mercury,849884.5443057,850044.9057804,160.3614748,0.023919,0
Relay B->Mercury,852069.0947505,852230.6350418,161.5402913,0.031120,0
Relay B->Mercury,854257.1316410,854423.7665242,166.6348832,0.035746,0
Relay B->Mercury,856451.2587889,856628.1455604,176.8867714,0.037139,0
Relay B->Mercury,858654.3811182,858847.6628007,193.2816825,0.034605,0
Relay B->Mercury,860869.8633856,861085.2338570,215.3704715,0.027613,0
Relay B->Mercury,863101.4526516,863341.1733464,239.7206948,0.016136,0
Relay B->Mercury,865352.3957855,865611.8436352,259.4478498,0.001140,0
Relay B->Mercury,867623.1639134,867889.9712664,266.8073530,0.015257,0
Relay B->Mercury,869908.2863919,870166.9932889,258.7068970,0.029992,0
Relay B->Mercury,872195.4697636,872435.6824559,240.2126923,0.040221,0
Relay B->Mercury,874470.6342520,874691.0742766,220.4400246,0.044409,0
Relay B->Mercury,876725.4260782,876930.2373804,204.8113022,0.042698,0
Relay B->Mercury,878959.1701194,879152.5201601,193.3500407,0.036354,0
Relay B->Mercury,881175.3772982,881359.6835591,184.3062608,0.026957,0
Relay B->Mercury,883378.3950740,883555.0039767,176.6089027,0.015923,0
Relay B->Mercury,885572.1008292,885742.1489149,170.0480857,0.004395,0
Relay B->Mercury,887759.7357615,887924.5865594,164.8507979,0.006911,0
Relay B->Mercury,889944.0722486,890105.5023838,161.4301353,0.017183,0
Relay B->Mercury,892127.6209756,892287.9703337,160.3493581,0.025918,0
Relay B->Mercury,894312.8067261,894475.2037281,162.3970020,0.032536,0
Relay B->Mercury,896502.1082276,896670.7651569,168.6569293,0.036423,0
Relay B->Mercury,898698.1886002,898878.5655311,180.3769310,0.036903,0
Relay B->Mercury,900904.0549277,901102.3779484,198.3230207,0.033293,0
Relay B->Mercury,903123.1939453,903344.6336042,221.4396589,0.025154,0
Relay B->Mercury,905359.3575569,905604.7470766,245.3895197,0.012665,0
Relay B->Mercury,907615.3731314,907878.0565597,262.6834283,0.002934,0
Relay B->Mercury,909890.5168284,910156.6934754,266.1766469,0.019208,0
Relay B->Mercury,912177.5059472,912432.2277654,254.7218182,0.033050,0
Relay B->Mercury,914462.8976437,914697.9862419,235.0885983,0.041850,0
Relay B->Mercury,916733.4420968,916949.5307754,216.0886786,0.044499,0
Relay B->Mercury,918982.8162826,919184.4506167,201.6343341,0.041491,0
Relay B->Mercury,921211.7912563,921402.7223581,190.9311018,0.034238,0
Relay B->Mercury,923424.3155471,923606.5981840,182.2826369,0.024312,0
Relay B->Mercury,925624.6775664,925799.5417854,174.8642190,0.013058,0
Relay B->Mercury,927816.5899922,927985.2022585,168.6122663,0.001519,0
Relay B->Mercury,930003.1576515,930166.9712743,163.8136227,0.009577,0
Relay B->Mercury,932187.0691563,932347.9851848,160.9160285,0.019530,0
Relay B->Mercury,934370.7989351,934531.3287183,160.5297832,0.027784,0
Relay B->Mercury,936556.7731718,936720.2870857,163.5139139,0.033783,0
Relay B->Mercury,938747.5037190,938918.5232505,171.0195315,0.036892,0
Relay B->Mercury,940945.7230164,941129.9849840,184.2619677,0.036408,0
Relay B->Mercury,943154.5502607,943358.2522689,203.7020082,0.031698,0
Relay B->Mercury,945377.5841366,945605.1624035,227.5782669,0.022423,0
Relay B->Mercury,947618.5106691,947869.1564416,250.6457725,0.008997,0
Relay B->Mercury,949879.5710953,950144.6024493,265.0313540,0.007047,0
Relay B->Mercury,952158.6394976,952423.2131115,264.5736139,0.023001,0
Relay B->Mercury,954446.6260616,954696.8444458,250.2183843,0.035787,0
Relay B->Mercury,956729.3650352,956959.3991705,230.0341353,0.043090,0
Relay B->Mercury,958994.8994135,959206.9438452,212.0444317,0.044231,0
Relay B->Mercury,961238.9268974,961437.6191584,198.6922610,0.040018,0
Relay B->Mercury,963463.3914975,963652.0257035,188.6342061,0.031961,0
Relay B->Mercury,965672.5025309,965852.8341271,180.3315961,0.021589,0
Relay B->Mercury,967870.4388965,968043.6292835,173.1903870,0.010183,0
Relay B->Mercury,970060.7495805,970228.0155319,167.2659514,0.001397,0
Relay B->Mercury,972246.4157676,972409.3094207,162.8936532,0.012179,0
Relay B->Mercury,974430.0550004,974590.6115030,160.5565026,0.021761,0
Relay B->Mercury,976614.1157228,976775.0334545,160.9177318,0.029515,0
Relay B->Mercury,978801.0336581,978965.9442896,164.9106314,0.034854,0
Relay B->Mercury,980993.3619217,981167.1031104,173.7411888,0.037134,0
Relay B->Mercury,983193.9129440,983382.4552103,188.5422664,0.035653,0
Relay B->Mercury,985405.9257950,985615.3002592,209.3744643,0.029815,0
Relay B->Mercury,987633.0903081,987866.7723893,233.6820812,0.019428,0
Relay B->Mercury,989878.9338647,990134.2902724,255.3564076,0.005166,0
Relay B->Mercury,992144.9231201,992411.3432297,266.4201095,0.011149,0
Relay B->Mercury,994427.3448282,994689.4123858,262.0675576,0.026598,0
Relay B->Mercury,996715.4084388,996960.7634600,245.3550212,0.038176,0
Relay B->Mercury,998994.7220706,999219.8714908,225.1494203,0.043939,0
Relay B->Mercury,1001254.9908296,1001463.2976395,208.3068099,0.043629,0
Relay B->Mercury,1003493.8145007,1003689.7677604,195.9532597,0.038308,0
Relay B->Mercury,1005714.0404631,1005900.4812902,186.4408271,0.029536,0
Relay B->Mercury,1007919.9996434,1008098.4491817,178.4495382,0.018798,0
Relay B->Mercury,1010115.7299439,1010287.3208057,171.5908618,0.007278,0
Relay B->Mercury,1012304.6227750,1012470.6380919,166.0153170,0.004126,0
Relay B->Mercury,1014489.5489253,1014651.6480330,162.0991077,0.014713,0
Relay B->Mercury,1016673.0670351,1016833.4300667,160.3630316,0.023883,0
Relay B->Mercury,1018857.6092082,1019019.1386639,161.5294557,0.031093,0
Relay B->Mercury,1021045.6285747,1021212.2359525,166.6073778,0.035738,0
Relay B->Mercury,1023239.7281388,1023416.5661260,176.8379872,0.037144,0
Relay B->Mercury,1025442.8113917,1025636.0210706,193.2096789,0.034625,0
Relay B->Mercury,1027658.2412511,1027873.5227708,215.2815197,0.027644,0
Relay B->Mercury,1029889.7642757,1030129.3985289,239.6342533,0.016190,0
Relay B->Mercury,1032140.6324211,1032400.0261065,259.3936853,0.001231,0
Relay B->Mercury,1034411.3329204,1034678.1420978,266.8091774,0.015200,0
Relay B->Mercury,1036696.4215719,1036955.1828560,258.7612841,0.029944,0
Relay B->Mercury,1038983.6246933,1039223.9132434,240.2885501,0.040195,0
Relay B->Mercury,1041258.8540231,1041479.3607732,220.5067501,0.044404,0
Relay B->Mercury,1043513.7262369,1043718.5865465,204.8603096,0.042714,0
Relay B->Mercury,1045747.5427963,1045940.9297146,193.3869183,0.036383,0
Relay B->Mercury,1047963.8066157,1048148.1434418,184.3368261,0.026995,0
Relay B->Mercury,1050166.8655347,1050343.5008136,176.6352789,0.015964,0
Relay B->Mercury,1052360.5993501,1052530.6693584,170.0700083,0.004397,0
Relay B->Mercury,1054548.2513713,1054713.1183823,164.8670111,0.006861,0
Relay B->Mercury,1056732.5953153,1056894.0341779,161.4388626,0.017149,0
Relay B->Mercury,1058916.1424850,1059076.4906524,160.3481674,0.025885,0
Relay B->Mercury,1061101.3177065,1061263.7001597,162.3824532,0.032514,0
Relay B->Mercury,1063290.5992755,1063459.2237996,168.6245241,0.036417,0
Relay B->Mercury,1065486.6493622,1065666.9716963,180.3223341,0.036906,0
Relay B->Mercury,1067692.4734598,1067890.7192107,198.2457509,0.033315,0
Relay B->Mercury,1069911.5565456,1070132.9055120,221.3489664,0.025192,0
Relay B->Mercury,1072147.6509172,1072392.9591056,245.3081884,0.012719,0
Relay B->Mercury,1074403.5913180,1074666.2330636,262.6417456,0.002874,0
Relay B->Mercury,1076678.6731609,1076944.8663794,266.1932185,0.019151,0
Relay B->Mercury,1078965.6407961,1079220.4258429,254.7850468,0.033008,0
Relay B->Mercury,1081251.0655121,1081486.2298223,235.1643102,0.041830,0
Relay B->Mercury,1083521.6816214,1083737.8325671,216.1509457,0.044499,0
Relay B->Mercury,1085771.1357807,1085972.8154043,201.6796236,0.041510,0
Relay B->Mercury,1088000.1795882,1088191.1455966,190.9660084,0.034273,0
Relay B->Mercury,1090212.7564739,1090395.0685588,182.3120849,0.024354,0
Relay B->Mercury,1092413.1561455,1092588.0457109,174.8895655,0.013095,0
Relay B->Mercury,1094605.0937299,1094773.7266365,168.6329067,0.001569,0
Relay B->Mercury,1096791.6759843,1096955.5041419,163.8281577,0.009541,0
Relay B->Mercury,1098975.5926679,1099136.5152141,160.9225461,0.019488,0
Relay B->Mercury,1101159.3186702,1101319.8443030,160.5256329,0.027760,0
Relay B->Mercury,1103345.2800938,1103508.7754618,163.4953680,0.033769,0
Relay B->Mercury,1105535.9882423,1105706.9701821,170.9819398,0.036884,0
Relay B->Mercury,1107734.1744517,1107918.3759483,184.2014966,0.036421,0
Relay B->Mercury,1109942.9561926,1110146.5762149,203.6200223,0.031722,0
Relay B->Mercury,1112165.9306132,1112393.4178854,227.4872723,0.022468,0
Relay B->Mercury,1114406.7853347,1114657.3568670,250.5715322,0.009051,0
Relay B->Mercury,1116667.7716075,1116932.7750260,265.0034184,0.006986,0
Relay B->Mercury,1118946.7857219,1119211.3898998,264.6041780,0.022946,0
Relay B->Mercury,1121234.7641360,1121485.0522836,250.2881477,0.035750,0
Relay B->Mercury,1123517.5483168,1123747.6563343,230.1080174,0.043075,0
Relay B->Mercury,1125783.1591338,1125995.2612411,212.1021073,0.044238,0
Relay B->Mercury,1128027.2649678,1128225.9992703,198.7343025,0.040043,0
Relay B->Mercury,1130251.7944492,1130440.4618996,188.6674504,0.031992,0
Relay B->Mercury,1132460.9541365,1132641.3141381,180.3600016,0.021628,0
Relay B->Mercury,1134658.9248222,1134832.1394829,173.2146606,0.010210,0
Relay B->Mercury,1136849.2578837,1137016.5431048,167.2852211,0.001311,0
Relay B->Mercury,1139034.9362422,1139197.8426348,162.9063926,0.012155,0
Relay B->Mercury,1141218.5784036,1141379.1390518,160.5606482,0.021729,0
Relay B->Mercury,1143402.6331247,1143563.5435151,160.9103904,0.029489,0
Relay B->Mercury,1145589.5359298,1145754.4237219,164.8877921,0.034843,0
Relay B->Mercury,1147781.8392607,1147955.5374118,173.6981511,0.037130,0
Relay B->Mercury,1149982.3542827,1150170.8302566,188.4759738,0.035665,0
Relay B->Mercury,1152194.3182479,1152403.6067692,209.2885213,0.029843,0
Relay B->Mercury,1154421.4198536,1154655.0122803,233.5924268,0.019474,0
Relay B->Mercury,1156667.1896235,1156922.4808306,255.2912071,0.005217,0
Relay B->Mercury,1158933.1071559,1159199.5139235,266.4067676,0.011085,0
Relay B->Mercury,1161215.4839069,1161477.5947376,262.1108308,0.026545,0
Relay B->Mercury,1163503.5532221,1163748.9821793,245.4289572,0.038143,0
Relay B->Mercury,1165782.9227337,1166008.1429230,225.2201893,0.043930,0
Relay B->Mercury,1168043.2707769,1168251.6308004,208.3600235,0.043642,0
Relay B->Mercury,1170282.1702448,1170478.1627647,195.9925199,0.038334,0
Relay B->Mercury,1172502.4570092,1172688.9296602,186.4726510,0.029577,0
Relay B->Mercury,1174708.4610382,1174886.9379734,178.4769351,0.018843,0
Relay B->Mercury,1176904.2224785,1177075.8364831,171.6140046,0.007341,0
Relay B->Mercury,1179093.1350142,1179259.1681358,166.0331216,0.004108,0
Relay B->Mercury,1181278.0709716,1181440.1808971,162.1099255,0.014670,0
Relay B->Mercury,1183461.5897788,1183621.9544059,160.3646271,0.023857,0
Relay B->Mercury,1185646.1237131,1185807.6423863,161.5186732,0.031075,0
Relay B->Mercury,1187834.1255907,1188000.7055336,166.5799429,0.035723,0
Relay B->Mercury,1190028.1976105,1190204.9868988,176.7892883,0.037143,0
Relay B->Mercury,1192231.2418329,1192424.3795894,193.1377566,0.034639,0
Relay B->Mercury,1194446.6193362,1194661.8119396,215.1926033,0.027678,0
Relay B->Mercury,1196678.0761665,1196917.6239172,239.5477507,0.016237,0
Relay B->Mercury,1198928.8693339,1199188.2086812,259.3393474,0.001281,0
Relay B->Mercury,1201199.5021323,1201466.3129126,266.8107803,0.015142,0
Relay B->Mercury,1203484.5567831,1203743.3723072,258.8155241,0.029897,0
Relay B->Mercury,1205771.7794520,1206012.1438478,240.3643959,0.040167,0
Relay B->Mercury,1208047.0735070,1208267.6470464,220.5735395,0.044401,0
Relay B->Mercury,1210302.0261041,1210506.9354798,204.9093757,0.042731,0
Relay B->Mercury,1212535.9152335,1212729.3390609,193.4238274,0.036416,0
Relay B->Mercury,1214752.2357541,1214936.6031624,184.3674083,0.027032,0
Relay B->Mercury,1216955.3358692,1217131.9975389,176.6616697,0.016006,0
Relay B->Mercury,1219149.0977887,1219319.1897382,170.0919495,0.004476,0
Relay B->Mercury,1221336.7669364,1221501.6501848,164.8832483,0.006835,0
Relay B->Mercury,1223521.1183714,1223682.5659930,161.4476216,0.017111,0
Relay B->Mercury,1225704.6640166,1225865.0110358,160.3470192,0.025860,0
Relay B->Mercury,1227889.8287426,1228052.1967043,162.3679616,0.032496,0
Relay B->Mercury,1230079.0904154,1230247.6826090,168.5921936,0.036407,0
Relay B->Mercury,1232275.1102568,1232455.3780807,180.2678239,0.036915,0
Relay B->Mercury,1234480.8921722,1234679.0607280,198.1685557,0.033335,0
Relay B->Mercury,1236699.9193786,1236921.1776680,221.2582893,0.025233,0
Relay B->Mercury,1238935.9445518,1239181.1713189,245.2267671,0.012776,0
Relay B->Mercury,1241191.8097733,1241454.4096411,262.5998678,0.002822,0
Relay B->Mercury,1243466.8296636,1243733.0392393,266.2095757,0.019091,0
Relay B->Mercury,1245753.7756237,1246008.6237849,254.8481612,0.032965,0
Relay B->Mercury,1248039.2331697,1248274.4732074,235.2400377,0.041808,0
Relay B->Mercury,1250309.9208490,1250526.1341294,216.2132804,0.044500,0
Relay B->Mercury,1252559.4549972,1252761.1799623,201.7249651,0.041530,0
Relay B->Mercury,1254788.5676957,1254979.5686375,191.0009418,0.034303,0
Relay B->Mercury,1257001.1972355,1257183.5387844,182.3415489,0.024391,0
Relay B->Mercury,1259201.6346101,1259376.5495373,174.9149272,0.013144,0
Relay B->Mercury,1261393.5973951,1261562.2509614,168.6535664,0.001608,0
Relay B->Mercury,1263580.1942810,1263744.0369993,163.8427184,0.009500,0
Relay B->Mercury,1265764.1161767,1265925.0452746,160.9290979,0.019463,0
Relay B->Mercury,1267947.8384355,1268108.3599635,160.5215280,0.027730,0
Relay B->Mercury,1270133.7870804,1270297.2639636,163.4768832,0.033749,0
Relay B->Mercury,1272324.4728671,1272495.4172939,170.9444268,0.036880,0
Relay B->Mercury,1274522.6260306,1274706.7671436,184.1411130,0.036426,0
Relay B->Mercury,1276731.3623177,1276934.9004186,203.5381010,0.031747,0
Relay B->Mercury,1278954.2773350,1279181.6736053,227.3962703,0.022507,0
Relay B->Mercury,1281195.0602795,1281445.5574518,250.4971724,0.009108,0
Relay B->Mercury,1283455.9723738,1283720.9476458,264.9752719,0.006920,0
Relay B->Mercury,1285734.9320754,1285999.5666181,264.6345427,0.022891,0
Relay B->Mercury,1288022.9021369,1288273.2599684,250.3578315,0.035712,0
Relay B->Mercury,1290305.7313546,1290535.9132916,230.1819370,0.043059,0
Relay B->Mercury,1292571.4185535,1292783.5784041,212.1598506,0.044245,0
Relay B->Mercury,1294815.6027695,1295014.3791579,198.7763884,0.040065,0
Relay B->Mercury,1297040.1971921,1297228.8979095,188.7007174,0.032030,0
Relay B->Mercury,1299249.4055904,1299429.7940124,180.3884220,0.021670,0
Relay B->Mercury,1301447.4106444,1301620.6495951,173.2389507,0.010268,0
Relay B->Mercury,1303637.7661239,1303805.0706359,167.3045120,0.001304,0
Relay B->Mercury,1305823.4566895,1305986.3758489,162.9191594,0.012103,0
Relay B->Mercury,1308007.1018127,1308167.6666428,160.5648301,0.021697,0
Relay B->Mercury,1310191.1505655,1310352.0536636,160.9030981,0.029466,0
Relay B->Mercury,1312378.0382749,1312542.9032933,164.8650184,0.034825,0
Relay B->Mercury,1314570.3167113,1314743.9719068,173.6551955,0.037132,0
Relay B->Mercury,1316770.7957767,1316959.2055436,188.4097669,0.035678,0
Relay B->Mercury,1318982.7109073,1319191.9135376,209.2026303,0.029874,0
Relay B->Mercury,1321209.7496556,1321443.2523955,233.5027399,0.019522,0
Relay B->Mercury,1323455.4456626,1323710.6715213,255.2258587,0.005273,0
Relay B->Mercury,1325721.2914251,1325987.6846305,266.3932054,0.011024,0
Relay B->Mercury,1328003.6230682,1328265.7769951,262.1539268,0.026492,0
Relay B->Mercury,1330291.6978813,1330537.2007297,245.5028484,0.038110,0
Relay B->Mercury,1332571.1231276,1332796.4141394,225.2910118,0.043920,0
Relay B->Mercury,1334831.5504256,1335039.9637274,208.4133017,0.043652,0
Relay B->Mercury,1337070.5257341,1337266.5575517,196.0318177,0.038363,0
Relay B->Mercury,1339290.8733612,1339477.3778557,186.5044944,0.029609,0
Relay B->Mercury,1341496.9222940,1341675.4266411,178.5043471,0.018882,0
Relay B->Mercury,1343692.7149206,1343864.3520850,171.6371644,0.007364,0
Relay B->Mercury,1345881.6471997,1346047.6981481,166.0509484,0.004042,0
Relay B->Mercury,1348066.5929989,1348228.7137715,162.1207726,0.014637,0
Relay B->Mercury,1350250.1125361,1350410.4787983,160.3662622,0.023822,0
Relay B->Mercury,1352434.6382650,1352596.1462089,161.5079439,0.031048,0
Relay B->Mercury,1354622.6226891,1354789.1752676,166.5525784,0.035714,0
Relay B->Mercury,1356816.6672040,1356993.4078783,176.7406743,0.037146,0
Relay B->Mercury,1359019.6724416,1359212.7383569,193.0659153,0.034658,0
Relay B->Mercury,1361234.9976407,1361450.1013638,215.1037230,0.027715,0
Relay B->Mercury,1363466.3883237,1363705.8495113,239.4611876,0.016285,0
Relay B->Mercury,1365717.1065239,1365976.3913602,259.2848363,0.001313,0
Relay B->Mercury,1367987.6715497,1368254.4837114,266.8121617,0.015080,0
Relay B->Mercury,1370272.6920265,1370531.5616425,258.8696160,0.029850,0
Relay B->Mercury,1372559.9340404,1372800.3742694,240.4402289,0.040140,0
Relay B->Mercury,1374835.2927040,1375055.9330961,220.6403921,0.044398,0
Relay B->Mercury,1377090.3256797,1377295.2841800,204.9585004,0.042746,0
Relay B->Mercury,1379324.2874306,1379517.7481993,193.4607687,0.036443,0
Relay B->Mercury,1381540.6647130,1381725.0627214,184.3980083,0.027073,0
Relay B->Mercury,1383743.8060771,1383920.4941529,176.6880758,0.016049,0
Relay B->Mercury,1385937.5961448,1386107.7100538,170.1139090,0.004483,0
Relay B->Mercury,1388125.2824565,1388290.1819659,164.8995094,0.006780,0
Relay B->Mercury,1390309.6414164,1390471.0978285,161.4564121,0.017080,0
Relay B->Mercury,1392493.1855704,1392653.5314831,160.3459127,0.025828,0
Relay B->Mercury,1394678.3398343,1394840.6933614,162.3535271,0.032474,0
Relay B->Mercury,1396867.5816468,1397036.1415845,168.5599377,0.036399,0
Relay B->Mercury,1399063.5712837,1399243.7846843,180.2134006,0.036917,0
Relay B->Mercury,1401269.3110644,1401467.4024998,198.0914354,0.033359,0
Relay B->Mercury,1403488.2824441,1403709.4500726,221.1676285,0.025269,0
Relay B->Mercury,1405724.2384607,1405969.3837167,245.1452560,0.012826,0
Relay B->Mercury,1407980.0284976,1408242.5862926,262.5577950,0.002778,0
Relay B->Mercury,1410254.9863371,1410521.2120553,266.2257183,0.019033,0
Relay B->Mercury,1412541.9104310,1412796.8215915,254.9111605,0.032921,0
Relay B->Mercury,1414827.4006168,1415062.7163967,235.3157799,0.041786,0
Relay B->Mercury,1417098.1597794,1417314.4354626,216.2756832,0.044501,0
Relay B->Mercury,1419347.7739321,1419549.5442904,201.7703583,0.041551,0
Relay B->Mercury,1421576.9555784,1421767.9914805,191.0359020,0.034337,0
Relay B->Mercury,1423789.6378318,1423972.0088607,182.3710289,0.024435,0
Relay B->Mercury,1425990.1129597,1426165.0532645,174.9403048,0.013180,0
Relay B->Mercury,1428182.1009876,1428350.7752336,168.6742461,0.001645,0
Relay B->Mercury,1430368.7125415,1430532.5698460,163.8573046,0.009461,0
Relay B->Mercury,1432552.6396831,1432713.5753666,160.9356835,0.019420,0
Relay B->Mercury,1434736.3582312,1434896.8756996,160.5174685,0.027707,0
Relay B->Mercury,1436922.2941312,1437085.7525910,163.4584599,0.033734,0
Relay B->Mercury,1439112.9575933,1439283.8645858,170.9069924,0.036873,0
Relay B->Mercury,1441311.0777532,1441495.1585692,184.0808160,0.036437,0
Relay B->Mercury,1443519.7686359,1443723.2248806,203.4562447,0.031776,0
Relay B->Mercury,1445742.6243016,1445969.9295632,227.3052616,0.022550,0
Relay B->Mercury,1447983.3355035,1448233.7581972,250.4226937,0.009170,0
Relay B->Mercury,1450244.1733948,1450509.1203092,264.9469144,0.006857,0
Relay B->Mercury,1452523.0785583,1452787.7432662,264.6647079,0.022837,0
Relay B->Mercury,1454811.0400649,1455061.4675001,250.4274352,0.035673,0
Relay B->Mercury,1457093.9141484,1457324.1700424,230.2558939,0.043042,0
Relay B->Mercury,1459359.6776730,1459571.8953341,212.2176611,0.044251,0
Relay B->Mercury,1461603.9403020,1461802.7588211,198.8185191,0.040089,0
Relay B->Mercury,1463828.5997254,1464017.3337325,188.7340071,0.032063,0
Relay B->Mercury,1466037.8568927,1466218.2737502,180.4168575,0.021710,0
Relay B->Mercury,1468235.8963629,1468409.1596199,173.2632570,0.010295,0
Relay B->Mercury,1470426.2743009,1470593.5981246,167.3238237,0.001237,0
Relay B->Mercury,1472611.9771091,1472774.9090630,162.9319539,0.012079,0
Relay B->Mercury,1474795.6252271,1474956.1942755,160.5690484,0.021663,0
Relay B->Mercury,1476979.6680447,1477140.5638996,160.8958549,0.029439,0
Relay B->Mercury,1479166.5406929,1479331.3830036,164.8423107,0.034815,0
Relay B->Mercury,1481358.7942733,1481532.4065953,173.6123221,0.037126,0
Relay B->Mercury,1483559.2374262,1483747.5810710,188.3436449,0.035693,0
Relay B->Mercury,1485771.1037725,1485980.2205642,209.1167917,0.029905,0
Relay B->Mercury,1487998.0797139,1488231.4927343,233.4130204,0.019568,0
Relay B->Mercury,1490243.7019826,1490498.8623456,255.1603630,0.005335,0
Relay B->Mercury,1492509.4759279,1492775.8553511,266.3794231,0.010963,0
Relay B->Mercury,1494791.7623128,1495053.9591590,262.1968462,0.026440,0
Relay B->Mercury,1497079.8424174,1497325.4191116,245.5766943,0.038077,0
Relay B->Mercury,1499359.3232523,1499584.6851398,225.3618875,0.043909,0
Relay B->Mercury,1501619.8297762,1501828.2964205,208.4666443,0.043663,0
Relay B->Mercury,1503858.8809682,1504054.9521219,196.0711536,0.038388,0
Relay B->Mercury,1506079.2895187,1506265.8258764,186.5363576,0.029648,0
Relay B->Mercury,1508285.3834110,1508463.9151849,178.5317738,0.018925,0
Relay B->Mercury,1510481.2072700,1510652.8676113,171.6603413,0.007427,0
Relay B->Mercury,1512670.1593312,1512836.2281288,166.0687976,0.004033,0
Relay B->Mercury,1514855.1150070,1515017.2466561,162.1316490,0.014598,0
Relay B->Mercury,1517038.6353070,1517199.0032433,160.3679364,0.023795,0
Relay B->Mercury,1519223.1528641,1519384.6501311,161.4972670,0.031030,0
Relay B->Mercury,1521411.1198698,1521577.6451539,166.5252841,0.035700,0
Relay B->Mercury,1523605.1369189,1523781.8290647,176.6921458,0.037146,0
Relay B->Mercury,1525808.1032175,1526001.0973731,192.9941556,0.034675,0
Relay B->Mercury,1528023.3761646,1528238.3910431,215.0148785,0.027747,0
Relay B->Mercury,1530254.7007469,1530494.0753113,239.3745644,0.016336,0
Relay B->Mercury,1532505.3439914,1532764.5741433,259.2301519,0.001367,0
Relay B->Mercury,1534775.8411728,1535042.6544946,266.8133218,0.015019,0
Relay B->Mercury,1537060.8273031,1537319.7508625,258.9235594,0.029803,0
Relay B->Mercury,1539348.0884594,1539588.6045080,240.5160487,0.040112,0
Relay B->Mercury,1541623.5116142,1541844.2189223,220.7073081,0.044392,0
Relay B->Mercury,1543878.6249634,1544083.6326472,205.0076838,0.042761,0
Relay B->Mercury,1546112.6593877,1546306.1571296,193.4977419,0.036474,0
Relay B->Mercury,1548329.0934922,1548513.5221177,184.4286256,0.027109,0
Relay B->Mercury,1550532.2761585,1550708.9906553,176.7144969,0.016090,0
Relay B->Mercury,1552726.0944182,1552896.2303051,170.1358869,0.004558,0
Relay B->Mercury,1554913.7979316,1555078.7137262,164.9157946,0.006760,0
Relay B->Mercury,1557098.1644508,1557259.6296848,161.4652340,0.017039,0
Relay B->Mercury,1559281.7071458,1559442.0519944,160.3448486,0.025802,0
Relay B->Mercury,1561466.8509816,1561629.1901308,162.3391492,0.032457,0
Relay B->Mercury,1563656.0729700,1563824.6007265,168.5277565,0.036390,0
Relay B->Mercury,1565852.0324432,1566032.1915070,180.1590638,0.036924,0
Relay B->Mercury,1568057.7301365,1568255.7445260,198.0143895,0.033378,0
Relay B->Mercury,1570276.6457418,1570497.7227260,221.0769842,0.025307,0
Relay B->Mercury,1572512.5326434,1572757.5962991,245.0636556,0.012877,0
Relay B->Mercury,1574768.2474910,1575030.7630187,262.5155277,0.002701,0
Relay B->Mercury,1577043.1431817,1577309.3848280,266.2416463,0.018975,0
Relay B->Mercury,1579330.0452188,1579585.0192629,254.9740441,0.032877,0
Relay B->Mercury,1581615.5678540,1581850.9593910,235.3915370,0.041764,0
Relay B->Mercury,1583886.3984131,1584102.7365667,216.3381536,0.044504,0
Relay B->Mercury,1586136.0925854,1586337.9083890,201.8158035,0.041569,0
Relay B->Mercury,1588365.3432363,1588556.4141256,191.0708892,0.034368,0
Relay B->Mercury,1590578.0782624,1590760.4787873,182.4005249,0.024470,0
Relay B->Mercury,1592778.5911947,1592953.5568923,174.9656975,0.013230,0
Relay B->Mercury,1594970.6045076,1595139.2994524,168.6949449,0.001698,0
Relay B->Mercury,1597157.2307655,1597321.1026820,163.8719165,0.009424,0
Relay B->Mercury,1599341.1631867,1599502.1054894,160.9423027,0.019393,0
Relay B->Mercury,1601524.8780569,1601685.3915116,160.5134547,0.027676,0
Relay B->Mercury,1603710.8012460,1603874.2413441,163.4400980,0.033714,0
Relay B->Mercury,1605901.4424206,1606072.3120576,170.8696370,0.036869,0
Relay B->Mercury,1608099.5296191,1608283.5502254,184.0206063,0.036445,0
Relay B->Mercury,1610308.1751467,1610511.5496002,203.3744535,0.031799,0
Relay B->Mercury,1612530.9715129,1612758.1857597,227.2142467,0.022595,0
Relay B->Mercury,1614771.6110064,1615021.9591027,250.3480964,0.009220,0
Relay B->Mercury,1617032.3746704,1617297.2930168,264.9183464,0.006797,0
Relay B->Mercury,1619311.2251719,1619575.9198452,264.6946733,0.022784,0
Relay B->Mercury,1621599.1779209,1621849.6748792,250.4969583,0.035634,0
Relay B->Mercury,1623882.0966991,1624112.4265870,230.3298879,0.043027,0
Relay B->Mercury,1626147.9364918,1626360.2120317,212.2755399,0.044256,0
Relay B->Mercury,1628392.2775651,1628591.1382600,198.8606949,0.040113,0
Relay B->Mercury,1630617.0020491,1630805.7693690,188.7673199,0.032098,0
Relay B->Mercury,1632826.3080426,1633006.7533509,180.4453082,0.021750,0
Relay B->Mercury,1635024.3819779,1635197.6695572,173.2875793,0.010354,0
Relay B->Mercury,1637214.7824146,1637382.1255711,167.3431566,0.001211,0
Relay B->Mercury,1639400.4975008,1639563.4422766,162.9447758,0.012027,0
Relay B->Mercury,1641584.1486470,1641744.7219502,160.5733032,0.021633,0
Relay B->Mercury,1643768.1855625,1643929.0742232,160.8886607,0.029417,0
Relay B->Mercury,1645955.0431842,1646119.8628527,164.8196685,0.034795,0
Relay B->Mercury,1648147.2719461,1648320.8414775,173.5695314,0.037126,0
Relay B->Mercury,1650347.6792306,1650535.9568390,188.2776084,0.035703,0
Relay B->Mercury,1652559.4968439,1652768.5278491,209.0310051,0.029932,0
Relay B->Mercury,1654786.4100286,1655019.7332975,233.3232689,0.019612,0
Relay B->Mercury,1657031.9585828,1657287.0533031,255.0947204,0.005403,0
Relay B->Mercury,1659297.6606647,1659564.0260855,266.3654208,0.010905,0
Relay B->Mercury,1661579.9016415,1661842.1412297,262.2395883,0.026389,0
Relay B->Mercury,1663867.9868308,1664113.6373249,245.6504941,0.038045,0
Relay B->Mercury,1666147.5231081,1666372.9559246,225.4328165,0.043899,0
Relay B->Mercury,1668408.1088284,1668616.6288792,208.5200508,0.043675,0
Relay B->Mercury,1670647.2359468,1670843.3464748,196.1105280,0.038415,0
Relay B->Mercury,1672867.7054819,1673054.2737223,186.5682404,0.029683,0
Relay B->Mercury,1675073.8443888,1675252.4036041,178.5592153,0.018966,0
Relay B->Mercury,1677269.6995262,1677441.3830618,171.6835356,0.007449,0
Relay B->Mercury,1679458.6714085,1679624.7580780,166.0866694,0.003959,0
Relay B->Mercury,1681643.6369957,1681805.7795504,162.1425548,0.014562,0
Relay B->Mercury,1683827.1580914,1683987.5277408,160.3696494,0.023762,0
Relay B->Mercury,1686011.6675099,1686173.1541530,161.4866431,0.031003,0
Relay B->Mercury,1688199.6171328,1688366.1151925,166.4980597,0.035690,0
Relay B->Mercury,1690393.6067551,1690570.2504574,176.6437023,0.037148,0
Relay B->Mercury,1692596.5341605,1692789.4566380,192.9224775,0.034691,0
Relay B->Mercury,1694811.7549075,1695026.6809777,214.9260702,0.027780,0
Relay B->Mercury,1697043.0134364,1697282.3013178,239.2878814,0.016389,0
Relay B->Mercury,1699293.5817364,1699552.7570316,259.1752951,0.001439,0
Relay B->Mercury,1701564.0110024,1701830.8252624,266.8142600,0.014960,0
Relay B->Mercury,1703848.9626132,1704107.9399673,258.9773540,0.029754,0
Relay B->Mercury,1706136.2427095,1706376.8345643,240.5918548,0.040085,0
Relay B->Mercury,1708411.7302381,1708632.5045251,220.7742870,0.044387,0
Relay B->Mercury,1710666.9239553,1710871.9808811,205.0569258,0.042778,0
Relay B->Mercury,1712901.0311042,1713094.5658516,193.5347474,0.036503,0
Relay B->Mercury,1715117.5220915,1715301.9813517,184.4592602,0.027152,0
Relay B->Mercury,1717320.7461129,1717497.4870459,176.7409329,0.016134,0
Relay B->Mercury,1719514.5926090,1719684.7504920,170.1578829,0.004568,0
Relay B->Mercury,1721702.3133615,1721867.2454654,164.9321039,0.006698,0
Relay B->Mercury,1723886.6874737,1724048.1615614,161.4740877,0.017010,0
Relay B->Mercury,1726070.2287430,1726230.5725697,160.3438268,0.025771,0
Relay B->Mercury,1728255.3621842,1728417.6870126,162.3248284,0.032435,0
Relay B->Mercury,1730444.5643843,1730613.0600344,168.4956501,0.036381,0
Relay B->Mercury,1732640.4937345,1732820.5985488,180.1048143,0.036928,0
Relay B->Mercury,1734846.1493884,1735044.0868071,197.9374187,0.033400,0
Relay B->Mercury,1737065.0092715,1737285.9956280,220.9863565,0.025347,0
Relay B->Mercury,1739300.8271004,1739545.8090669,244.9819665,0.012930,0
Relay B->Mercury,1741556.4667538,1741818.9398197,262.4730659,0.002632,0
Relay B->Mercury,1743831.3001982,1744097.5575575,266.2573593,0.018918,0
Relay B->Mercury,1746118.1799880,1746373.2167996,255.0368116,0.032834,0
Relay B->Mercury,1748403.7348818,1748639.2021900,235.4673083,0.041743,0
Relay B->Mercury,1750674.6367501,1750891.0374416,216.4006915,0.044503,0
Relay B->Mercury,1752924.4109567,1753126.2722574,201.8613007,0.041590,0
Venus->Relay A,4039.7195648,4384.8691655,345.1496007,0.002845,0
Venus->Relay A,10250.4857703,10582.3061639,331.8203936,0.029188,0
Venus->Relay A,16458.7357694,16786.2644860,327.5287166,0.031744,0
Venus->Relay A,22647.1141125,22987.7197477,340.6056352,0.008593,0
Venus->Relay A,28834.9054819,29167.0853146,332.1798327,0.021250,0
Venus->Relay A,35024.1080288,35344.6810833,320.5730546,0.033944,0
Venus->Relay A,41205.6108211,41542.4291738,336.8183527,0.019276,0
Venus->Relay A,47399.7974995,47743.5572809,343.7597814,0.011210,0
Venus->Relay A,53613.6452264,53941.3988172,327.7535908,0.032734,0
Venus->Relay A,59816.1211342,60147.2723449,331.1512108,0.027561,0
Venus->Relay A,66002.2827569,66343.3626097,341.0798528,0.000197,0
Venus->Relay A,72191.6473001,72518.8425647,327.1952646,0.027118,0
Venus->Relay A,78378.6732751,78701.3837682,322.7104931,0.032606,0
Venus->Relay A,84560.8017083,84902.4370579,341.6353495,0.011735,0
Venus->Relay A,90761.6082340,91101.8365384,340.2283044,0.018889,0
Venus->Relay A,96975.7466124,97301.3539253,325.6073129,0.034225,0
Venus->Relay A,103172.1657540,103507.5109650,335.3452110,0.021677,0
Venus->Relay A,109357.9014009,109697.2303022,339.3289013,0.008209,0
Venus->Relay A,115548.2176844,115871.2250773,323.0073929,0.031317,0
Venus->Relay A,121732.6313463,122059.6857518,327.0544055,0.029248,0
Venus->Relay A,127917.5567559,128262.1146282,344.5578723,0.003439,0
Venus->Relay A,134124.6148895,134460.0565428,335.4416533,0.025397,0
Venus->Relay A,140336.2154502,140662.0942537,325.8788035,0.033569,0
Venus->Relay A,146527.4231309,146866.3554162,338.9322853,0.014469,0
Venus->Relay A,152714.0762025,153049.7405804,335.6643779,0.016076,0
Venus->Relay A,158904.2186717,159224.9019042,320.6832325,0.033591,0
Venus->Relay A,165086.4804877,165419.1196142,332.6391265,0.024068,0
Venus->Relay A,171276.2052029,171621.2268664,345.0216634,0.005100,0
Venus->Relay A,177488.0340568,177818.6415659,330.6075091,0.030317,0
Venus->Relay A,183694.8519298,184023.2184280,328.3664982,0.030818,0
Venus->Relay A,189882.4566802,190223.4027687,340.9460886,0.006390,0
Venus->Relay A,196070.6870538,196401.5357033,330.8486495,0.022948,0
Venus->Relay A,202259.3976649,202580.2866241,320.8889592,0.033793,0
Venus->Relay A,208440.8641468,208779.0931803,338.2290335,0.017378,0
Venus->Relay A,214636.7770213,214979.7811190,343.0040977,0.013331,0
Venus->Relay A,220850.9863223,221177.9520324,326.9657102,0.033336,0
Venus->Relay A,227051.8343402,227384.0907305,332.2563903,0.026153,0
Venus->Relay A,233237.7214156,233578.5500716,340.8286560,0.002063,0
Venus->Relay A,239427.4245731,239753.3844472,325.9598742,0.028406,0
Venus->Relay A,245613.7668296,245937.4453079,323.6784782,0.031909,0
Venus->Relay A,251796.4232031,252139.0495213,342.6263182,0.009589,0
Venus->Relay A,257998.9690028,258338.0054189,339.0364161,0.020747,0
Venus->Relay A,264212.6970464,264538.1364685,325.4394221,0.034261,0
Venus->Relay A,270407.6135653,270744.0137855,336.4002202,0.019879,0
Venus->Relay A,276593.4865574,276932.0067683,338.5202110,0.010363,0
Venus->Relay A,282783.8795153,283106.0528990,322.1733837,0.032115,0
Venus->Relay A,288967.6390299,289296.1008147,328.4617848,0.028042,0
Venus->Relay A,295153.6590904,295498.5903090,344.9312186,0.001177,0
Venus->Relay A,301362.1684364,301696.2807478,334.1123114,0.026870,0
Venus->Relay A,307572.6833175,307899.0297195,326.3464019,0.033039,0
Venus->Relay A,313762.7594455,314102.4097947,339.6503491,0.012395,0
Venus->Relay A,319949.7974306,320284.2578107,334.4603801,0.018013,0
Venus->Relay A,326139.6780428,326460.1552724,320.4772296,0.033848,0
Venus->Relay A,332321.5645887,332655.7365752,334.1719866,0.022428,0
Venus->Relay A,338512.8277274,338857.5441598,344.7164323,0.007329,0
Venus->Relay A,344725.5489858,345055.0290836,329.4800978,0.031312,0
Venus->Relay A,350930.8504478,351260.1550261,329.3045783,0.029759,0
Venus->Relay A,357117.8165168,357458.9506599,341.1341431,0.004174,0
Venus->Relay A,363306.4780978,363635.9898537,329.5117559,0.024548,0
Venus->Relay A,369494.6287330,369816.0186533,321.3899202,0.033495,0
Venus->Relay A,375676.2007750,376015.7550734,339.5542984,0.015402,0
Venus->Relay A,381873.8720258,382215.9809276,342.1089017,0.015396,0
Venus->Relay A,388088.2385968,388414.5683922,326.3297954,0.033789,0
Venus->Relay A,394287.4624387,394620.8417803,333.3793416,0.024633,0
Venus->Relay A,400473.1964523,400813.6173180,340.4208658,0.004304,0
Venus->Relay A,406663.1818262,406987.9847120,324.8028858,0.029571,0
Venus->Relay A,412848.8241524,413173.6132776,324.7891252,0.031069,0
Venus->Relay A,419032.1637853,419375.6315368,343.4677515,0.007399,0
Venus->Relay A,425236.4017192,425574.1776325,337.7759132,0.022512,0
Venus->Relay A,431449.5242020,431774.9705611,325.4463592,0.034145,0
Venus->Relay A,437643.0170783,437980.4079853,337.3909070,0.017995,0
Venus->Relay A,443829.1112658,444166.6974696,337.5862038,0.012473,0
Venus->Relay A,450019.4942359,450340.9830018,321.4887660,0.032773,0
Venus->Relay A,456202.6498677,456532.5851318,329.9352641,0.026714,0
Venus->Relay A,462389.8988522,462735.0234367,345.1245844,0.001113,0
Venus->Relay A,468599.7349790,468932.5387255,332.8037465,0.028224,0
Venus->Relay A,474809.0214461,475135.9825808,326.9611347,0.032364,0
Venus->Relay A,480998.0902773,481338.3322045,340.2419271,0.010267,0
Venus->Relay A,487185.5455896,487518.7380635,333.1924739,0.019871,0
Venus->Relay A,493375.0762731,493695.5342954,320.4580224,0.033960,0
Venus->Relay A,499556.6988193,499892.3799764,335.6811571,0.020688,0
Venus->Relay A,505749.5837921,506093.8239914,344.2401993,0.009533,0
Venus->Relay A,511963.0145172,512291.4735173,328.4590001,0.032168,0
Venus->Relay A,518166.7384938,518497.0608855,330.3223917,0.028567,0
Venus->Relay A,524353.2001339,524694.3652695,341.1651356,0.001927,0
Venus->Relay A,530542.2711612,530870.4626671,328.1915059,0.026041,0
Venus->Relay A,536729.8051091,537051.8740615,322.0689523,0.033050,0
Venus->Relay A,542911.6315097,543252.4059619,340.7744522,0.013357,0
Venus->Relay A,549111.0729564,549452.1631571,341.0902007,0.017395,0
Venus->Relay A,555325.3904303,555651.2471861,325.8567557,0.034093,0
Venus->Relay A,561523.0158974,561857.5132388,334.4973414,0.023006,0
Venus->Relay A,567708.7103072,568048.5717469,339.8614397,0.006513,0
Venus->Relay A,573898.9111978,574222.6564804,323.7452826,0.030606,0
Venus->Relay A,580083.8543521,580409.8790547,326.0247025,0.030094,0
Venus->Relay A,586268.0302602,586612.1782130,344.1479528,0.005175,0
Venus->Relay A,592473.8918580,592810.3613383,336.4694803,0.024179,0
Venus->Relay A,598686.2235707,599011.8491343,325.6255636,0.033878,0
Venus->Relay A,604878.3871354,605216.6853732,338.2982378,0.016036,0
Venus->Relay A,611064.7736415,611401.3142031,336.5405617,0.014529,0
Venus->Relay A,617255.0564576,617576.0239030,320.9674454,0.033291,0
Venus->Relay A,623437.6760091,623769.1274165,331.4514074,0.025266,0
Venus->Relay A,629626.2773026,629971.4137274,345.1364248,0.003355,0
Venus->Relay A,635837.2977291,636168.8377739,331.5400448,0.029454,0
Venus->Relay A,642045.2327265,642372.9409372,327.7082107,0.031546,0
Venus->Relay A,648233.4245514,648574.1200954,340.6955440,0.008094,0
Venus->Relay A,654421.3150433,654753.1957747,331.8807313,0.021642,0
Venus->Relay A,660610.4129139,660931.0409137,320.6279998,0.033923,0
Venus->Relay A,666791.8955389,667129.0389847,337.1434457,0.018855,0
Venus->Relay A,672986.4683613,673330.0703622,343.6020010,0.011692,0
Venus->Relay A,679200.4154202,679527.9784051,327.5629849,0.032882,0
Venus->Relay A,685402.5244108,685733.9225680,331.3981571,0.027253,0
Venus->Relay A,691588.6130296,691929.6499909,341.0369613,0.000342,0
Venus->Relay A,697778.0584224,698104.9688543,326.9104319,0.027421,0
Venus->Relay A,703964.9321924,704287.8480657,322.9158733,0.032462,0
Venus->Relay A,710147.1662854,710489.0378972,341.8716118,0.011252,0
Venus->Relay A,716348.3687590,716688.3349200,339.9661610,0.019316,0
Venus->Relay A,722562.4319121,722887.9860066,325.5540946,0.034245,0
Venus->Relay A,728758.5055493,729094.0936934,335.5881441,0.021280,0
Venus->Relay A,734944.2642683,735283.4220601,339.1577919,0.008697,0
Venus->Relay A,741134.6051954,741457.4119147,322.8067193,0.031509,0
Venus->Relay A,747318.8676020,747646.2329999,327.3653979,0.028988,0
Venus->Relay A,753504.0280856,753848.6858605,344.6577749,0.002932,0
Venus->Relay A,759711.4239732,760046.5647439,335.1407707,0.025740,0
Venus->Relay A,765922.7926837,766248.7635959,325.9709122,0.033462,0
Venus->Relay A,772113.7342623,772452.8391565,339.1048942,0.014007,0
Venus->Relay A,778300.4707116,778635.8696617,335.3989501,0.016521,0
Venus->Relay A,784490.5619067,784811.1825093,320.6206026,0.033661,0
Venus->Relay A,790672.7299379,791005.7162143,332.9862764,0.023706,0
Venus->Relay A,796862.7940713,797207.7620989,344.9680276,0.005604,0
Venus->Relay A,803074.8399135,803405.1844712,330.3445578,0.030553,0
Venus->Relay A,809281.3217505,809609.8921205,328.5703700,0.030590,0
Venus->Relay A,815468.7704011,815809.7725073,341.0021062,0.005893,0
Venus->Relay A,821657.0993818,821987.6457075,330.5463257,0.023320,0
Venus->Relay A,827845.6890601,828166.6752120,320.9861519,0.033738,0
Venus->Relay A,834027.1667000,834365.7033359,338.5366359,0.016939,0
Venus->Relay A,840223.4747280,840566.2882463,342.8135183,0.013803,0
Venus->Relay A,846437.7375473,846764.5458621,326.8083148,0.033450,0
Venus->Relay A,852638.2175003,852970.7268492,332.5093489,0.025821,0
Venus->Relay A,858824.0596343,859164.8097173,340.7500830,0.002583,0
Venus->Relay A,865013.8318716,865339.5227369,325.6908653,0.028680,0
Venus->Relay A,871200.0168258,871523.9343439,323.9175181,0.031730,0
Venus->Relay A,877382.8140234,877725.6439704,342.8299470,0.009097,0
Venus->Relay A,883585.7469975,883924.5038494,338.7568519,0.021153,0
Venus->Relay A,889799.3549944,890124.7807306,325.4257362,0.034247,0
Venus->Relay A,895993.9423939,896330.5727593,336.6303654,0.019461,0
Venus->Relay A,902179.8584675,902518.1781696,338.3197021,0.010844,0
Venus->Relay A,908370.2569057,908692.2620207,322.0051150,0.032276,0
Venus->Relay A,914553.8749603,914882.6646789,328.7897186,0.027752,0
Venus->Relay A,920740.1612746,921085.1520158,344.9907413,0.000707,0
Venus->Relay A,926948.9819149,927282.7959110,333.8139961,0.027187,0
Venus->Relay A,933159.2310814,933485.7039837,326.4729023,0.032900,0
Venus->Relay A,939349.0685204,939688.8640255,339.7955050,0.011917,0
Venus->Relay A,945536.1984726,945870.3772987,334.1788261,0.018441,0
Venus->Relay A,951726.0075818,952046.4639999,320.4564180,0.033886,0
Venus->Relay A,957907.8242692,958242.3401195,334.5158503,0.022042,0
Venus->Relay A,964099.4471182,964444.0706326,344.6235144,0.007831,0
Venus->Relay A,970312.3450609,970641.5844699,329.2394090,0.031517,0
Venus->Relay A,976517.2946383,976846.8229512,329.5283129,0.029500,0
Venus->Relay A,982704.1350759,983045.2900704,341.1549945,0.003663,0
Venus->Relay A,988892.8915495,989222.1027750,329.2112255,0.024896,0
Venus->Relay A,995080.9073776,995402.4354485,321.5280709,0.033407,0
Venus->Relay A,1001262.5236727,1001602.3634883,339.8398156,0.014947,0
Venus->Relay A,1007460.5945538,1007802.4834939,341.8889401,0.015856,0
Venus->Relay A,1013674.9680880,1014001.1764492,326.2083611,0.033870,0
Venus->Relay A,1019873.8278044,1020207.4609624,333.6331580,0.024275,0
Venus->Relay A,1026059.5432683,1026399.8507813,340.3075130,0.004800,0
Venus->Relay A,1032249.5835036,1032574.1380395,324.5545359,0.029815,0
Venus->Relay A,1038435.0671836,1038760.1252037,325.0580201,0.030861,0
Venus->Relay A,1044618.5824987,1044962.2183875,343.6358888,0.006901,0
Venus->Relay A,1050823.1939930,1051160.6779410,337.4839480,0.022897,0
Venus->Relay A,1057036.1536015,1057361.6255471,325.4719455,0.034097,0
Venus->Relay A,1063229.3374094,1063566.9412366,337.6038272,0.017559,0
Venus->Relay A,1069415.4918901,1069752.8510946,337.3592045,0.012943,0
Venus->Relay A,1075605.8601998,1075927.2164656,321.3562658,0.032904,0
Venus->Relay A,1081788.8881780,1082119.1630884,330.2749104,0.026395,0
Venus->Relay A,1087976.4323162,1088321.5754472,345.1431310,0.001602,0
Venus->Relay A,1094186.5490726,1094519.0625516,332.5134790,0.028514,0
Venus->Relay A,1100395.5402364,1100722.6591583,327.1189220,0.032191,0
Venus->Relay A,1106584.3993763,1106924.7562112,340.3568349,0.009780,0
Venus->Relay A,1112771.9519647,1113104.8511821,332.8992174,0.020280,0
Venus->Relay A,1118961.3918828,1119281.8717459,320.4798632,0.033965,0
Venus->Relay A,1125142.9715482,1125478.9879760,336.0164278,0.020280,0
Venus->Relay A,1131336.2327150,1131680.3425187,344.1098037,0.010024,0
Venus->Relay A,1137549.7972888,1137878.0423003,328.2450116,0.032342,0
Venus->Relay A,1143753.1588441,1144083.7200016,330.5611575,0.028283,0
Venus->Relay A,1149939.5248643,1150280.6749846,341.1501203,0.001421,0
Venus->Relay A,1156128.6839956,1156456.5818523,327.8978567,0.026362,0
Venus->Relay A,1162316.0720924,1162638.3181256,322.2460332,0.032929,0
Venus->Relay A,1168497.9770776,1168839.0107540,341.0336764,0.012889,0
Venus->Relay A,1174697.8179358,1175038.6627158,340.8447800,0.017835,0
Venus->Relay A,1180912.0957931,1181237.8690759,325.7732828,0.034140,0
Venus->Relay A,1187109.3658916,1187444.1128253,334.7469337,0.022624,0
Venus->Relay A,1193295.0661129,1193634.7808827,339.7147698,0.007008,0
Venus->Relay A,1199485.3055211,1199808.8276845,323.5221634,0.030822,0
Venus->Relay A,1205670.0926300,1205996.4117745,326.3191445,0.029855,0
Venus->Relay A,1211854.4782213,1212198.7565252,344.2783039,0.004676,0
Venus->Relay A,1218060.6949946,1218396.8653816,336.1703870,0.024541,0
Venus->Relay A,1224272.8236862,1224598.5130311,325.6893449,0.033797,0
Venus->Relay A,1230464.7013804,1230803.1912421,338.4898617,0.015582,0
Venus->Relay A,1236651.1624016,1236987.4528457,336.2904441,0.014986,0
Venus->Relay A,1242841.4099258,1243162.2834150,320.8734891,0.033386,0
Venus->Relay A,1249023.9194976,1249355.7168845,331.7973869,0.024923,0
Venus->Relay A,1255212.8421069,1255557.9561449,345.1140380,0.003867,0
Venus->Relay A,1261424.1086367,1261755.3718196,331.2631829,0.029714,0
Venus->Relay A,1267631.7234374,1267959.6170245,327.8935871,0.031342,0
Venus->Relay A,1273819.7355846,1274160.5135218,340.7779372,0.007599,0
Venus->Relay A,1280007.7253670,1280339.3058368,331.5804698,0.022031,0
Venus->Relay A,1286196.7147049,1286517.4072684,320.6925635,0.033894,0
Venus->Relay A,1292378.1840585,1292715.6490654,337.4650068,0.018428,0
Venus->Relay A,1298573.1454462,1298916.5819858,343.4365396,0.012174,0
Venus->Relay A,1304787.1815878,1305114.5611926,327.3796048,0.033023,0
Venus->Relay A,1310988.9229463,1311320.5698596,331.6469133,0.026939,0
Venus->Relay A,1317174.9450272,1317515.9309868,340.9859595,0.000880,0
Venus->Relay A,1323364.4688400,1323691.0975808,326.6287408,0.027715,0
Venus->Relay A,1329551.1889375,1329874.3180991,323.1291616,0.032309,0
Venus->Relay A,1335733.5366327,1336075.6374120,342.1007793,0.010773,0
Venus->Relay A,1341935.1334966,1342274.8331555,339.6996589,0.019738,0
Venus->Relay A,1348149.1111606,1348474.6209477,325.5097871,0.034259,0
Venus->Relay A,1354344.8426496,1354680.6712421,335.8285925,0.020876,0
Venus->Relay A,1360530.6291941,1360869.6090056,338.9798114,0.009186,0
Venus->Relay A,1366720.9905447,1367043.6035897,322.6130450,0.031695,0
Venus->Relay A,1372905.1035541,1373232.7842180,327.6806638,0.028719,0
Venus->Relay A,1379090.5063301,1379435.2549702,344.7486401,0.002420,0
Venus->Relay A,1385298.2343770,1385633.0743636,334.8399866,0.026077,0
Venus->Relay A,1391509.3632380,1391835.4342662,326.0710282,0.033349,0
Venus->Relay A,1397700.0447394,1398039.3163110,339.2715716,0.013539,0
Venus->Relay A,1403886.8667909,1404221.9962996,335.1295087,0.016963,0
Venus->Relay A,1410076.9020849,1410397.4693938,320.5673089,0.033725,0
Venus->Relay A,1416258.9814504,1416592.3146054,333.3331549,0.023340,0
Venus->Relay A,1422449.3899020,1422794.2952937,344.9053917,0.006109,0
Venus->Relay A,1428661.6438776,1428991.7301017,330.0862241,0.030784,0
Venus->Relay A,1434867.7856380,1435196.5647753,328.7791374,0.030355,0
Venus->Relay A,1441055.0850867,1441396.1353573,341.0502706,0.005391,0
Venus->Relay A,1447243.5121113,1447573.7560760,330.2439647,0.023685,0
Venus->Relay A,1453431.9774972,1453753.0702349,321.0927377,0.033677,0
Venus->Relay A,1459613.4736363,1459952.3132738,338.8396375,0.016494,0
Venus->Relay A,1465810.1782318,1466152.7942153,342.6159835,0.014273,0
Venus->Relay A,1472024.4840914,1472351.1429209,326.6588295,0.033558,0
Venus->Relay A,1478224.5964328,1478557.3593837,332.7629509,0.025480,0
Venus->Relay A,1484410.3997477,1484751.0633012,340.6635535,0.003074,0
Venus->Relay A,1490600.2380561,1490925.6641644,325.4261084,0.028947,0
Venus->Relay A,1496786.2650677,1497110.4287225,324.1636548,0.031546,0
Venus->Relay A,1502969.2110113,1503312.2367991,343.0257878,0.008605,0
Venus->Relay A,1509172.5285059,1509511.0025424,338.4740365,0.021556,0
Venus->Relay A,1515386.0065809,1515711.4275562,325.4209752,0.034226,0
Venus->Relay A,1521580.2690884,1521917.1260833,336.8569949,0.019038,0
Venus->Relay A,1527766.2323841,1528104.3453213,338.1129372,0.011324,0
Venus->Relay A,1533956.6318208,1534278.4764737,321.8446529,0.032431,0
Venus->Relay A,1540140.1111878,1540469.2319506,329.1207628,0.027457,0
Venus->Relay A,1546326.6705011,1546671.7115370,345.0410359,0.000169,0
Venus->Relay A,1552535.7958645,1552869.3128871,333.5170226,0.027498,0
Venus->Relay A,1558745.7722412,1559072.3790067,326.6067655,0.032752,0
Venus->Relay A,1564935.3774248,1565275.3114778,339.9340529,0.011440,0
Venus->Relay A,1571122.6008312,1571456.4950620,333.8942308,0.018864,0
Venus->Relay A,1577312.3339823,1577632.7791790,320.4451966,0.033918,0
Venus->Relay A,1583494.0866531,1583828.9448842,334.8582311,0.021654,0
Venus->Relay A,1589686.0732809,1590030.5952307,344.5219498,0.008330,0
Venus->Relay A,1595899.1384314,1596228.1428133,329.0043819,0.031717,0
Venus->Relay A,1602103.7332772,1602433.4891518,329.7558746,0.029236,0
Venus->Relay A,1608290.4549211,1608631.6227041,341.1677830,0.003156,0
Venus->Relay A,1614479.3050169,1614808.2168204,328.9118035,0.025236,0
Venus->Relay A,1620667.1832803,1620988.8584999,321.6752195,0.033312,0
Venus->Relay A,1626848.8514961,1627188.9712416,340.1197455,0.014486,0
Venus->Relay A,1633047.3223733,1633388.9852396,341.6628664,0.016307,0
Venus->Relay A,1639261.6923236,1639587.7876796,326.0953560,0.033944,0
Venus->Relay A,1645460.1894830,1645794.0759429,333.8864598,0.023910,0
Venus->Relay A,1651645.8920904,1651986.0785760,340.1864855,0.005300,0
Venus->Relay A,1657835.9836675,1658160.2951654,324.3114979,0.030054,0
Venus->Relay A,1664021.3089396,1664346.6420189,325.3330793,0.030645,0
Venus->Relay A,1670205.0077122,1670548.8033813,343.7956691,0.006398,0
Venus->Relay A,1676409.9890267,1676747.1789306,337.1899040,0.023279,0
Venus->Relay A,1682622.7764333,1682948.2827166,325.5062833,0.034043,0
Venus->Relay A,1688815.6561576,1689153.4684356,337.8122780,0.017119,0
Venus->Relay A,1695001.8744115,1695339.0010833,337.1266718,0.013412,0
Venus->Relay A,1701192.2234248,1701513.4556781,321.2322533,0.033024,0
Venus->Relay A,1707375.1274110,1707705.7438725,330.6164615,0.026073,0
Venus->Relay A,1713562.9728683,1713908.1252717,345.1524034,0.002132,0
Venus->Relay A,1719773.3627781,1720105.5885566,332.2257786,0.028797,0
Venus->Relay A,1725982.0525912,1726309.3358763,327.2832851,0.032012,0
Venus->Relay A,1732170.7087518,1732511.1733273,340.4645755,0.009289,0
Venus->Relay A,1738358.3593591,1738690.9633182,332.6039591,0.020683,0
Venus->Relay A,1744547.7043482,1744868.2157258,320.5113776,0.033961,0
Venus->Relay A,1750729.2476083,1751065.5966483,336.3490400,0.019870,0
Relay A->Venus,4039.0810066,4384.2304312,345.1494246,0.002846,0
Relay A->Venus,10249.8438097,10581.6674324,331.8236227,0.029185,0
Relay A->Venus,16458.0976311,16785.6246244,327.5269933,0.031745,0
Relay A->Venus,22646.4788915,22987.0837902,340.6048987,0.008594,0
Relay A->Venus,28834.2697796,29166.4530946,332.1833150,0.021246,0
Relay A->Venus,35023.4734994,35344.0457860,320.5722866,0.033944,0
Relay A->Venus,41204.9759327,41541.7902251,336.8142924,0.019281,0
Relay A->Venus,47399.1574675,47742.9187917,343.7613242,0.011202,0
Relay A->Venus,53613.0037223,53940.7596260,327.7559037,0.032731,0
Relay A->Venus,59815.4842476,60146.6329852,331.1487377,0.027564,0
Relay A->Venus,66001.6475271,66342.7281078,341.0805807,0.000242,0
Relay A->Venus,72191.0116478,72518.2101735,327.1985257,0.027115,0
Relay A->Venus,78378.0391520,78700.7470993,322.7079473,0.032609,0
Relay A->Venus,84560.1657056,84901.7979897,341.6322842,0.011738,0
Relay A->Venus,90760.9670249,91101.1981570,340.2311320,0.018884,0
Relay A->Venus,96975.1061178,97300.7142662,325.6081483,0.034224,0
Relay A->Venus,103171.5298036,103506.8725842,335.3427806,0.021682,0
Relay A->Venus,109357.2659920,109696.5970241,339.3310320,0.008200,0
Relay A->Venus,115547.5823139,115870.5919527,323.0096388,0.031315,0
Relay A->Venus,121731.9973305,122059.0479223,327.0505917,0.029252,0
Relay A->Venus,127916.9193300,128261.4757050,344.5563750,0.003443,0
Relay A->Venus,134123.9730128,134459.4180459,335.4450331,0.025393,0
Relay A->Venus,140335.5762888,140661.4543349,325.8780460,0.033571,0
Relay A->Venus,146526.7877346,146865.7183679,338.9306333,0.014476,0
Relay A->Venus,152713.4405879,153049.1081096,335.6675217,0.016072,0
Relay A->Venus,158903.5837654,159224.2676140,320.6838486,0.033589,0
Relay A->Venus,165085.8461438,165418.4809886,332.6348448,0.024072,0
Relay A->Venus,171275.5662390,171620.5882031,345.0219641,0.005090,0
Relay A->Venus,177487.3921546,177818.0027243,330.6105697,0.030314,0
Relay A->Venus,183694.2141460,184022.5786504,328.3645043,0.030821,0
Relay A->Venus,189881.8214811,190222.7672073,340.9457262,0.006399,0
Relay A->Venus,196070.0513431,196400.9034957,330.8521526,0.022946,0
Relay A->Venus,202258.7632619,202579.6509553,320.8876934,0.033793,0
Relay A->Venus,208440.2290019,208778.4541670,338.2251651,0.017383,0
Relay A->Venus,214636.1366388,214979.1426762,343.0060375,0.013327,0
Relay A->Venus,220850.3450395,221177.3127095,326.9676700,0.033333,0
Relay A->Venus,227051.1977371,227383.4515868,332.2538497,0.026158,0
Relay A->Venus,233237.0861493,233577.9159249,340.8297756,0.002070,0
Relay A->Venus,239426.7889732,239752.7519130,325.9629397,0.028402,0
Relay A->Venus,245613.1327711,245936.8083028,323.6755316,0.031909,0
Relay A->Venus,251795.7868465,252138.4104716,342.6236250,0.009593,0
Relay A->Venus,257998.3275598,258337.3670307,339.0394709,0.020741,0
Relay A->Venus,264212.0568851,264537.4967111,325.4398260,0.034260,0
Relay A->Venus,270406.9777993,270743.3757306,336.3979313,0.019884,0
Relay A->Venus,276592.8510908,276931.3737513,338.5226605,0.010357,0
Relay A->Venus,282783.2442545,283105.4195000,322.1752455,0.032113,0
Relay A->Venus,288967.0049728,289295.4627348,328.4577620,0.028045,0
Relay A->Venus,295153.0212590,295497.9514500,344.9301910,0.001207,0
Relay A->Venus,301361.5264877,301695.6421801,334.1156924,0.026867,0
Relay A->Venus,307572.0445281,307898.3897930,326.3452649,0.033041,0
Relay A->Venus,313762.1241332,314101.7731346,339.6490014,0.012399,0
Relay A->Venus,319949.1617750,320283.6254660,334.4636910,0.018010,0
Relay A->Venus,326139.0432736,326459.5206274,320.4773538,0.033848,0
Relay A->Venus,332320.9300779,332655.0978080,334.1677301,0.022431,0
Relay A->Venus,338512.1883658,338856.9055647,344.7171988,0.007329,0
Relay A->Venus,344724.9071883,345054.3901216,329.4829333,0.031310,0
Relay A->Venus,350930.2130040,351259.5153679,329.3023639,0.029760,0
Relay A->Venus,357117.1813208,357458.3154896,341.1341689,0.004173,0
Relay A->Venus,363305.8423940,363635.3576170,329.5152230,0.024544,0
Relay A->Venus,369493.9944450,369815.3826159,321.3881710,0.033496,0
Relay A->Venus,375675.5653442,376015.1160203,339.5506761,0.015408,0
Relay A->Venus,381873.2313184,382215.3425196,342.1112013,0.015391,0
Relay A->Venus,388087.5975713,388413.9289407,326.3313694,0.033787,0
Relay A->Venus,394286.8260940,394620.2028853,333.3767912,0.024638,0
Relay A->Venus,400472.5611399,400812.9835063,340.4223664,0.004291,0
Relay A->Venus,406662.5462953,406987.3519963,324.8057010,0.029567,0
Relay A->Venus,412848.1901339,413172.9759551,324.7858212,0.031072,0
Relay A->Venus,419031.5270559,419374.9925216,343.4654658,0.007405,0
Relay A->Venus,425235.7600816,425573.5392205,337.7791388,0.022508,0
Relay A->Venus,431448.8843912,431774.3307248,325.4463336,0.034145,0
Relay A->Venus,437642.3814691,437979.7702783,337.3888092,0.018000,0
Relay A->Venus,443828.4757420,444166.0646809,337.5889390,0.012469,0
Relay A->Venus,450018.8590959,450340.3493010,321.4902050,0.032773,0
Relay A->Venus,456202.0157369,456531.9468297,329.9310927,0.026716,0
Relay A->Venus,462389.2606112,462734.3846470,345.1240358,0.001093,0
Relay A->Venus,468599.0930053,468931.9000710,332.8070657,0.028222,0
Relay A->Venus,474808.3830265,475135.3426782,326.9596517,0.032365,0
Relay A->Venus,480997.4550251,481337.6959392,340.2409141,0.010273,0
Relay A->Venus,487184.9099029,487518.1058048,333.1959019,0.019868,0
Relay A->Venus,493374.4416405,493694.8992850,320.4576445,0.033960,0
Relay A->Venus,499556.0641083,499891.7410961,335.6769879,0.020691,0
Relay A->Venus,505748.9440459,506093.1854590,344.2414131,0.009525,0
Relay A->Venus,511962.3728689,512290.8344275,328.4615586,0.032167,0
Relay A->Venus,518166.1013719,518496.4213821,330.3200102,0.028571,0
Relay A->Venus,524352.5649244,524693.7304810,341.1655567,0.001935,0
Relay A->Venus,530541.6354800,530869.8303591,328.1948791,0.026036,0
Relay A->Venus,536729.1709212,537051.2376639,322.0667427,0.033051,0
Relay A->Venus,542910.9957660,543251.7668921,340.7711260,0.013364,0
Relay A->Venus,549110.4319531,549451.5247699,341.0928168,0.017388,0
Relay A->Venus,555324.7496935,555650.6076132,325.8579197,0.034092,0
Relay A->Venus,561522.3797854,561856.8746229,334.4948375,0.023010,0
Relay A->Venus,567708.0749420,568047.9382464,339.8633044,0.006505,0
Relay A->Venus,573898.2757517,574222.0235473,323.7477956,0.030603,0
Relay A->Venus,580083.2203466,580409.2414368,326.0210903,0.030097,0
Relay A->Venus,586267.3931428,586611.5392455,344.1461027,0.005186,0
Relay A->Venus,592473.2500685,592809.7228850,336.4728165,0.024176,0
Relay A->Venus,598685.5841230,599011.2092415,325.6251185,0.033880,0
Relay A->Venus,604877.7516564,605216.0480319,338.2963755,0.016039,0
Relay A->Venus,611064.1380640,611400.6816078,336.5435438,0.014526,0
Relay A->Venus,617254.4214469,617575.3898777,320.9684308,0.033288,0
Relay A->Venus,623437.0417713,623768.4889206,331.4471493,0.025269,0
Relay A->Venus,629625.6386524,629970.7750093,345.1363568,0.003348,0
Relay A->Venus,635836.6557773,636168.1990186,331.5432413,0.029452,0
Relay A->Venus,642044.5946695,642372.3010916,327.7064221,0.031549,0
Relay A->Venus,648232.7893370,648573.4842275,340.6948905,0.008101,0
Relay A->Venus,654420.6793379,654752.5635611,331.8842232,0.021638,0
Relay A->Venus,660609.7784137,660930.4055327,320.6271191,0.033923,0
Relay A->Venus,666791.2605952,667128.4000190,337.1394238,0.018859,0
Relay A->Venus,672985.8282479,673329.4318844,343.6036365,0.011689,0
Relay A->Venus,679199.7739626,679527.3391839,327.5652213,0.032881,0
Relay A->Venus,685401.8875901,685733.2832543,331.3956642,0.027257,0
Relay A->Venus,691587.9777924,691929.0155710,341.0377786,0.000409,0
Relay A->Venus,697777.4227806,698104.3364342,326.9136536,0.027416,0
Relay A->Venus,703964.2980858,704287.2113196,322.9132338,0.032463,0
Relay A->Venus,710146.5302047,710488.3988315,341.8686268,0.011260,0
Relay A->Venus,716347.7274936,716687.6965386,339.9690449,0.019312,0
Relay A->Venus,722561.7914909,722887.3463238,325.5548329,0.034246,0
Relay A->Venus,728757.8696431,729093.4553841,335.5857410,0.021284,0
Relay A->Venus,734943.6288465,735282.7888438,339.1599972,0.008692,0
Relay A->Venus,741133.9698485,741456.7787308,322.8088822,0.031508,0
Relay A->Venus,747318.2335795,747645.5951115,327.3615320,0.028990,0
Relay A->Venus,753503.3905686,753848.0469512,344.6563826,0.002940,0
Relay A->Venus,759710.7820762,760045.9262327,335.1441565,0.025736,0
Relay A->Venus,765922.1536063,766248.1236728,325.9700665,0.033463,0
Relay A->Venus,772113.0988871,772452.2021953,339.1033082,0.014011,0
Relay A->Venus,778299.8350867,778635.2372226,335.4021358,0.016517,0
Relay A->Venus,784489.9270312,784810.5481402,320.6211090,0.033660,0
Relay A->Venus,790672.0955592,791005.0775541,332.9819949,0.023712,0
Relay A->Venus,796862.1550165,797207.1234514,344.9684348,0.005602,0
Relay A->Venus,803074.1980311,803404.5456032,330.3475721,0.030551,0
Relay A->Venus,809280.6840447,809609.2523667,328.5683219,0.030592,0
Relay A->Venus,815468.1352042,815809.1370350,341.0018308,0.005898,0
Relay A->Venus,821656.4636713,821987.0134970,330.5498257,0.023315,0
Relay A->Venus,827845.0546840,828166.0394596,320.9847755,0.033740,0
Relay A->Venus,834026.5314931,834365.0643114,338.5328183,0.016944,0
Relay A->Venus,840222.8342696,840565.6498126,342.8155429,0.013797,0
Relay A->Venus,846437.0963196,846763.9065098,326.8101902,0.033450,0
Relay A->Venus,852637.5809575,852970.0877589,332.5068014,0.025823,0
Relay A->Venus,858823.4243582,859164.1756483,340.7512901,0.002562,0
Relay A->Venus,865013.1962858,865338.8901647,325.6938789,0.028676,0
Relay A->Venus,871199.3827788,871523.2972654,323.9144866,0.031732,0
Relay A->Venus,877382.1775841,877725.0049270,342.8273430,0.009106,0
Relay A->Venus,883585.1055070,883923.8654572,338.7599502,0.021150,0
Relay A->Venus,889798.7149109,890124.1409537,325.4260428,0.034248,0
Relay A->Venus,895993.3066658,896329.9347812,336.6281154,0.019466,0
Relay A->Venus,902179.2229875,902517.5452069,338.3222194,0.010841,0
Relay A->Venus,908369.6216711,908691.6285557,322.0068846,0.032275,0
Relay A->Venus,914553.2408897,914882.0265464,328.7856567,0.027757,0
Relay A->Venus,920739.5233508,921084.5131720,344.9898212,0.000672,0
Relay A->Venus,926948.3399564,927282.1573249,333.8173685,0.027183,0
Relay A->Venus,933158.5923759,933485.0640599,326.4716840,0.032901,0
Relay A->Venus,939348.4332238,939688.2274543,339.7942305,0.011925,0
Relay A->Venus,945535.5628089,945869.7449771,334.1821682,0.018436,0
Relay A->Venus,951725.3728436,952045.8292731,320.4564295,0.033887,0
Relay A->Venus,957907.1897160,958241.7013241,334.5116081,0.022047,0
Relay A->Venus,964098.8076683,964443.4320523,344.6243839,0.007824,0
Relay A->Venus,970311.7032932,970640.9454795,329.2421863,0.031516,0
Relay A->Venus,976516.6572689,976846.1833247,329.5260558,0.029504,0
Relay A->Venus,982703.4998783,983044.6549875,341.1551092,0.003667,0
Relay A->Venus,988892.2558495,989221.4705256,329.2146761,0.024890,0
Relay A->Venus,995080.2731138,995401.7993292,321.5262153,0.033408,0
Relay A->Venus,1001261.8881735,1001601.7244295,339.8362560,0.014952,0
Relay A->Venus,1007459.9537767,1007801.8450917,341.8913150,0.015848,0
Relay A->Venus,1013674.3271252,1014000.5369695,326.2098444,0.033870,0
Relay A->Venus,1019873.1915148,1020206.8221279,333.6306131,0.024278,0
Relay A->Venus,1026058.9079446,1026399.2170421,340.3090975,0.004793,0
Relay A->Venus,1032248.9479903,1032573.5052778,324.5572875,0.029813,0
Relay A->Venus,1038434.4331707,1038759.4878126,325.0546420,0.030863,0
Relay A->Venus,1044617.9456826,1044961.5793818,343.6336992,0.006907,0
Relay A->Venus,1050822.5523173,1051160.0395211,337.4872038,0.022894,0
Relay A->Venus,1057035.5138720,1057360.9856957,325.4718237,0.034098,0
Relay A->Venus,1063228.7018322,1063566.3036109,337.6017787,0.017565,0
Relay A->Venus,1069414.8563536,1069752.2183527,337.3619990,0.012940,0
Relay A->Venus,1075605.2250882,1075926.5826935,321.3576052,0.032901,0
Relay A->Venus,1081788.2540261,1082118.5247399,330.2707138,0.026400,0
Relay A->Venus,1087975.7939824,1088320.9366735,345.1426911,0.001605,0
Relay A->Venus,1094185.9070996,1094518.4238755,332.5167758,0.028510,0
Relay A->Venus,1100394.9018992,1100722.0192658,327.1173666,0.032194,0
Relay A->Venus,1106583.7641345,1106924.1200358,340.3559012,0.009784,0
Relay A->Venus,1112771.3162726,1113104.2189373,332.9026647,0.020274,0
Relay A->Venus,1118960.7572807,1119281.2366520,320.4793713,0.033964,0
Relay A->Venus,1125142.3367873,1125478.3490740,336.0122867,0.020285,0
Relay A->Venus,1131335.5928842,1131679.7039994,344.1111152,0.010020,0
Relay A->Venus,1137549.1556798,1137877.4031812,328.2475014,0.032340,0
Relay A->Venus,1143752.5217921,1144083.0805377,330.5587456,0.028285,0
Relay A->Venus,1149938.8896495,1150280.0402807,341.1506312,0.001450,0
Relay A->Venus,1156128.0483221,1156455.9495226,327.9012005,0.026358,0
Relay A->Venus,1162315.4379245,1162637.6816479,322.2437234,0.032932,0
Relay A->Venus,1168497.3412598,1168838.3716835,341.0304236,0.012892,0
Relay A->Venus,1174697.1768702,1175038.0243315,340.8474612,0.017831,0
Relay A->Venus,1180911.4551255,1181237.2294770,325.7743516,0.034140,0
Relay A->Venus,1187108.7298285,1187443.4742762,334.7444477,0.022628,0
Relay A->Venus,1193294.4307350,1193634.1474489,339.7167139,0.007005,0
Relay A->Venus,1199484.6700960,1199808.1946975,323.5246015,0.030820,0
Relay A->Venus,1205669.4586233,1205995.7740935,326.3154702,0.029859,0
Relay A->Venus,1211853.8410143,1212198.1175700,344.2765558,0.004675,0
Relay A->Venus,1218060.0531768,1218396.2269169,336.1737401,0.024537,0
Relay A->Venus,1224272.1843220,1224597.8731290,325.6888070,0.033798,0
Relay A->Venus,1230464.0659269,1230802.5539855,338.4880586,0.015588,0
Relay A->Venus,1236650.5268129,1236986.8202890,336.2934761,0.014980,0
Relay A->Venus,1242840.7749454,1243161.6493133,320.8743680,0.033385,0
Relay A->Venus,1249023.2852310,1249355.0783490,331.7931180,0.024926,0
Relay A->Venus,1255212.2033647,1255557.3174428,345.1140780,0.003861,0
Relay A->Venus,1261423.4666966,1261754.7330397,331.2663431,0.029711,0
Relay A->Venus,1267631.0854610,1267958.9771966,327.8917356,0.031344,0
Relay A->Venus,1273819.1003760,1274159.8777436,340.7773676,0.007608,0
Relay A->Venus,1280007.0896591,1280338.6736277,331.5839686,0.022025,0
Relay A->Venus,1286196.0802337,1286516.7718033,320.6915696,0.033895,0
Relay A->Venus,1292377.5490578,1292715.0100840,337.4610262,0.018433,0
Relay A->Venus,1298572.5052530,1298915.9435190,343.4382660,0.012168,0
Relay A->Venus,1304786.5401789,1305113.9219419,327.3817630,0.033022,0
Relay A->Venus,1310988.2861906,1311319.9305934,331.6444027,0.026943,0
Relay A->Venus,1317174.3097821,1317515.2966477,340.9868655,0.000828,0
Relay A->Venus,1323363.8332094,1323690.4651297,326.6319203,0.027711,0
Relay A->Venus,1329550.5548464,1329873.6812764,323.1264300,0.032310,0
Relay A->Venus,1335732.9004728,1336074.9983500,342.0978773,0.010775,0
Relay A->Venus,1341934.4921771,1342274.1947731,339.7025959,0.019734,0
Relay A->Venus,1348148.4708141,1348473.9812423,325.5104282,0.034259,0
Relay A->Venus,1354344.2067860,1354680.0330056,335.8262196,0.020881,0
Relay A->Venus,1360529.9937593,1360868.9758493,338.9820900,0.009184,0
Relay A->Venus,1366720.3552223,1367042.9703447,322.6151223,0.031693,0
Relay A->Venus,1372904.4695235,1373232.1462718,327.6767483,0.028722,0
Relay A->Venus,1379089.8687218,1379434.6160752,344.7473533,0.002425,0
Relay A->Venus,1385297.5924619,1385632.4358367,334.8433747,0.026073,0
Relay A->Venus,1391508.7242445,1391834.7943403,326.0700958,0.033349,0
Relay A->Venus,1397699.4093841,1398038.6794373,339.2700531,0.013544,0
Relay A->Venus,1403886.2311565,1404221.3638905,335.1327341,0.016956,0
Relay A->Venus,1410076.2672404,1410396.8349451,320.5677047,0.033725,0
Relay A->Venus,1416258.3470353,1416591.6759120,333.3288767,0.023343,0
Relay A->Venus,1422448.7507571,1422793.6566619,344.9059048,0.006103,0
Relay A->Venus,1428661.0020171,1428991.0912067,330.0891895,0.030781,0
Relay A->Venus,1434867.1480097,1435195.9250470,328.7770374,0.030359,0
Relay A->Venus,1441054.4498910,1441395.4999734,341.0500824,0.005393,0
Relay A->Venus,1447242.8764018,1447573.1238602,330.2474585,0.023680,0
Relay A->Venus,1453431.3431476,1453752.4343990,321.0912514,0.033677,0
Relay A->Venus,1459612.8383657,1459951.6742395,338.8358738,0.016499,0
Relay A->Venus,1465809.5376989,1466152.1557900,342.6180911,0.014266,0
Relay A->Venus,1472023.8429207,1472350.5035392,326.6606185,0.033557,0
Relay A->Venus,1478223.9599496,1478556.7203485,332.7603989,0.025485,0
Relay A->Venus,1484409.7644614,1484750.4293088,340.6648474,0.003068,0
Relay A->Venus,1490599.6024851,1490925.0315529,325.4290679,0.028945,0
Relay A->Venus,1496785.6310307,1497109.7915715,324.1605408,0.031548,0
Relay A->Venus,1502968.5744883,1503311.5977629,343.0232747,0.008609,0
Relay A->Venus,1509171.8869699,1509510.3641454,338.4771755,0.021551,0
Relay A->Venus,1515385.3665761,1515710.7877604,325.4211843,0.034227,0
Relay A->Venus,1521579.6333967,1521916.4881829,336.8547862,0.019043,0
Relay A->Venus,1527765.5968910,1528103.7124113,338.1155202,0.011318,0
Relay A->Venus,1533955.9966134,1534277.8429414,321.8463280,0.032428,0
Relay A->Venus,1540139.4771017,1540468.5937668,329.1166651,0.027459,0
Relay A->Venus,1546326.0324849,1546671.0727090,345.0402241,0.000323,0
Relay A->Venus,1552535.1538986,1552868.6742820,333.5203834,0.027494,0
Relay A->Venus,1558745.1336194,1559071.7390870,326.6054676,0.032754,0
Relay A->Venus,1564934.7421426,1565274.6749958,339.9328532,0.011444,0
Relay A->Venus,1571121.9651600,1571455.8627614,333.8976014,0.018858,0
Relay A->Venus,1577311.6992751,1577632.1443697,320.4450946,0.033916,0
Relay A->Venus,1583493.4520558,1583828.3060623,334.8540065,0.021657,0
Relay A->Venus,1589685.4337438,1590029.9566649,344.5229211,0.008325,0
Relay A->Venus,1595898.4966959,1596227.5037941,329.0070982,0.031714,0
Relay A->Venus,1602103.0959812,1602432.8495589,329.7535777,0.029239,0
Relay A->Venus,1608289.8197209,1608630.9877080,341.1679871,0.003173,0
Relay A->Venus,1614478.6693212,1614807.5845565,328.9152353,0.025232,0
Relay A->Venus,1620666.5490397,1620988.2222985,321.6732588,0.033313,0
Relay A->Venus,1626848.2159270,1627188.3321782,340.1162512,0.014492,0
Relay A->Venus,1633046.6815282,1633388.3468426,341.6653144,0.016304,0
Relay A->Venus,1639261.0514249,1639587.1481720,326.0967472,0.033943,0
Relay A->Venus,1645459.5532469,1645793.4371704,333.8839235,0.023916,0
Relay A->Venus,1651645.2567548,1651985.4449080,340.1881533,0.005299,0
Relay A->Venus,1657835.3481730,1658159.6623558,324.3141828,0.030053,0
Relay A->Venus,1664020.6749305,1664346.0045604,325.3296299,0.030648,0
Relay A->Venus,1670204.3708092,1670548.1643862,343.7935770,0.006404,0
Relay A->Venus,1676409.3473152,1676746.5405022,337.1931870,0.023274,0
Relay A->Venus,1682622.1367856,1682947.6428515,325.5060658,0.034043,0
Relay A->Venus,1688815.0206107,1689152.8308917,337.8102810,0.017123,0
Relay A->Venus,1695001.2388629,1695338.3683864,337.1295235,0.013404,0
Relay A->Venus,1701191.5883423,1701512.8218333,321.2334909,0.033023,0
Relay A->Venus,1707374.4932362,1707705.1054791,330.6122429,0.026077,0
Relay A->Venus,1713562.3344420,1713907.4865142,345.1520722,0.002109,0
Relay A->Venus,1719772.7208084,1720104.9498581,332.2290497,0.028793,0
Relay A->Venus,1725981.4143363,1726308.6959952,327.2816589,0.032013,0
Relay A->Venus,1732170.0735196,1732510.5372418,340.4637222,0.009297,0
Relay A->Venus,1738357.7236623,1738690.3310851,332.6074228,0.020677,0
Relay A->Venus,1744547.0697762,1744867.5805482,320.5107720,0.033962,0
Relay A->Venus,1750728.6127959,1751064.9577261,336.3449302,0.019875,0
Venus->Relay B,5619.1281027,5945.9753257,326.8472230,0.032489,0
Venus->Relay B,11808.3585757,12148.5096883,340.1511126,0.010633,0
Venus->Relay B,17995.7415198,18329.1524779,333.4109581,0.019564,0
Venus->Relay B,24185.3374990,24505.7854868,320.4479878,0.033952,0
Venus->Relay B,30366.9963745,30702.4244913,335.4281168,0.020989,0
Venus->Relay B,36559.6014048,36903.9339756,344.3325708,0.009162,0
Venus->Relay B,42772.9252616,43101.5489603,328.6236987,0.032033,0
Venus->Relay B,48976.9198133,49307.0650600,330.1452467,0.028778,0
Venus->Relay B,55163.4575728,55504.6286312,341.1710584,0.002307,0
Venus->Relay B,61352.4613365,61680.8744060,328.4130695,0.025795,0
Venus->Relay B,67540.1032206,67862.0449864,321.9417658,0.033135,0
Venus->Relay B,73721.8758270,74062.4517254,340.5758984,0.013708,0
Venus->Relay B,79921.0173959,80262.2881409,341.2707450,0.017061,0
Venus->Relay B,86135.3577014,86461.2827817,325.9250803,0.034052,0
Venus->Relay B,92333.2512709,92667.5604912,334.3092203,0.023290,0
Venus->Relay B,98518.9447998,98858.9114105,339.9666107,0.006137,0
Venus->Relay B,104709.1142644,105033.0308903,323.9166260,0.030440,0
Venus->Relay B,110894.1750802,111219.9824635,325.8073833,0.030268,0
Venus->Relay B,117078.1986960,117422.2431663,344.0444703,0.005554,0
Venus->Relay B,123283.7909037,123620.4839710,336.6930673,0.023904,0
Venus->Relay B,129496.2691146,129821.8524119,325.5832973,0.033934,0
Venus->Relay B,135688.6506916,136026.8018237,338.1511321,0.016372,0
Venus->Relay B,141874.9832338,142211.7081751,336.7249413,0.014186,0
Venus->Relay B,148065.2894491,148386.3332201,321.0437710,0.033212,0
Venus->Relay B,154247.9943308,154579.1868659,331.1925352,0.025520,0
Venus->Relay B,160436.3583361,160781.5055081,345.1471720,0.002971,0
Venus->Relay B,166647.1888481,166978.9388419,331.7499938,0.029255,0
Venus->Relay B,172855.3605975,173182.9336246,327.5730271,0.031694,0
Venus->Relay B,179043.6916713,179384.3204833,340.6288121,0.008465,0
Venus->Relay B,185231.5077966,185563.6129764,332.1051798,0.021349,0
Venus->Relay B,191420.6845413,191741.2704288,320.5858874,0.033939,0
Venus->Relay B,197602.1816515,197939.0815948,336.8999434,0.019172,0
Venus->Relay B,203796.4646267,204140.1856912,343.7210646,0.011330,0
Venus->Relay B,210010.3381437,210338.0434152,327.7052715,0.032771,0
Venus->Relay B,216212.7224039,216543.9351672,331.2127633,0.027485,0
Venus->Relay B,222398.8651658,222739.9350573,341.0698915,0.000280,0
Venus->Relay B,228588.2501417,228915.3739175,327.1237757,0.027194,0
Venus->Relay B,234775.2382127,235097.9993004,322.7610877,0.032572,0
Venus->Relay B,240957.3923169,241299.0873879,341.6950710,0.011613,0
Venus->Relay B,247158.2979623,247498.4611524,340.1631901,0.018997,0
Venus->Relay B,253372.4185001,253698.0116745,325.5931745,0.034230,0
Venus->Relay B,259568.7509624,259904.1571263,335.4061639,0.021580,0
Venus->Relay B,265754.4919244,266093.7786993,339.2867749,0.008329,0
Venus->Relay B,271944.8147606,272267.7713398,322.9565792,0.031366,0
Venus->Relay B,278129.1904460,278456.3221849,327.1317389,0.029184,0
Venus->Relay B,284314.1739422,284658.7576340,344.5836918,0.003317,0
Venus->Relay B,290521.3170263,290856.6834651,335.3664389,0.025483,0
Venus->Relay B,296732.8603851,297058.7614580,325.9010730,0.033543,0
Venus->Relay B,302924.0009815,303262.9769658,338.9759843,0.014356,0
Venus->Relay B,309110.6746796,309446.2730886,335.5984089,0.016190,0
Venus->Relay B,315300.8047656,315621.4714695,320.6667039,0.033608,0
Venus->Relay B,321483.0426649,321815.7685891,332.7259243,0.023978,0
Venus->Relay B,327672.8517655,328017.8608671,345.0091016,0.005226,0
Venus->Relay B,333884.7356881,334215.2770401,330.5413520,0.030376,0
Venus->Relay B,340091.4699455,340419.8869401,328.4169946,0.030762,0
Venus->Relay B,346279.0350243,346619.9958500,340.9608257,0.006269,0
Venus->Relay B,352467.2900935,352798.0631796,330.7730861,0.023042,0
Venus->Relay B,358655.9707931,358976.8831662,320.9123731,0.033781,0
Venus->Relay B,364837.4393812,365175.7457339,338.3063526,0.017270,0
Venus->Relay B,371033.4508988,371376.4080132,342.9571145,0.013449,0
Venus->Relay B,377247.6745597,377574.6001869,326.9256272,0.033364,0
Venus->Relay B,383448.4305331,383780.7500883,332.3195553,0.026071,0
Venus->Relay B,389634.3057944,389975.1155556,340.8097613,0.002191,0
Venus->Relay B,395824.0264970,396149.9187340,325.8922369,0.028474,0
Venus->Relay B,402010.3294986,402334.0670608,323.7375622,0.031864,0
Venus->Relay B,408193.0203346,408535.6982821,342.6779475,0.009466,0
Venus->Relay B,414395.6631633,414734.6300071,338.9668438,0.020848,0
Venus->Relay B,420609.3621265,420934.7972895,325.4351630,0.034257,0
Venus->Relay B,426804.1959795,427140.6540531,336.4580736,0.019777,0
Venus->Relay B,432990.0793458,433328.5500244,338.4706786,0.010485,0
Venus->Relay B,439180.4740914,439502.6046852,322.1305938,0.032157,0
Venus->Relay B,445364.1979922,445692.7414542,328.5434620,0.027971,0
Venus->Relay B,451550.2839774,451895.2309402,344.9469628,0.001065,0
Venus->Relay B,457758.8717514,458092.9093734,334.0376220,0.026950,0
Venus->Relay B,463969.3208791,464295.6982070,326.3773279,0.033005,0
Venus->Relay B,470159.3367361,470499.0239860,339.6872499,0.012275,0
Venus->Relay B,476346.3975643,476680.7878536,334.3902893,0.018121,0
Venus->Relay B,482536.2607211,482856.7318510,320.4711299,0.033859,0
Venus->Relay B,488718.1292633,489052.3873399,334.2580767,0.022331,0
Venus->Relay B,494909.4819373,495254.1759561,344.6940188,0.007455,0
Venus->Relay B,501122.2482485,501451.6676556,329.4194071,0.031364,0
Venus->Relay B,507327.4620210,507656.8221606,329.3601396,0.029694,0
Venus->Relay B,513514.3960398,513855.5361496,341.1401098,0.004040,0
Venus->Relay B,519703.0814544,520032.5179881,329.4365337,0.024635,0
Venus->Relay B,525891.1986543,526212.6222628,321.4236085,0.033473,0
Venus->Relay B,532072.7810441,532412.4072341,339.6261899,0.015291,0
Venus->Relay B,538270.5521551,538612.6066505,342.0544953,0.015512,0
Venus->Relay B,544484.9214557,544811.2201079,326.2986522,0.033809,0
Venus->Relay B,550684.0541326,551017.4969624,333.4428298,0.024544,0
Venus->Relay B,556869.7829694,557210.1762205,340.3932512,0.004421,0
Venus->Relay B,563059.7823826,563384.5226957,324.7403131,0.029632,0
Venus->Relay B,569245.3850361,569570.2407948,324.8557587,0.031018,0
Venus->Relay B,575428.7678579,575772.2784210,343.5105631,0.007278,0
Venus->Relay B,581633.0995194,581970.8026508,337.7031314,0.022609,0
Venus->Relay B,587846.1821655,588171.6340977,325.4519322,0.034133,0
Venus->Relay B,594039.5973161,594377.0418609,337.4445448,0.017888,0
Venus->Relay B,600225.7062424,600563.2362245,337.5299821,0.012594,0
Venus->Relay B,606416.0859808,606737.5408334,321.4548526,0.032806,0
Venus->Relay B,612599.2093664,612929.2293488,330.0199823,0.026634,0
Venus->Relay B,618786.5315536,619131.6616446,345.1300910,0.001218,0
Venus->Relay B,624996.4385282,625329.1694821,332.7309539,0.028297,0
Venus->Relay B,631205.6517497,631532.6517042,326.9999545,0.032321,0
Venus->Relay B,637394.6675314,637734.9388510,340.2713196,0.010144,0
Venus->Relay B,643582.1470839,643915.2664446,333.1193607,0.019974,0
Venus->Relay B,649771.6554707,650092.1180462,320.4625754,0.033961,0
Venus->Relay B,655953.2666970,656289.0319065,335.7652094,0.020585,0
Venus->Relay B,662146.2454098,662490.4537817,344.2083719,0.009655,0
Venus->Relay B,668359.7105263,668688.1154219,328.4048955,0.032212,0
Venus->Relay B,674563.3440663,674893.7258819,330.3818157,0.028497,0
Venus->Relay B,680749.7811738,681090.9433185,341.1621447,0.001816,0
Venus->Relay B,686938.8744012,687266.9922968,328.1178956,0.026121,0
Venus->Relay B,693126.3720886,693448.4845120,322.1124234,0.033021,0
Venus->Relay B,699308.2173990,699649.0572542,340.8398552,0.013242,0
Venus->Relay B,705507.7587520,705848.7880937,341.0293417,0.017505,0
Venus->Relay B,711722.0673038,712047.9023722,325.8350685,0.034105,0
Venus->Relay B,717919.6036965,718254.1635760,334.5598795,0.022910,0
Venus->Relay B,724105.2990659,724445.1245254,339.8254595,0.006637,0
Venus->Relay B,730295.5099515,730619.1988755,323.6889241,0.030661,0
Venus->Relay B,736480.4139982,736806.5118169,326.0978186,0.030036,0
Venus->Relay B,742664.6416193,743008.8229796,344.1813602,0.005052,0
Venus->Relay B,748870.5924481,749206.9872512,336.3948030,0.024270,0
Venus->Relay B,755082.8742243,755408.5149406,325.6407163,0.033859,0
Venus->Relay B,761274.9658016,761613.3124350,338.3466334,0.015922,0
Venus->Relay B,767461.3706666,767797.8491515,336.4784849,0.014644,0
Venus->Relay B,773651.6450986,773972.5882145,320.9431159,0.033314,0
Venus->Relay B,779834.2367426,780165.7745661,331.5378234,0.025180,0
Venus->Relay B,786022.9178418,786368.0495321,345.1316903,0.003489,0
Venus->Relay B,792234.0005621,792565.4710542,331.4704921,0.029520,0
Venus->Relay B,798441.8559874,798769.6099991,327.7540116,0.031496,0
Venus->Relay B,804630.0022506,804970.7191008,340.7168503,0.007974,0
Venus->Relay B,810817.9175557,811149.7233208,331.8057652,0.021739,0
Venus->Relay B,817006.9886509,817327.6318911,320.6432402,0.033917,0
Venus->Relay B,823188.4673072,823525.6914839,337.2241766,0.018748,0
Venus->Relay B,829383.1370524,829726.6984023,343.5613499,0.011813,0
Venus->Relay B,835597.1073457,835924.6238014,327.5164557,0.032918,0
Venus->Relay B,841799.1244847,842130.5846716,331.4601870,0.027175,0
Venus->Relay B,847985.1958655,848326.2208360,341.0249705,0.000468,0
Venus->Relay B,854174.6610967,854501.5008012,326.8397045,0.027493,0
Venus->Relay B,860361.4965788,860684.4650396,322.9684608,0.032423,0
Venus->Relay B,866543.7583276,866885.6879028,341.9295752,0.011133,0
Venus->Relay B,872745.0595545,873084.9594890,339.8999345,0.019422,0
Venus->Relay B,878959.1022946,879284.6444761,325.5421815,0.034249,0
Venus->Relay B,885155.0900720,885490.7385706,335.6484985,0.021178,0
Venus->Relay B,891340.8553070,891679.9692429,339.1139359,0.008823,0
Venus->Relay B,897531.2017382,897853.9593753,322.7576370,0.031557,0
Venus->Relay B,903715.4266135,904042.8704370,327.4438236,0.028920,0
Venus->Relay B,909900.6469969,910245.3283378,344.6813409,0.002800,0
Venus->Relay B,916108.1264578,916443.1920122,335.0655544,0.025825,0
Venus->Relay B,922319.4359483,922645.4311436,325.9951954,0.033435,0
Venus->Relay B,928510.3119386,928849.4590646,339.1471260,0.013889,0
Venus->Relay B,934697.0695862,935032.4015440,335.3319578,0.016631,0
Venus->Relay B,940887.1472389,941207.7536398,320.6064010,0.033678,0
Venus->Relay B,947069.2926170,947402.3656493,333.0730324,0.023615,0
Venus->Relay B,953259.4423774,953604.3955873,344.9532099,0.005730,0
Venus->Relay B,959471.5410894,959801.8206211,330.2795317,0.030612,0
Venus->Relay B,965677.9382755,966006.5603875,328.6221120,0.030532,0
Venus->Relay B,971865.3489789,972206.3638650,341.0148861,0.005764,0
Venus->Relay B,978053.7025298,978384.1732587,330.4707289,0.023410,0
Venus->Relay B,984242.2614449,984563.2733656,321.0119207,0.033724,0
Venus->Relay B,990423.7430183,990762.3558449,338.6128266,0.016827,0
Venus->Relay B,996620.1500646,996962.9148444,342.7647798,0.013923,0
Venus->Relay B,1002834.4246277,1003161.1948243,326.7701967,0.033478,0
Venus->Relay B,1009034.8126251,1009367.3853244,332.5726993,0.025735,0
Venus->Relay B,1015220.6444839,1015561.3736786,340.7291946,0.002693,0
Venus->Relay B,1021410.4335257,1021736.0577935,325.6242678,0.028747,0
Venus->Relay B,1027596.5790468,1027920.5574414,323.9783945,0.031686,0
Venus->Relay B,1033779.4126889,1034122.2923318,342.8796430,0.008974,0
Venus->Relay B,1039982.4420518,1040321.1284941,338.6864424,0.021254,0
Venus->Relay B,1046196.0184897,1046521.4421996,325.4237099,0.034243,0
Venus->Relay B,1052390.5242628,1052727.2116238,336.6873610,0.019355,0
Venus->Relay B,1058576.4517592,1058914.7203509,338.2685916,0.010966,0
Venus->Relay B,1064766.8508691,1065088.8151301,321.9642611,0.032315,0
Venus->Relay B,1070950.4339839,1071279.3061825,328.8721986,0.027679,0
Venus->Relay B,1077136.7879204,1077481.7921013,345.0041809,0.000553,0
Venus->Relay B,1083345.6853658,1083679.4249817,333.7396159,0.027266,0
Venus->Relay B,1089555.8669893,1089882.3726736,326.5056844,0.032863,0
Venus->Relay B,1095745.6457585,1096085.4765254,339.8307669,0.011799,0
Venus->Relay B,1101932.7989413,1102266.9068948,334.1079535,0.018546,0
Venus->Relay B,1108122.5894765,1108443.0421888,320.4527123,0.033895,0
Venus->Relay B,1114304.3896061,1114638.9912010,334.6015949,0.021946,0
Venus->Relay B,1120496.1030260,1120840.7019562,344.5989301,0.007957,0
Venus->Relay B,1126709.0436641,1127038.2237769,329.1801128,0.031568,0
Venus->Relay B,1132913.9048148,1133243.4896690,329.5848541,0.029435,0
Venus->Relay B,1139100.7149142,1139441.8738626,341.1589484,0.003541,0
Venus->Relay B,1145289.4949185,1145618.6311742,329.1362557,0.024980,0
Venus->Relay B,1151477.4766082,1151799.0406269,321.5640187,0.033384,0
Venus->Relay B,1157659.1051623,1157999.0154923,339.9103301,0.014831,0
Venus->Relay B,1163857.2760175,1164199.1090039,341.8329864,0.015967,0
Venus->Relay B,1170071.6496445,1170397.8289601,326.1793156,0.033889,0
Venus->Relay B,1176270.4185649,1176604.1151067,333.6965418,0.024184,0
Venus->Relay B,1182456.1302851,1182796.4082576,340.2779725,0.004927,0
Venus->Relay B,1188646.1836900,1188970.6769592,324.4932692,0.029877,0
Venus->Relay B,1194831.6277379,1195156.7539536,325.1262157,0.030807,0
Venus->Relay B,1201015.1881901,1201358.8648118,343.6766217,0.006773,0
Venus->Relay B,1207219.8924996,1207557.3031207,337.4106212,0.022994,0
Venus->Relay B,1213432.8099266,1213758.2896384,325.4797118,0.034085,0
Venus->Relay B,1219625.9172400,1219963.5736071,337.6563671,0.017449,0
Venus->Relay B,1225812.0873438,1226149.3889271,337.3015833,0.013060,0
Venus->Relay B,1232002.4512650,1232323.7757264,321.3244615,0.032934,0
Venus->Relay B,1238185.4478940,1238515.8080245,330.3601305,0.026316,0
Venus->Relay B,1244373.0667897,1244718.2131079,345.1463182,0.001747,0
Venus->Relay B,1250583.2525429,1250915.6938456,332.4413028,0.028586,0
Venus->Relay B,1256792.1689264,1257119.3283304,327.1594040,0.032147,0
Venus->Relay B,1262980.9766904,1263321.3611368,340.3844464,0.009657,0
Venus->Relay B,1269168.5537206,1269501.3793017,332.8255811,0.020380,0
Venus->Relay B,1275357.9702936,1275678.4571284,320.4868348,0.033964,0
Venus->Relay B,1281539.5402454,1281875.6400856,336.0998402,0.020180,0
Venus->Relay B,1287732.8959633,1288076.9718894,344.0759261,0.010146,0
Venus->Relay B,1293946.4924458,1294274.6849829,328.1925371,0.032385,0
Venus->Relay B,1300149.7631286,1300480.3844100,330.6212814,0.028209,0
Venus->Relay B,1306336.1062876,1306677.2513822,341.1450946,0.001300,0
Venus->Relay B,1312525.2871474,1312853.1119348,327.8247874,0.026441,0
Venus->Relay B,1318712.6384526,1319034.9300808,322.2916281,0.032898,0
Venus->Relay B,1324894.5643126,1325235.6617903,341.0974777,0.012768,0
Venus->Relay B,1331094.5049220,1331435.2875317,340.7826097,0.017945,0
Venus->Relay B,1337308.7712406,1337634.5250236,325.7537830,0.034151,0
Venus->Relay B,1343505.9528962,1343840.7619807,334.8090844,0.022529,0
Venus->Relay B,1349691.6553856,1350031.3323485,339.6769629,0.007136,0
Venus->Relay B,1355881.9038097,1356205.3711692,323.4673595,0.030875,0
Venus->Relay B,1362066.6520783,1362393.0456446,326.3935664,0.029794,0
Venus->Relay B,1368251.0912663,1368595.4007872,344.3095210,0.004543,0
Venus->Relay B,1374457.3960923,1374793.4915608,336.0954685,0.024632,0
Venus->Relay B,1380669.4726733,1380995.1792794,325.7066061,0.033776,0
Venus->Relay B,1386861.2797729,1387199.8167144,338.5369415,0.015469,0
Venus->Relay B,1393047.7598640,1393383.9870349,336.2271709,0.015098,0
Venus->Relay B,1399237.9978346,1399558.8492409,320.8514063,0.033410,0
Venus->Relay B,1405420.4806083,1405752.3646070,331.8839986,0.024836,0
Venus->Relay B,1411609.4844104,1411954.5914165,345.1070061,0.003990,0
Venus->Relay B,1417820.8111769,1418152.0057198,331.1945429,0.029779,0
Venus->Relay B,1424028.3451468,1424356.2859718,327.9408250,0.031290,0
Venus->Relay B,1430216.3134462,1430557.1107968,340.7973506,0.007475,0
Venus->Relay B,1436404.3280576,1436735.8333105,331.5052528,0.022125,0
Venus->Relay B,1442593.2896718,1442913.9998752,320.7102034,0.033886,0
Venus->Relay B,1448774.7567981,1449112.3016142,337.5448160,0.018323,0
Venus->Relay B,1454969.8156794,1455313.2096716,343.3939922,0.012296,0
Venus->Relay B,1461183.8724824,1461511.2073911,327.3349087,0.033058,0
Venus->Relay B,1467385.5218526,1467717.2312068,331.7093542,0.026861,0
Venus->Relay B,1473571.5283014,1473912.5002457,340.9719443,0.000958,0
Venus->Relay B,1479761.0713233,1480087.6301619,326.5588386,0.027788,0
Venus->Relay B,1485947.7527946,1486270.9364942,323.1836996,0.032269,0
Venus->Relay B,1492130.1301323,1492472.2870752,342.1569428,0.010648,0
Venus->Relay B,1498331.8253216,1498671.4577023,339.6323807,0.019845,0
Venus->Relay B,1504545.7800177,1504871.2801231,325.5001054,0.034262,0
Venus->Relay B,1510741.4265183,1511077.3148068,335.8882885,0.020776,0
Venus->Relay B,1516927.2207466,1517266.1550041,338.9342575,0.009309,0
Venus->Relay B,1523117.5865356,1523440.1522781,322.5657425,0.031740,0
Venus->Relay B,1529301.6625103,1529629.4226280,327.7601178,0.028652,0
Venus->Relay B,1535487.1269761,1535831.8969134,344.7699373,0.002304,0
Venus->Relay B,1541694.9371618,1542029.7020007,334.7648389,0.026161,0
Venus->Relay B,1547906.0048336,1548232.1021267,326.0972931,0.033318,0
Venus->Relay B,1554096.6222695,1554435.9345647,339.3122952,0.013423,0
Venus->Relay B,1560283.4660500,1560618.5275961,335.0615461,0.017070,0
Venus->Relay B,1566473.4866492,1566794.0421017,320.5554526,0.033740,0
Venus->Relay B,1572655.5446681,1572988.9644676,333.4197996,0.023247,0
Venus->Relay B,1578846.0399436,1579190.9282776,344.8883340,0.006239,0
Venus->Relay B,1585058.3445512,1585388.3669418,330.0223906,0.030840,0
Venus->Relay B,1591264.4006923,1591593.2327586,328.8320663,0.030295,0
Venus->Relay B,1597451.6639179,1597792.7249953,341.0610774,0.005264,0
Venus->Relay B,1603640.1153466,1603970.2837452,330.1683986,0.023774,0
Venus->Relay B,1609828.5491492,1610149.6699926,321.1208434,0.033659,0
Venus->Relay B,1616010.0510699,1616348.9657120,338.9146421,0.016384,0
Venus->Relay B,1622206.8550011,1622549.4205352,342.5655341,0.014388,0
Venus->Relay B,1628421.1699799,1628747.7926894,326.6227095,0.033585,0
Venus->Relay B,1634621.1905195,1634954.0169405,332.8264210,0.025395,0
Venus->Relay B,1640806.9850756,1641147.6257597,340.6406841,0.003205,0
Venus->Relay B,1646996.8394171,1647322.2000297,325.3606126,0.029014,0
Venus->Relay B,1653182.8268663,1653507.0531405,324.2262743,0.031498,0
Venus->Relay B,1659365.8112315,1659708.8847460,343.0735145,0.008481,0
Venus->Relay B,1665569.2244126,1665907.6272675,338.4028549,0.021657,0
Venus->Relay B,1671782.6684769,1672108.0896538,325.4211769,0.034221,0
Venus->Relay B,1677976.8504435,1678313.7635199,336.9130764,0.018933,0
Venus->Relay B,1684162.8261744,1684500.8864609,338.0602865,0.011442,0
Venus->Relay B,1690353.2251555,1690675.0309318,321.8057764,0.032467,0
Venus->Relay B,1696536.6703075,1696865.8742856,329.2039781,0.027381,0
Venus->Relay B,1702723.2989103,1703068.3510751,345.0521648,0.000143,0
Venus->Relay B,1708932.4994029,1709265.9424244,333.4430215,0.027574,0
Venus->Relay B,1715142.4065028,1715469.0478650,326.6413622,0.032714,0
Venus->Relay B,1721331.9546365,1721671.9222778,339.9676414,0.011317,0
Venus->Relay B,1727519.2016193,1727853.0242528,333.8226335,0.018968,0
Venus->Relay B,1733708.9150909,1734029.3589848,320.4438939,0.033923,0
Venus->Relay B,1739890.6526884,1740225.5962514,334.9435630,0.021554,0
Venus->Relay B,1746082.7308735,1746427.2260925,344.4952190,0.008453,0
Venus->Relay B,1752295.8363308,1752624.7828664,328.9465356,0.031765,0
Relay B->Venus,5618.4896206,5945.3354169,326.8457963,0.032490,0
Relay B->Venus,11807.7233151,12147.8733560,340.1500409,0.010635,0
Relay B->Venus,17995.1058375,18328.5202075,333.4143701,0.019557,0
Relay B->Venus,24184.7028435,24505.1505388,320.4476953,0.033951,0
Relay B->Venus,30366.3616997,30701.7856282,335.4239285,0.020992,0
Relay B->Venus,36558.9617227,36903.2954329,344.3337102,0.009155,0
Relay B->Venus,42772.2835850,43100.9098927,328.6263077,0.032032,0
Relay B->Venus,48976.2826382,49306.4255277,330.1428895,0.028782,0
Relay B->Venus,55162.8223666,55503.9937791,341.1714125,0.002328,0
Relay B->Venus,61351.8256503,61680.2421130,328.4164627,0.025791,0
Relay B->Venus,67539.4690169,67861.4086491,321.9396322,0.033137,0
Relay B->Venus,73721.2401382,74061.8126570,340.5725188,0.013716,0
Relay B->Venus,79920.3764404,80261.6497511,341.2733107,0.017055,0
Relay B->Venus,86134.7169138,86460.6432287,325.9263148,0.034051,0
Relay B->Venus,92332.6151215,92666.9218260,334.3067045,0.023293,0
Relay B->Venus,98518.3094438,98858.2778591,339.9684153,0.006135,0
Relay B->Venus,104708.4788028,105032.3979963,323.9191935,0.030438,0
Relay B->Venus,110893.5410744,111219.3448941,325.8038197,0.030272,0
Relay B->Venus,117077.5616452,117421.6041900,344.0425448,0.005567,0
Relay B->Venus,123283.1491369,123619.8455261,336.6963892,0.023901,0
Relay B->Venus,129495.6296049,129821.2125267,325.5829217,0.033935,0
Relay B->Venus,135688.0151924,136026.1644193,338.1492269,0.016377,0
Relay B->Venus,141874.3476652,142211.0755495,336.7278843,0.014180,0
Relay B->Venus,148064.6544160,148385.6992511,321.0448351,0.033211,0
Relay B->Venus,154247.3601135,154578.5484008,331.1882873,0.025522,0
Relay B->Venus,160435.7197548,160780.8667775,345.1470227,0.002967,0
Relay B->Venus,166646.5468894,166978.3001045,331.7532151,0.029253,0
Relay B->Venus,172854.7224797,173182.2937669,327.5712872,0.031697,0
Relay B->Venus,179043.0564522,179383.6845483,340.6280961,0.008474,0
Relay B->Venus,185230.8720933,185562.9807581,332.1086648,0.021344,0
Relay B->Venus,191420.0500191,191740.6351107,320.5850916,0.033940,0
Relay B->Venus,197601.5467495,197938.4426419,336.8958924,0.019176,0
Relay B->Venus,203795.8245744,204139.5472049,343.7226305,0.011325,0
Relay B->Venus,210009.6966511,210337.4042164,327.7075653,0.032770,0
Relay B->Venus,216212.0855337,216543.2958189,331.2102852,0.027488,0
Relay B->Venus,222398.2299343,222739.3005759,341.0706415,0.000119,0
Relay B->Venus,228587.6144921,228914.7415193,327.1270273,0.027190,0
Relay B->Venus,234774.6040939,235097.3626121,322.7585182,0.032572,0
Relay B->Venus,240956.7562948,241298.4483200,341.6920252,0.011621,0
Relay B->Venus,247157.6567386,247497.8227712,340.1660326,0.018991,0
Relay B->Venus,253371.7780238,253697.3720094,325.5939856,0.034230,0
Relay B->Venus,259568.1150233,259903.5187634,335.4037402,0.021582,0
Relay B->Venus,265753.8565124,266093.1454369,339.2889245,0.008327,0
Relay B->Venus,271944.1793960,272267.1382004,322.9588044,0.031364,0
Relay B->Venus,278128.5564286,278455.6843404,327.1279118,0.029186,0
Relay B->Venus,284313.5364934,284658.1187142,344.5822208,0.003318,0
Relay B->Venus,290520.6751443,290856.0449647,335.3698204,0.025480,0
Relay B->Venus,296732.2212447,297058.1215380,325.9002934,0.033544,0
Relay B->Venus,302923.3655905,303262.3399392,338.9743488,0.014359,0
Relay B->Venus,309110.0390624,309445.6406258,335.6015635,0.016183,0
Relay B->Venus,315300.1698669,315620.8371598,320.6672928,0.033609,0
Relay B->Venus,321482.4083124,321815.1299547,332.7216423,0.023982,0
Relay B->Venus,327672.2127787,328017.2222079,345.0094292,0.005221,0
Relay B->Venus,333884.0937907,334214.6381918,330.5444012,0.030375,0
Relay B->Venus,340090.8321813,340419.2471682,328.4149868,0.030764,0
Relay B->Venus,346278.3998257,346619.3603112,340.9604855,0.006271,0
Relay B->Venus,352466.6543828,352797.4309715,330.7765887,0.023037,0
Relay B->Venus,358655.3363968,358976.2474765,320.9110796,0.033781,0
Relay B->Venus,364836.8042208,365175.1067177,338.3024969,0.017273,0
Relay B->Venus,371032.8104972,371375.7695729,342.9590757,0.013444,0
Relay B->Venus,377247.0332905,377573.9608568,326.9275663,0.033364,0
Relay B->Venus,383447.7939452,383780.1109577,332.3170125,0.026074,0
Relay B->Venus,389633.6705257,389974.4814285,340.8109028,0.002182,0
Relay B->Venus,395823.3909007,396149.2861904,325.8952897,0.028472,0
Relay B->Venus,402009.6954433,402333.4300374,323.7345941,0.031867,0
Relay B->Venus,408192.3839573,408535.0592340,342.6752768,0.009472,0
Relay B->Venus,414395.0217081,414733.9916180,338.9699099,0.020845,0
Relay B->Venus,420608.7219845,420934.1575273,325.4355428,0.034258,0
Relay B->Venus,426803.5602230,427140.0160176,336.4557946,0.019779,0
Relay B->Venus,432989.4438759,433327.9170209,338.4731450,0.010479,0
Relay B->Venus,439179.8388370,439501.9712700,322.1324329,0.032154,0
Relay B->Venus,445363.5639318,445692.1033612,328.5394294,0.027974,0
Relay B->Venus,451549.6461228,451894.5920850,344.9459622,0.001055,0
Relay B->Venus,457758.2297999,458092.2708012,334.0410013,0.026946,0
Relay B->Venus,463968.6821107,464295.0582813,326.3761706,0.033006,0
Relay B->Venus,470158.7014278,470498.3873481,339.6859202,0.012282,0
Relay B->Venus,476345.7619065,476680.1555146,334.3936081,0.018115,0
Relay B->Venus,482535.6259598,482856.0971855,320.4712257,0.033858,0
Relay B->Venus,488717.4947418,489051.7485656,334.2538238,0.022337,0
Relay B->Venus,494908.8425537,495253.5373648,344.6948111,0.007449,0
Relay B->Venus,501121.6064581,501451.0286864,329.4222283,0.031362,0
Relay B->Venus,507326.8245958,507656.1825100,329.3579142,0.029698,0
Relay B->Venus,513513.7608434,513854.9010013,341.1401579,0.004052,0
Relay B->Venus,519702.4457515,520031.8857483,329.4399967,0.024631,0
Relay B->Venus,525890.5643724,526211.9862050,321.4218326,0.033474,0
Relay B->Venus,532072.1455964,532411.7681793,339.6225829,0.015294,0
Relay B->Venus,538269.9114300,538611.9682440,342.0568140,0.015505,0
Relay B->Venus,544484.2804457,544810.5806493,326.3002036,0.033809,0
Relay B->Venus,550683.4178020,551016.8580824,333.4402804,0.024548,0
Relay B->Venus,556869.1476539,557209.5424269,340.3947730,0.004422,0
Relay B->Venus,563059.1468560,563383.8899685,324.7431126,0.029630,0
Relay B->Venus,569244.7510191,569569.6034552,324.8524361,0.031020,0
Relay B->Venus,575428.1311070,575771.6394080,343.5083010,0.007280,0
Relay B->Venus,581632.4578720,581970.1642369,337.7063649,0.022605,0
Relay B->Venus,587845.5423752,588170.9942576,325.4518824,0.034134,0
Relay B->Venus,594038.9617151,594376.4041742,337.4424591,0.017892,0
Relay B->Venus,600225.0707153,600562.6034478,337.5327325,0.012586,0
Relay B->Venus,606415.4508477,606736.9071149,321.4562671,0.032805,0
Relay B->Venus,612598.5752307,612928.5910348,330.0158041,0.026639,0
Relay B->Venus,618785.8932894,619131.0228590,345.1295695,0.001233,0
Relay B->Venus,624995.7965544,625328.5308222,332.7342677,0.028294,0
Relay B->Venus,631205.0133506,631532.0118037,326.9984531,0.032324,0
Relay B->Venus,637394.0322820,637734.3026084,340.2703264,0.010150,0
Relay B->Venus,643581.5113958,643914.6341895,333.1227937,0.019968,0
Relay B->Venus,649771.0208458,650091.4830152,320.4621694,0.033961,0
Relay B->Venus,655952.6319734,656288.3930207,335.7610474,0.020591,0
Relay B->Venus,662145.6056424,662489.8152527,344.2096102,0.009650,0
Relay B->Venus,668359.0688876,668687.4763249,328.4074373,0.032211,0
Relay B->Venus,674562.7069620,674893.0863882,330.3794262,0.028500,0
Relay B->Venus,680749.1459628,681090.3085512,341.1625884,0.001808,0
Relay B->Venus,686938.2387217,687266.3599838,328.1212621,0.026118,0
Relay B->Venus,693125.7379056,693447.8480943,322.1101887,0.033022,0
Relay B->Venus,699307.5816370,699648.4181844,340.8365474,0.013245,0
Relay B->Venus,705507.1177331,705848.1497074,341.0319743,0.017501,0
Relay B->Venus,711721.4265841,712047.2627927,325.8362086,0.034105,0
Relay B->Venus,717918.9675967,718253.5249768,334.5573802,0.022916,0
Relay B->Venus,724104.6636976,724444.4910418,339.8273442,0.006633,0
Relay B->Venus,730294.8745104,730618.5659291,323.6914186,0.030658,0
Relay B->Venus,736479.7799925,736805.8741833,326.0941908,0.030038,0
Relay B->Venus,742664.0044795,743008.1840152,344.1795356,0.005054,0
Relay B->Venus,748869.9506513,749206.3487951,336.3981438,0.024266,0
Relay B->Venus,755082.2347976,755407.8750452,325.6402476,0.033859,0
Relay B->Venus,761274.3303291,761612.6751150,338.3447859,0.015928,0
Relay B->Venus,767460.7350863,767797.2165657,336.4814794,0.014638,0
Relay B->Venus,773651.0100955,773971.9541701,320.9440746,0.033314,0
Relay B->Venus,779833.6024977,780165.1360601,331.5335624,0.025184,0
Relay B->Venus,786022.2791685,786367.4108180,345.1316495,0.003477,0
Relay B->Venus,792233.3586129,792564.8322927,331.4736798,0.029517,0
Relay B->Venus,798441.2179505,798768.9701577,327.7522073,0.031498,0
Relay B->Venus,804629.3670377,804970.0832554,340.7162178,0.007977,0
Relay B->Venus,810817.2818497,811149.0911084,331.8092587,0.021735,0
Relay B->Venus,817006.3541578,817326.9964889,320.6423311,0.033917,0
Relay B->Venus,823187.8323494,823525.0525144,337.2201650,0.018754,0
Relay B->Venus,829382.4969190,829726.0599271,343.5630081,0.011808,0
Relay B->Venus,835596.4659001,835923.9845728,327.5186727,0.032916,0
Relay B->Venus,841798.4876803,842129.9453696,331.4576893,0.027179,0
Relay B->Venus,847984.5606266,848325.5864364,341.0258098,0.000450,0
Relay B->Venus,854174.0254575,854500.8683735,326.8429160,0.027491,0
Relay B->Venus,860360.8624762,860683.8282741,322.9657979,0.032426,0
Relay B->Venus,866543.1222271,866885.0488380,341.9266109,0.011137,0
Relay B->Venus,872744.4182752,873084.3211075,339.9028323,0.019418,0
Relay B->Venus,878958.4618920,879284.0047873,325.5428953,0.034249,0
Relay B->Venus,885154.4541765,885490.1002795,335.6461029,0.021184,0
Relay B->Venus,891340.2198819,891679.3360416,339.1161597,0.008814,0
Relay B->Venus,897530.5663975,897853.3261763,322.7597787,0.031554,0
Relay B->Venus,903714.7925891,904042.2325341,327.4399450,0.028924,0
Relay B->Venus,909900.0094570,910244.6894320,344.6799750,0.002810,0
Relay B->Venus,916107.4845561,916442.5534972,335.0689411,0.025820,0
Relay B->Venus,922318.7968918,922644.7912198,325.9943280,0.033435,0
Relay B->Venus,928509.6765684,928848.8221253,339.1455569,0.013895,0
Relay B->Venus,934696.4339591,935031.7691127,335.3351536,0.016626,0
Relay B->Venus,940886.5123709,941207.1192509,320.6068799,0.033677,0
Relay B->Venus,947068.6582295,947401.7269808,333.0687513,0.023619,0
Relay B->Venus,953258.8033003,953603.7569438,344.9536436,0.005725,0
Relay B->Venus,959470.8992120,959801.1817461,330.2825341,0.030609,0
Relay B->Venus,965677.3005892,966005.9206401,328.6200509,0.030535,0
Relay B->Venus,971864.7137824,972205.7284149,341.0146325,0.005772,0
Relay B->Venus,978053.0668195,978383.5410472,330.4742277,0.023407,0
Relay B->Venus,984241.6270756,984562.6375924,321.0105169,0.033724,0
Relay B->Venus,990423.1077954,990761.7168180,338.6090226,0.016833,0
Relay B->Venus,996619.5095874,996962.2764128,342.7668254,0.013915,0
Relay B->Venus,1002833.7834140,1003160.5554646,326.7720506,0.033477,0
Relay B->Venus,1009034.1760975,1009366.7462479,332.5701504,0.025740,0
Relay B->Venus,1015220.0092052,1015560.7396287,340.7304235,0.002699,0
Relay B->Venus,1021409.7979437,1021735.4252118,325.6272681,0.028745,0
Relay B->Venus,1027595.9450022,1027919.9203447,323.9753425,0.031687,0
Relay B->Venus,1033778.7762288,1034121.6532902,342.8770614,0.008979,0
Relay B->Venus,1039981.8005496,1040320.4901010,338.6895514,0.021250,0
Relay B->Venus,1046195.3784257,1046520.8024179,325.4239922,0.034243,0
Relay B->Venus,1052389.8885440,1052726.5736650,336.6851211,0.019361,0
Relay B->Venus,1058575.8162762,1058914.0874015,338.2711253,0.010958,0
Relay B->Venus,1064766.2156414,1065088.1816484,321.9660070,0.032313,0
Relay B->Venus,1070949.7999095,1071278.6680371,328.8681276,0.027682,0
Relay B->Venus,1077136.1499733,1077481.1532615,345.0032883,0.000595,0
Relay B->Venus,1083345.0434052,1083678.7863909,333.7429857,0.027261,0
Relay B->Venus,1089555.2283047,1089881.7327508,326.5044460,0.032865,0
Relay B->Venus,1095745.0104655,1096084.8399764,339.8295109,0.011803,0
Relay B->Venus,1101932.1632756,1102266.2745785,334.1113029,0.018542,0
Relay B->Venus,1108121.9547461,1108442.4074413,320.4526951,0.033894,0
Relay B->Venus,1114303.7550420,1114638.3523990,334.5973570,0.021949,0
Relay B->Venus,1120495.4635543,1120840.0633796,344.5998254,0.007950,0
Relay B->Venus,1126708.4019042,1127037.5847791,329.1828749,0.031565,0
Relay B->Venus,1132913.2674638,1133242.8500508,329.5825870,0.029438,0
Relay B->Venus,1139100.0797158,1139441.2388016,341.1590858,0.003544,0
Relay B->Venus,1145288.8592194,1145617.9989215,329.1397021,0.024977,0
Relay B->Venus,1151476.8423501,1151798.4044868,321.5621367,0.033386,0
Relay B->Venus,1157658.4696456,1157998.3764323,339.9067867,0.014838,0
Relay B->Venus,1163856.6352233,1164198.4706033,341.8353801,0.015964,0
Relay B->Venus,1170071.0086974,1170397.1894733,326.1807759,0.033888,0
Relay B->Venus,1176269.7822887,1176603.4762875,333.6939988,0.024188,0
Relay B->Venus,1182455.4949583,1182795.7745365,340.2795782,0.004921,0
Relay B->Venus,1188645.5481812,1188970.0441858,324.4960046,0.029873,0
Relay B->Venus,1194830.9937259,1195156.1165453,325.1228194,0.030811,0
Relay B->Venus,1201014.5513524,1201358.2258087,343.6744564,0.006781,0
Relay B->Venus,1207219.2508148,1207556.6646990,337.4138842,0.022989,0
Relay B->Venus,1213432.1702174,1213757.6497835,325.4795661,0.034085,0
Relay B->Venus,1219625.2816705,1219962.9360017,337.6543312,0.017454,0
Relay B->Venus,1225811.4518043,1226148.7561964,337.3043921,0.013054,0
Relay B->Venus,1232001.8161606,1232323.1419362,321.3257756,0.032933,0
Relay B->Venus,1238184.8137366,1238515.1696647,330.3559282,0.026319,0
Relay B->Venus,1244372.4284328,1244717.5743383,345.1459055,0.001724,0
Relay B->Venus,1250582.6105705,1250915.0551640,332.4445934,0.028581,0
Relay B->Venus,1256791.5306100,1257118.6884404,327.1578305,0.032149,0
Relay B->Venus,1262980.3414513,1263320.7249838,340.3835325,0.009664,0
Relay B->Venus,1269167.9180273,1269500.7470599,332.8290327,0.020376,0
Relay B->Venus,1275357.3356990,1275677.8220137,320.4863148,0.033965,0
Relay B->Venus,1281538.9054719,1281875.0011784,336.0957065,0.020183,0
Relay B->Venus,1287732.2561117,1288076.3333732,344.0772614,0.010141,0
Relay B->Venus,1293945.8508471,1294274.0458564,328.1950092,0.032382,0
Relay B->Venus,1300149.1260940,1300479.7449564,330.6188624,0.028213,0
Relay B->Venus,1306335.4710716,1306676.6166993,341.1456277,0.001298,0
Relay B->Venus,1312524.6514755,1312852.4795991,327.8281236,0.026439,0
Relay B->Venus,1318712.0042897,1319034.2935830,322.2892933,0.032900,0
Relay B->Venus,1324893.9284762,1325235.0227197,341.0942435,0.012776,0
Relay B->Venus,1331093.8638412,1331434.6491479,340.7853067,0.017940,0
Relay B->Venus,1337308.1305903,1337633.8854183,325.7548280,0.034150,0
Relay B->Venus,1343505.3168451,1343840.1234487,334.8066037,0.022532,0
Relay B->Venus,1349691.0200046,1350030.6989311,339.6789265,0.007126,0
Relay B->Venus,1355881.2683901,1356204.7381684,323.4697783,0.030872,0
Relay B->Venus,1362066.0180711,1362392.4079477,326.3898766,0.029797,0
Relay B->Venus,1368250.4540368,1368594.7618352,344.3077984,0.004556,0
Relay B->Venus,1374456.7542678,1374792.8530930,336.0988252,0.024627,0
Relay B->Venus,1380668.8333300,1380994.5393754,325.7060454,0.033777,0
Relay B->Venus,1386860.6443259,1387199.1794792,338.5351534,0.015473,0
Relay B->Venus,1393047.1242727,1393383.3544875,336.2302148,0.015094,0
Relay B->Venus,1399237.3628618,1399558.2151200,320.8522582,0.033408,0
Relay B->Venus,1405419.8463343,1405751.7260617,331.8797274,0.024840,0
Relay B->Venus,1411608.8456451,1411953.9527184,345.1070733,0.003989,0
Relay B->Venus,1417820.1692401,1418151.3669337,331.1976936,0.029775,0
Relay B->Venus,1424027.7071902,1424355.6461486,327.9389584,0.031292,0
Relay B->Venus,1430215.6782387,1430556.4750410,340.7968023,0.007481,0
Relay B->Venus,1436403.6923493,1436735.2011019,331.5087526,0.022122,0
Relay B->Venus,1442592.6552078,1442913.3643891,320.7091813,0.033886,0
Relay B->Venus,1448774.1217831,1449111.6626292,337.5408461,0.018326,0
Relay B->Venus,1454969.1754662,1455312.5712072,343.3957410,0.012288,0
Relay B->Venus,1461183.2310861,1461510.5681330,327.3370469,0.033056,0
Relay B->Venus,1467384.8851129,1467716.5919527,331.7068398,0.026864,0
Relay B->Venus,1473570.8930544,1473911.8659269,340.9728725,0.000986,0
Relay B->Venus,1479760.4356955,1480086.9977030,326.5620074,0.027784,0
Relay B->Venus,1485947.1187073,1486270.2996525,323.1809452,0.032271,0
Relay B->Venus,1492129.4939524,1492471.6480142,342.1540618,0.010657,0
Relay B->Venus,1498331.1839885,1498670.8193194,339.6353309,0.019839,0
Relay B->Venus,1504545.1396900,1504870.6404120,325.5007219,0.034261,0
Relay B->Venus,1510740.7906653,1511076.6765887,335.8859234,0.020779,0
Relay B->Venus,1516926.5853084,1517265.5218626,338.9365542,0.009302,0
Relay B->Venus,1523116.9512192,1523439.5190176,322.5677984,0.031738,0
Relay B->Venus,1529301.0284775,1529628.7846678,327.7561903,0.028654,0
Relay B->Venus,1535486.4893447,1535831.2580222,344.7686775,0.002298,0
Relay B->Venus,1541694.2952427,1542029.0634700,334.7682273,0.026157,0
Relay B->Venus,1547905.3658613,1548231.4622005,326.0963392,0.033320,0
Relay B->Venus,1554095.9869190,1554435.2977127,339.3107936,0.013427,0
Relay B->Venus,1560282.8304132,1560617.8951942,335.0647810,0.017067,0
Relay B->Venus,1566472.8518122,1566793.4076329,320.5558207,0.033739,0
Relay B->Venus,1572654.9102434,1572988.3257664,333.4155231,0.023252,0
Relay B->Venus,1578845.4007760,1579190.2896496,344.8888736,0.006230,0
Relay B->Venus,1585057.7026964,1585387.7280399,330.0253434,0.030837,0
Relay B->Venus,1591263.7630831,1591592.5930372,328.8299541,0.030298,0
Relay B->Venus,1597451.0287224,1597792.0896336,341.0609112,0.005272,0
Relay B->Venus,1603639.4796373,1603969.6515280,330.1718907,0.023771,0
Relay B->Venus,1609827.9148060,1610149.0341357,321.1193297,0.033661,0
Relay B->Venus,1616009.4157833,1616348.3266753,338.9108920,0.016388,0
Relay B->Venus,1622206.2144498,1622548.7821118,342.5676620,0.014385,0
Relay B->Venus,1628420.5288237,1628747.1533004,326.6244767,0.033583,0
Relay B->Venus,1634620.5540508,1634953.3779193,332.8238685,0.025398,0
Relay B->Venus,1640806.3497869,1641146.9917861,340.6419992,0.003196,0
Relay B->Venus,1646996.2038504,1647321.5674080,325.3635576,0.029010,0
Relay B->Venus,1653182.1928314,1653506.4159716,324.2231402,0.031501,0
Relay B->Venus,1659365.1746873,1659708.2457119,343.0710247,0.008488,0
Relay B->Venus,1665568.5828656,1665906.9888693,338.4060037,0.021651,0
Relay B->Venus,1671782.0284919,1672107.4498535,325.4213617,0.034220,0
Relay B->Venus,1677976.2147607,1678313.1256393,336.9108787,0.018937,0
Relay B->Venus,1684162.1906782,1684500.2535640,338.0628858,0.011437,0
Relay B->Venus,1690352.5899547,1690674.3973826,321.8074279,0.032467,0
Relay B->Venus,1696536.0362173,1696865.2360891,329.1998718,0.027386,0
Relay B->Venus,1702722.6608709,1703067.7122508,345.0513799,0.000075,0
Relay B->Venus,1708931.8574356,1709265.3038145,333.4463789,0.027571,0
Relay B->Venus,1715141.7679018,1715468.4079467,326.6400449,0.032715,0
Relay B->Venus,1721331.3193578,1721671.2858182,339.9664605,0.011325,0
Relay B->Venus,1727518.5659462,1727852.3919569,333.8260107,0.018965,0
Relay B->Venus,1733708.2803916,1734028.7241551,320.4437635,0.033924,0
Relay B->Venus,1739890.0180796,1740224.9574231,334.9393435,0.021560,0
Relay B->Venus,1746082.0913144,1746426.5875303,344.4962158,0.008448,0
Relay B->Venus,1752295.1946036,1752624.1438400,328.9492364,0.031763,0
Earth->Relay A,6667.9403819,7161.4047526,493.4643707,0.000148,0
Earth->Relay A,17824.4373318,18301.1842083,476.7468765,0.000078,0
Earth->Relay A,28848.3343283,29312.8709258,464.5365975,0.000210,0
Earth->Relay A,39882.8860949,40365.6008860,482.7147911,0.000062,0
Earth->Relay A,51048.7695841,51540.9537395,492.1841555,0.000053,0
Earth->Relay A,62176.0014662,62647.3455793,471.3441131,0.000051,0
Earth->Relay A,73182.1684462,73648.8382341,466.6697879,0.000139,0
Earth->Relay A,84247.9274780,84735.9142307,487.9867527,0.000164,0
Earth->Relay A,95426.6917266,95915.3486599,488.6569333,0.000127,0
Earth->Relay A,106519.0151860,106986.1616210,467.1464350,0.000107,0
Earth->Relay A,117520.1212310,117990.7584082,470.6371772,0.000063,0
Earth->Relay A,128621.2947663,129113.0904759,491.7957096,0.000070,0
Earth->Relay A,139798.1782950,140281.7229029,483.5446079,0.000126,0
Earth->Relay A,150855.6740137,151320.3951510,464.7211373,0.000087,0
Earth->Relay A,161865.0669535,162340.9749941,475.9080405,0.000142,0
Earth->Relay A,173000.3127214,173493.7449075,493.4321861,0.000068,0
Earth->Relay A,184160.9086639,184638.6577314,477.7490675,0.000067,0
Earth->Relay A,195189.0090674,195653.3865749,464.3775074,0.000090,0
Earth->Relay A,206218.9430801,206700.6631612,481.7200811,0.000186,0
Earth->Relay A,217381.2329024,217873.8124684,492.5795660,0.000151,0
Earth->Relay A,228514.0911945,228986.3039016,472.2127070,0.000209,0
Earth->Relay A,239522.4664556,239988.6247364,466.1582808,0.000166,0
Earth->Relay A,250582.3780097,251069.5326551,487.1546454,0.000156,0
Earth->Relay A,261759.9364144,262249.3401004,489.4036860,0.000053,0
Earth->Relay A,272858.4575046,273326.2164069,467.7589023,0.000195,0
Earth->Relay A,283859.4806622,284329.3197054,469.8390431,0.000055,0
Earth->Relay A,294954.4572464,295445.7333938,491.2761474,0.000081,0
Earth->Relay A,306132.7429599,306617.2482609,484.5053010,0.000141,0
Earth->Relay A,317196.0175506,317661.0147988,464.9972482,0.000174,0
Earth->Relay A,328203.0457672,328677.9787480,474.9329808,0.000068,0
Earth->Relay A,339332.7429971,339826.0671941,493.3241971,0.000159,0
Earth->Relay A,350497.0901200,350975.8494562,478.7593362,0.000071,0
Earth->Relay A,361529.6874996,361993.9702245,464.2827249,0.000105,0
Earth->Relay A,372555.2903224,373036.0044426,480.7141201,0.000121,0
Earth->Relay A,383713.6286885,384206.5329541,492.9042656,0.000096,0
Earth->Relay A,394851.9136025,395325.0278791,473.1142766,0.000094,0
Earth->Relay A,405862.8721141,406328.5764638,465.7043498,0.000191,0
Earth->Relay A,416917.0913779,417403.3741461,486.2827682,0.000065,0
Earth->Relay A,428093.0015832,428583.0997292,490.0981460,0.000126,0
Earth->Relay A,439197.6936609,439666.1163629,468.4227021,0.000090,0
Earth->Relay A,450199.0385026,450668.1223520,469.0838494,0.000137,0
Earth->Relay A,461287.8086478,461778.5021864,490.6935387,0.000073,0
Earth->Relay A,472467.0503904,472952.4908208,485.4404304,0.000045,0
Earth->Relay A,483536.2433327,484001.5786825,465.3353498,0.000071,0
Earth->Relay A,494541.2877353,495015.2666911,473.9789557,0.000027,0
Earth->Relay A,505665.2524589,506158.3935114,493.1410525,0.000126,0
Earth->Relay A,516832.9823655,517312.7552491,479.7728837,0.000100,0
Earth->Relay A,527870.3512369,528334.6038386,464.2526016,0.000217,0
Earth->Relay A,538891.9276839,539371.6296076,479.7019236,0.000174,0
Earth->Relay A,550045.9783803,550539.1347021,493.1563218,0.000160,0
Earth->Relay A,561189.4617437,561663.5066699,474.0449262,0.000083,0
Earth->Relay A,572203.3680097,572668.6777409,465.3097312,0.000070,0
Earth->Relay A,583252.0757908,583737.4516515,485.3758607,0.000184,0
Earth->Relay A,594425.9046475,594916.6410071,490.7363596,0.000206,0
Earth->Relay A,605536.7107743,606005.8459650,469.1351907,0.000203,0
Earth->Relay A,616538.7805489,617007.1552273,468.3746784,0.000124,0
Earth->Relay A,627621.3647660,628111.4160289,490.0512629,0.000089,0
Earth->Relay A,638801.1109494,639287.4559966,486.3450472,0.000163,0
Earth->Relay A,649876.3346506,650342.0688168,465.7341661,0.000168,0
Earth->Relay A,660879.7840523,661352.8342692,473.0502169,0.000011,0
Earth->Relay A,671997.8618792,672490.7457291,492.8838499,0.000107,0
Earth->Relay A,683168.5874916,683649.3723055,480.7848139,0.000145,0
Earth->Relay A,694210.9819473,694675.2691969,464.2872496,0.000093,0
Earth->Relay A,705228.8536299,705707.5420855,478.6884556,0.000074,0
Earth->Relay A,716378.3037013,716871.6379293,493.3342280,0.000064,0
Earth->Relay A,727526.7298888,728001.7304596,475.0005708,0.000180,0
Earth->Relay A,738543.9364015,739008.9123260,464.9759245,0.000146,0
Earth->Relay A,749587.3380145,750071.7768000,484.4387856,0.000099,0
Earth->Relay A,760758.6639796,761249.9786376,491.3146579,0.000201,0
Earth->Relay A,771875.4968473,772345.3903421,469.8934948,0.000129,0
Earth->Relay A,782878.6918818,783346.4062694,467.7143877,0.000141,0
Earth->Relay A,793955.1402200,794444.4932295,489.3530095,0.000193,0
Earth->Relay A,805134.9363605,805622.1506568,487.2142963,0.000064,0
Earth->Relay A,816216.2752994,816682.4674822,466.1921828,0.000205,0
Earth->Relay A,827218.5248293,827690.6756655,472.1508362,0.000119,0
Earth->Relay A,838330.5914289,838823.1455549,492.5541260,0.000128,0
Earth->Relay A,849503.9090294,849985.6991879,481.7901585,0.000070,0
Earth->Relay A,860551.5614213,861015.9479614,464.3865402,0.000109,0
Earth->Relay A,871566.0652615,872043.7438670,477.6786056,0.000194,0
Earth->Relay A,882710.6265274,883204.0634459,493.4369185,0.000163,0
Earth->Relay A,893863.7135736,894339.6905202,475.9769466,0.000041,0
Earth->Relay A,904884.5592879,905349.2634755,464.7041876,0.000095,0
Earth->Relay A,915922.8833622,916406.3598579,483.4764957,0.000119,0
Earth->Relay A,927091.2988113,927583.1284963,491.8296850,0.000166,0
Earth->Relay A,938214.0408274,938684.7353431,470.6945157,0.000144,0
Earth->Relay A,949218.7569336,949685.8625385,467.1056049,0.000058,0
Earth->Relay A,960289.1483809,960777.7511324,488.6027515,0.000092,0
Earth->Relay A,971468.5396610,971956.5831095,488.0434484,0.000065,0
Earth->Relay A,982556.0496463,983022.7572917,466.7076454,0.000183,0
Earth->Relay A,993557.4991549,994028.7838503,471.2846954,0.000072,0
Earth->Relay A,1004663.4605592,1005155.6144022,492.1538429,0.000170,0
Earth->Relay A,1015838.9519573,1016321.7358569,482.7838995,0.000123,0
Earth->Relay A,1026892.0716380,1027356.6217428,464.5501049,0.000193,0
Earth->Relay A,1037903.5583538,1038380.2355183,476.6771646,0.000196,0
Earth->Relay A,1049042.9687546,1049536.4325305,493.4637759,0.000140,0
Earth->Relay A,1060200.4096426,1060677.3792681,476.9696255,0.000112,0
Earth->Relay A,1071225.2184724,1071689.7140125,464.4955401,0.000184,0
Earth->Relay A,1082258.7156891,1082741.2096921,482.4940031,0.000169,0
Earth->Relay A,1093423.8291229,1093916.1075515,492.2784286,0.000072,0
Earth->Relay A,1104552.3326694,1105023.8676032,471.5349338,0.000182,0
Earth->Relay A,1115558.9595550,1116025.5102795,466.5507245,0.000047,0
Earth->Relay A,1126623.4013134,1127111.2060231,487.8047097,0.000059,0
Earth->Relay A,1137801.9351479,1138290.7630795,488.8279316,0.000156,0
Earth->Relay A,1148895.6426967,1149362.9212583,467.2785616,0.000223,0
Earth->Relay A,1159896.6951572,1160367.1506323,470.4554751,0.000159,0
Earth->Relay A,1170996.4878916,1171488.1732606,491.6853690,0.000092,0
Earth->Relay A,1182173.7227014,1182657.4836980,483.7609966,0.000019,0
Earth->Relay A,1193232.4948314,1193697.2721664,464.7773349,0.000069,0
Earth->Relay A,1204241.3273991,1204717.0162045,475.6888053,0.000078,0
Earth->Relay A,1215375.3521634,1215868.7668020,493.4146385,0.000069,0
Earth->Relay A,1226536.8162881,1227014.7903181,477.9740300,0.000075,0
Earth->Relay A,1237565.8956305,1238030.2463912,464.3507607,0.000064,0
Earth->Relay A,1248594.8373996,1249076.3337451,481.4963455,0.000098,0
Earth->Relay A,1259756.2755288,1260248.9337734,492.6582446,0.000123,0
Earth->Relay A,1270890.3633939,1271362.7746097,472.4112158,0.000065,0
Earth->Relay A,1281899.2830824,1282365.3349880,466.0519056,0.000076,0
Earth->Relay A,1292957.9097260,1293444.8730484,486.9633224,0.000065,0
Earth->Relay A,1304135.1383096,1304624.7016782,489.5633686,0.000081,0
Earth->Relay A,1315235.0401589,1315702.9428629,467.9027040,0.000116,0
Earth->Relay A,1326236.1000661,1326705.7667128,469.6666467,0.000149,0
Earth->Relay A,1337329.6911124,1337820.8425711,491.1514587,0.000073,0
Earth->Relay A,1348508.2291237,1348992.9455403,484.7164166,0.000030,0
Earth->Relay A,1359572.8135573,1360037.8809379,465.0673807,0.000211,0
Earth->Relay A,1370579.3656553,1371054.0837187,474.7180634,0.000159,0
Earth->Relay A,1381707.7982863,1382201.0880886,493.2898023,0.000171,0
Earth->Relay A,1392872.9330839,1393351.9185342,478.9854503,0.000088,0
Earth->Relay A,1403906.5723761,1404370.8427640,464.2703879,0.000148,0
Earth->Relay A,1414931.2494591,1415411.7380186,480.4885595,0.000061,0
Earth->Relay A,1426088.6591557,1426581.6260387,492.9668829,0.000115,0
Earth->Relay A,1437228.1251446,1437701.4447654,473.3196208,0.000067,0
Earth->Relay A,1448239.7104043,1448705.3214754,465.6110711,0.000166,0
Earth->Relay A,1459292.6829313,1459778.7661420,486.0832107,0.000172,0
Earth->Relay A,1470468.1657511,1470958.4113585,490.2456074,0.000197,0
Earth->Relay A,1481574.2285107,1482042.8061193,468.5776086,0.000115,0
Earth->Relay A,1492575.7002794,1493044.6217455,468.9214661,0.000051,0
Earth->Relay A,1503663.0868782,1504153.6421059,490.5552278,0.000087,0
Earth->Relay A,1514842.4805046,1515328.1256663,485.6451616,0.000151,0
Earth->Relay A,1525913.0107585,1526378.4299115,465.4191530,0.000091,0
Earth->Relay A,1536917.6651975,1537391.4345173,473.7693198,0.000089,0
Earth->Relay A,1548040.3282779,1548533.4182948,493.0900168,0.000111,0
Earth->Relay A,1559208.7610117,1559688.7600757,479.9990640,0.000056,0
Earth->Relay A,1570247.2303275,1570711.4850482,464.2547207,0.000170,0
Earth->Relay A,1581267.9514152,1581747.4270662,479.4756510,0.000137,0
Earth->Relay A,1592421.0015172,1592914.2040211,493.2025039,0.000146,0
Earth->Relay A,1603565.6112427,1604039.8674525,474.2562099,0.000053,0
Earth->Relay A,1614580.2240294,1615045.4539338,465.2299044,0.000135,0
Earth->Relay A,1625627.7288169,1626112.8979613,485.1691444,0.000050,0
Earth->Relay A,1636801.0351092,1637291.9058646,490.8707554,0.000135,0
Earth->Relay A,1647913.1950630,1648382.4956433,469.3005803,0.000076,0
Earth->Relay A,1658915.4814280,1659383.7043937,468.2229657,0.000152,0
Earth->Relay A,1669996.6907285,1670486.5908557,489.9001272,0.000173,0
Earth->Relay A,1681176.4875144,1681663.0298160,486.5423017,0.000037,0
Earth->Relay A,1692253.0698322,1692718.9011551,465.8313229,0.000092,0
Earth->Relay A,1703256.2169729,1703729.0637602,472.8467872,0.000132,0
Earth->Relay A,1714372.9627863,1714865.7792650,492.8164787,0.000126,0
Earth->Relay A,1725544.3024827,1726025.3124403,481.0099576,0.000073,0
Earth->Relay A,1736587.8511750,1737052.1549915,464.3038166,0.000068,0
Earth->Relay A,1747604.9414259,1748083.4039956,478.4625697,0.000084,0
Relay A->Earth,6667.1129879,7160.5773820,493.4643941,0.000092,0
Relay A->Earth,17823.6258668,18300.3768748,476.7510080,0.000155,0
Relay A->Earth,28847.5384034,29312.0742062,464.5358028,0.000129,0
Relay A->Earth,39882.0723332,40364.7830378,482.7107046,0.000049,0
Relay A->Earth,51047.9426943,51540.1286238,492.1859295,0.000094,0
Relay A->Earth,62175.1960920,62646.5437390,471.3476470,0.000091,0
Relay A->Earth,73181.3709663,73648.0385102,466.6675439,0.000215,0
Relay A->Earth,84247.1076754,84735.0910782,487.9834027,0.000100,0
Relay A->Earth,95425.8679308,95914.5280508,488.6601200,0.000198,0
Relay A->Earth,106518.2148536,106985.3637258,467.1488721,0.000065,0
Relay A->Earth,117519.3200842,117989.9538616,470.6337774,0.000145,0
Relay A->Earth,128620.4701895,129112.2638887,491.7936993,0.000104,0
Relay A->Earth,139797.3595837,140280.9082118,483.5486281,0.000201,0
Relay A->Earth,150854.8769838,151319.5991403,464.7221565,0.000156,0
Relay A->Earth,161864.2604984,162340.1644582,475.9039598,0.000062,0
Relay A->Earth,172999.4855188,173492.9174150,493.4318962,0.000098,0
Relay A->Earth,184160.0961021,184637.8493434,477.7532413,0.000143,0
Relay A->Earth,195188.2131790,195652.5901583,464.3769794,0.000165,0
Relay A->Earth,206218.1304165,206699.8463532,481.7159367,0.000161,0
Relay A->Earth,217380.4057301,217872.9867829,492.5810528,0.000090,0
Relay A->Earth,228513.2848181,228985.5012027,472.2163846,0.000130,0
Relay A->Earth,239521.6694051,239987.8256770,466.1562719,0.000190,0
Relay A->Earth,250581.5591902,251068.7103113,487.1511211,0.000092,0
Relay A->Earth,261759.1119183,262248.5185827,489.4066644,0.000047,0
Relay A->Earth,272857.6564080,273325.4179655,467.7615576,0.000118,0
Relay A->Earth,283858.6802844,284328.5160989,469.8358145,0.000136,0
Relay A->Earth,294953.6333634,295444.9072331,491.2738698,0.000074,0
Relay A->Earth,306131.9232639,306616.4324886,484.5092247,0.000198,0
Relay A->Earth,317195.2200953,317660.2186228,464.9985275,0.000100,0
Relay A->Earth,328202.2403194,328677.1692964,474.9289770,0.000149,0
Relay A->Earth,339331.9160670,339825.2396625,493.3235955,0.000205,0
Relay A->Earth,350496.2764624,350975.0399946,478.7635322,0.000022,0
Relay A->Earth,361528.8915783,361993.1740433,464.2824650,0.000064,0
Relay A->Earth,372554.4787585,373035.1886970,480.7099385,0.000196,0
Relay A->Earth,383712.8013145,384205.7067703,492.9054558,0.000157,0
Relay A->Earth,394851.1061960,395324.2242779,473.1180818,0.000044,0
Relay A->Earth,405862.0754274,406327.7780112,465.7025838,0.000110,0
Relay A->Earth,416916.2735749,417402.5526632,486.2790883,0.000065,0
Relay A->Earth,428092.1764518,428582.2773510,490.1008992,0.000195,0
Relay A->Earth,439196.8917502,439665.3173150,468.4255648,0.000163,0
Relay A->Earth,450198.2388409,450667.3196458,469.0808048,0.000210,0
Relay A->Earth,461286.9855195,461777.6765269,490.6910074,0.000080,0
Relay A->Earth,472466.2297469,472951.6739837,485.4442368,0.000118,0
Relay A->Earth,483535.4453884,484000.7822729,465.3368845,0.000126,0
Relay A->Earth,494540.4832629,495014.4583100,473.9750471,0.000054,0
Relay A->Earth,505664.4258806,506157.5660232,493.1401427,0.000078,0
Relay A->Earth,516832.1676186,517311.9447001,479.7770815,0.000177,0
Relay A->Earth,527869.5552129,528333.8078243,464.2526114,0.000152,0
Relay A->Earth,538891.1172155,539370.8149408,479.6977253,0.000171,0
Relay A->Earth,550045.1508862,550538.3080951,493.1572089,0.000100,0
Relay A->Earth,561188.6532840,561662.7021269,474.0488429,0.000041,0
Relay A->Earth,572202.5716196,572667.8798350,465.3082154,0.000066,0
Relay A->Earth,583251.2590317,583736.6310762,485.3720446,0.000169,0
Relay A->Earth,594425.0789484,594915.8178211,490.7388728,0.000142,0
Relay A->Earth,605535.9080032,606005.0462524,469.1382492,0.000124,0
Relay A->Earth,616537.9815477,617006.3533782,468.3718305,0.000047,0
Relay A->Earth,627620.5424498,628110.5909418,490.0484920,0.000147,0
Relay A->Earth,638800.2894012,639286.6381177,486.3487165,0.000090,0
Relay A->Earth,649875.5361551,650341.2721053,465.7359502,0.000202,0
Relay A->Earth,660878.9805192,661352.0269395,473.0464203,0.000072,0
Relay A->Earth,671997.0357298,672489.9183670,492.8826373,0.000166,0
Relay A->Earth,683167.7716669,683648.5606605,480.7889936,0.000195,0
Relay A->Earth,694210.1857513,694674.4732803,464.2875290,0.000166,0
Relay A->Earth,705228.0442480,705706.7285091,478.6842611,0.000024,0
Relay A->Earth,716377.4761695,716870.8109764,493.3348069,0.000101,0
Relay A->Earth,727525.9203576,728000.9249386,475.0045810,0.000102,0
Relay A->Earth,738543.1402403,739008.1149043,464.9746640,0.000215,0
Relay A->Earth,749586.5223213,750070.9571751,484.4348538,0.000169,0
Relay A->Earth,760757.8377851,761249.1547011,491.3169160,0.000133,0
Relay A->Earth,771874.6931726,772344.5899092,469.8967366,0.000065,0
Relay A->Earth,782877.8934826,783345.6052309,467.7117484,0.000209,0
Relay A->Earth,793954.3187679,794443.6687831,489.3500152,0.000128,0
Relay A->Earth,805134.1139551,805621.3317639,487.2178087,0.000026,0
Relay A->Earth,816215.4761928,816681.6704022,466.1942093,0.000127,0
Relay A->Earth,827217.7221953,827689.8693641,472.1471689,0.000201,0
Relay A->Earth,838329.7657827,838822.3184010,492.5526183,0.000080,0
Relay A->Earth,849503.0921439,849984.8864430,481.7942991,0.000146,0
Relay A->Earth,860550.7649847,861015.1520730,464.3870883,0.000068,0
Relay A->Earth,871565.2569519,872042.9313864,477.6744344,0.000116,0
Relay A->Earth,882709.7990412,883203.2362264,493.4371853,0.000198,0
Relay A->Earth,893862.9029573,894338.8839897,475.9810324,0.000110,0
Relay A->Earth,904883.7632867,905348.4664744,464.7031877,0.000059,0
Relay A->Earth,915922.0687515,916405.5412205,483.4724691,0.000191,0
Relay A->Earth,927090.4721957,927582.3038708,491.8316751,0.000185,0
Relay A->Earth,938213.2362100,938683.9341375,470.6979275,0.000073,0
Relay A->Earth,949217.9590760,949685.0622603,467.1031842,0.000134,0
Relay A->Earth,960288.3278404,960776.9273907,488.5995502,0.000154,0
Relay A->Earth,971467.7164513,971955.7632357,488.0467844,0.000030,0
Relay A->Earth,982555.2498714,983021.9597777,466.7099063,0.000108,0
Relay A->Earth,993556.6973761,994027.9785491,471.2811730,0.000019,0
Relay A->Earth,1004662.6354884,1005154.7875365,492.1520481,0.000195,0
Relay A->Earth,1015838.1340336,1016320.9220141,482.7879806,0.000048,0
Relay A->Earth,1026891.2748934,1027355.8258127,464.5509193,0.000177,0
Relay A->Earth,1037902.7510971,1038379.4241339,476.6730368,0.000116,0
Relay A->Earth,1049042.1413964,1049535.6051255,493.4637291,0.000086,0
Relay A->Earth,1060199.5979329,1060676.5717012,476.9737682,0.000190,0
Relay A->Earth,1071224.4225618,1071688.9173664,464.4948046,0.000181,0
Relay A->Earth,1082257.9021720,1082740.3920740,482.4899020,0.000097,0
Relay A->Earth,1093423.0021633,1093915.2823025,492.2801392,0.000130,0
Relay A->Earth,1104551.5270742,1105023.0655752,471.5385010,0.000174,0
Relay A->Earth,1115558.1621767,1116024.7107090,466.5485322,0.000113,0
Relay A->Earth,1126622.5817269,1127110.3830465,487.8013196,0.000095,0
Relay A->Earth,1137801.1111904,1138289.9422637,488.8310733,0.000087,0
Relay A->Earth,1148894.8421980,1149362.1232466,467.2810485,0.000144,0
Relay A->Earth,1159895.8941864,1160366.3462988,470.4521124,0.000077,0
Relay A->Earth,1170995.6634640,1171487.3467621,491.6832981,0.000148,0
Relay A->Earth,1182172.9037672,1182656.6687645,483.7649972,0.000057,0
Relay A->Earth,1193231.6977123,1193696.4761246,464.7784123,0.000103,0
Relay A->Earth,1204240.5211715,1204716.2059115,475.6847401,0.000009,0
Relay A->Earth,1215374.5250148,1215867.9392935,493.4142787,0.000106,0
Relay A->Earth,1226536.0034817,1227013.9816920,477.9782102,0.000152,0
Relay A->Earth,1237565.0997409,1238029.4500331,464.3502922,0.000118,0
Relay A->Earth,1248594.0249816,1249075.5171725,481.4921908,0.000172,0
Relay A->Earth,1259755.4483045,1260248.1079704,492.6596658,0.000069,0
Relay A->Earth,1270889.5567898,1271361.9717129,472.4149232,0.000060,0
Relay A->Earth,1281898.4861187,1282364.5360693,466.0499506,0.000153,0
Relay A->Earth,1292957.0911309,1293444.0508925,486.9597616,0.000119,0
Relay A->Earth,1304134.3136660,1304623.8799642,489.5662982,0.000149,0
Relay A->Earth,1315234.2388848,1315702.1442913,467.9054065,0.000193,0
Relay A->Earth,1326235.2998527,1326704.9633108,469.6634581,0.000067,0
Relay A->Earth,1337328.8673927,1337820.0165161,491.1491234,0.000118,0
Relay A->Earth,1348507.4092127,1348992.1295286,484.7203159,0.000047,0
Relay A->Earth,1359572.0159982,1360037.0847157,465.0687175,0.000159,0
Relay A->Earth,1370578.5604283,1371053.2745074,474.7140791,0.000182,0
Relay A->Earth,1381706.9714280,1382200.2605597,493.2891316,0.000193,0
Relay A->Earth,1392872.1191827,1393351.1088310,478.9896483,0.000020,0
Relay A->Earth,1403905.7764376,1404370.0466262,464.2701886,0.000079,0
Relay A->Earth,1414930.4381403,1415410.9225124,480.4843721,0.000133,0
Relay A->Earth,1426087.8317479,1426580.7997538,492.9680059,0.000178,0
Relay A->Earth,1437227.3175050,1437700.6409572,473.3234522,0.000139,0
Relay A->Earth,1448238.9137894,1448704.5231498,465.6093605,0.000192,0
Relay A->Earth,1459291.8653589,1459777.9448575,486.0794985,0.000182,0
Relay A->Earth,1470467.3404869,1470957.5887955,490.2483087,0.000128,0
Relay A->Earth,1481573.4264117,1482042.0069278,468.5805161,0.000062,0
Relay A->Earth,1492574.9007701,1493043.8192343,468.9184642,0.000050,0
Relay A->Earth,1503662.2639264,1504152.8165683,490.5526419,0.000144,0
Relay A->Earth,1514841.6596555,1515327.3085946,485.6489391,0.000078,0
Relay A->Earth,1525912.2126964,1526377.6334404,465.4207439,0.000073,0
Relay A->Earth,1536916.8609380,1537390.6263727,473.7654347,0.000170,0
Relay A->Earth,1548039.5017887,1548532.5908276,493.0890388,0.000072,0
Relay A->Earth,1559207.9460231,1559687.9492828,480.0032597,0.000132,0
Relay A->Earth,1570246.4342710,1570710.6890620,464.2547910,0.000198,0
Relay A->Earth,1581267.1411904,1581746.6126419,479.4714515,0.000207,0
Relay A->Earth,1592420.1740075,1592913.3773299,493.2033224,0.000088,0
Relay A->Earth,1603564.8025454,1604039.0626942,474.2601488,0.000123,0
Relay A->Earth,1614579.4276963,1615044.6561414,465.2284451,0.000065,0
Relay A->Earth,1625626.9122940,1626112.0775946,485.1653006,0.000081,0
Relay A->Earth,1636800.2092935,1637291.0825061,490.8732126,0.000072,0
Relay A->Earth,1647912.3920938,1648381.6957747,469.3036809,0.000146,0
Relay A->Earth,1658914.6825665,1659382.9027299,468.2201633,0.000196,0
Relay A->Earth,1669995.8686007,1670485.7659060,489.8973053,0.000188,0
Relay A->Earth,1681175.6657706,1681662.2117079,486.5459373,0.000108,0
Relay A->Earth,1692252.2712055,1692718.1043671,465.8331616,0.000164,0
Relay A->Earth,1703255.4136440,1703728.2566622,472.8430183,0.000210,0
Relay A->Earth,1714372.1367429,1714864.9519426,492.8151996,0.000188,0
Relay A->Earth,1725543.4864196,1726024.5005499,481.0141304,0.000150,0
Relay A->Earth,1736587.0549310,1737051.3590873,464.3041563,0.000122,0
Relay A->Earth,1747604.1322850,1748082.5906633,478.4583783,0.000022,0
Earth->Relay B,9504.5057553,9976.8910850,472.3853297,0.000048,0
Earth->Relay B,20513.3536474,20979.4192127,466.0655653,0.000104,0
Earth->Relay B,31572.1468071,32059.1351007,486.9882936,0.000146,0
Earth->Relay B,42749.4194914,43238.9622594,489.5427680,0.000187,0
Earth->Relay B,53849.1420091,54317.0258836,467.8838744,0.000150,0
Earth->Relay B,64850.1960014,65319.8849276,469.6889262,0.000104,0
Earth->Relay B,75943.9671022,76435.1349396,491.1678374,0.000157,0
Earth->Relay B,87122.4735891,87607.1626469,484.6890578,0.000067,0
Earth->Relay B,98186.8874365,98651.9455298,465.0580933,0.000213,0
Earth->Relay B,109193.5003258,109668.2462550,474.7459292,0.000201,0
Earth->Relay B,120322.0977880,120815.3922712,493.2944832,0.000145,0
Earth->Relay B,131487.1312791,131966.0873405,478.9560614,0.000021,0
Earth->Relay B,142520.6344177,142984.9062265,464.2718089,0.000125,0
Earth->Relay B,153545.4309274,154025.9488124,480.5178850,0.000138,0
Earth->Relay B,164702.9622356,165195.9211873,492.9589517,0.000195,0
Earth->Relay B,175842.2754072,176315.5682646,473.2928574,0.000117,0
Earth->Relay B,186853.7782034,187319.4012276,465.6230242,0.000196,0
Earth->Relay B,197906.9122146,198393.0214530,486.1092384,0.000157,0
Earth->Relay B,209082.4517859,209572.6783918,490.2266059,0.000089,0
Earth->Relay B,220188.3366088,220656.8939523,468.5573435,0.000082,0
Earth->Relay B,231189.7907492,231658.7331847,468.9424355,0.000028,0
Earth->Relay B,242277.3570591,242767.9304260,490.5733669,0.000183,0
Earth->Relay B,253456.7322234,253942.3508698,485.6186464,0.000054,0
Earth->Relay B,264527.0883983,264992.4964913,465.4080930,0.000075,0
Earth->Relay B,275531.7924119,276005.5888995,473.7964876,0.000148,0
Earth->Relay B,286654.6250535,287147.7219101,493.0968566,0.000079,0
Earth->Relay B,297822.9675580,298302.9372383,479.9696803,0.000135,0
Earth->Relay B,308861.2931725,309325.5474354,464.2542629,0.000195,0
Earth->Relay B,319882.1244949,320361.6295499,479.5050550,0.000207,0
Earth->Relay B,331035.3054882,331528.5022005,493.1967123,0.000063,0
Earth->Relay B,342179.7695829,342653.9982692,474.2286863,0.000104,0
Earth->Relay B,353194.2895747,353659.5296804,465.2401056,0.000108,0
Earth->Relay B,364241.9500939,364727.1461822,485.1960883,0.000100,0
Earth->Relay B,375415.3254718,375906.1789337,490.8534620,0.000045,0
Earth->Relay B,386527.3097645,386996.5887259,469.2789614,0.000110,0
Earth->Relay B,397529.5668591,397997.8094000,468.2425408,0.000192,0
Earth->Relay B,408610.9546663,409100.8745886,489.9199224,0.000151,0
Earth->Relay B,419790.7461580,420277.2629293,486.5167713,0.000135,0
Earth->Relay B,430867.1517075,431332.9702395,465.8185320,0.000117,0
Earth->Relay B,441870.3370093,442343.2101463,472.8731370,0.000188,0
Earth->Relay B,452987.2562455,453480.0816823,492.8254368,0.000193,0
Earth->Relay B,464158.5172902,464639.4980124,480.9807222,0.000156,0
Earth->Relay B,475201.9153527,475666.2168347,464.3014820,0.000078,0
Earth->Relay B,486219.1061896,486697.5980994,478.4919097,0.000023,0
Earth->Relay B,497367.6286107,497860.9886919,493.3600812,0.000158,0
Earth->Relay B,508516.9827951,508992.1714910,475.1886959,0.000046,0
Earth->Relay B,519534.8699650,519999.7882265,464.9182615,0.000111,0
Earth->Relay B,530577.2669297,531061.5206565,484.2537267,0.000050,0
Earth->Relay B,541748.0590967,542239.4788216,491.4197249,0.000050,0
Earth->Relay B,552866.0496572,553336.0954679,470.0458107,0.000163,0
Earth->Relay B,563869.5092813,564337.1013356,467.5920544,0.000049,0
Earth->Relay B,574944.7743055,575433.9855562,489.2112508,0.000078,0
Earth->Relay B,586124.5273751,586611.9059745,487.3785994,0.000197,0
Earth->Relay B,597207.0612646,597673.3491138,466.2878492,0.000179,0
Earth->Relay B,608209.1240259,608681.1039399,471.9799139,0.000087,0
Earth->Relay B,619320.0114039,619812.4932479,492.4818439,0.000084,0
Earth->Relay B,630493.7842873,630975.7684945,481.9842072,0.000058,0
Earth->Relay B,641542.4827799,642006.8960708,464.4132910,0.000130,0
Earth->Relay B,652556.3728520,653033.8561732,477.4833212,0.000106,0
Earth->Relay B,663699.9534932,664193.4015721,493.4480789,0.000140,0
Earth->Relay B,674853.9108304,675330.0794197,476.1685894,0.000152,0
Earth->Relay B,685875.5013291,686340.1600336,464.6587045,0.000123,0
Earth->Relay B,696912.8677522,697396.1548725,483.2871203,0.000077,0
Earth->Relay B,708080.6720458,708572.5941502,491.9221044,0.000095,0
Earth->Relay B,719204.5454260,719675.4001747,470.8547487,0.000128,0
Earth->Relay B,730209.6023296,730676.5958890,466.9935594,0.000061,0
Earth->Relay B,741278.8290983,741767.2804741,488.4513757,0.000112,0
Earth->Relay B,752458.0891618,752946.2885903,488.1994286,0.000199,0
Earth->Relay B,763546.8015562,764013.6158003,466.8142440,0.000188,0
Earth->Relay B,774548.1423587,775019.2630202,471.1206615,0.000170,0
Earth->Relay B,785652.9098278,786144.9779485,492.0681207,0.000113,0
Earth->Relay B,796828.7738098,797311.7489203,482.9751105,0.000158,0
Earth->Relay B,807882.9774777,808347.5667523,464.5892746,0.000165,0
Earth->Relay B,818893.9200042,819370.4040631,476.4840589,0.000084,0
Earth->Relay B,830032.3020195,830525.7621959,493.4601765,0.000068,0
Earth->Relay B,841190.5507926,841667.7147003,477.1639078,0.000210,0
Earth->Relay B,852216.1654407,852680.6278473,464.4624066,0.000158,0
Earth->Relay B,863248.7561344,863731.0574223,482.3012879,0.000192,0
Earth->Relay B,874413.1844321,874905.5420896,492.3576574,0.000207,0
Earth->Relay B,885542.7872275,886014.4896423,471.7024148,0.000053,0
Earth->Relay B,896549.8297495,897016.2791542,466.4494047,0.000072,0
Earth->Relay B,907613.1308502,908100.7754129,487.6445627,0.000154,0
Earth->Relay B,918791.4460512,919280.4207746,488.9747233,0.000091,0
Earth->Relay B,929886.3577188,930353.7533973,467.3956785,0.000135,0
Earth->Relay B,940887.3799564,941357.6789767,470.2990203,0.000104,0
Earth->Relay B,951985.9699646,952477.5566763,491.5867116,0.000186,0
Earth->Relay B,963163.4925631,963647.4409541,483.9483910,0.000076,0
Earth->Relay B,974223.3817374,974688.2105147,464.8287773,0.000082,0
Earth->Relay B,985231.7418951,985707.2406660,475.4987710,0.000058,0
Earth->Relay B,996364.6959323,996858.0922338,493.3963015,0.000160,0
Earth->Relay B,1007526.9011394,1008005.0711862,478.1700468,0.000150,0
Earth->Relay B,1018556.8439580,1019021.1740583,464.3301003,0.000064,0
Earth->Relay B,1029584.9341992,1030066.2354692,481.3012700,0.000098,0
Earth->Relay B,1040745.6169795,1041238.3407940,492.7238145,0.000070,0
Earth->Relay B,1051880.7662963,1052353.3515302,472.5852339,0.000170,0
Earth->Relay B,1062890.1747853,1063356.1364886,465.9617033,0.000047,0
Earth->Relay B,1073947.6900007,1074434.4852892,486.7952886,0.000109,0
Earth->Relay B,1085124.6137556,1085614.3139020,489.7001464,0.000121,0
Earth->Relay B,1096225.7156049,1096693.7454838,468.0298789,0.000063,0
Earth->Relay B,1107226.8238822,1107696.3423029,469.5184207,0.000134,0
Earth->Relay B,1118319.2093078,1118810.2497519,491.0404441,0.000207,0
Earth->Relay B,1129497.9486867,1129982.8477067,484.8990200,0.000108,0
Earth->Relay B,1140563.6781846,1141028.8090876,465.1309030,0.000171,0
Earth->Relay B,1151569.8315490,1152044.3635119,474.5319629,0.000105,0
Earth->Relay B,1162697.1567014,1163190.4135388,493.2568374,0.000133,0
Earth->Relay B,1173862.9617161,1174342.1439897,479.1822736,0.000037,0
Earth->Relay B,1184897.5184907,1185361.7807683,464.2622776,0.000169,0
Earth->Relay B,1195921.4026355,1196401.6947345,480.2920990,0.000081,0
Earth->Relay B,1207077.9908997,1207571.0093032,493.0184035,0.000175,0
Earth->Relay B,1218218.4750005,1218691.9744269,473.4994264,0.000190,0
Earth->Relay B,1229230.6202465,1229696.1525782,465.5323317,0.000116,0
Earth->Relay B,1240282.5155879,1240768.4237934,485.9082055,0.000078,0
Earth->Relay B,1251457.6090871,1251947.9806811,490.3715940,0.000042,0
Earth->Relay B,1262564.8618492,1263033.5761851,468.7143359,0.000212,0
Earth->Relay B,1273566.4603802,1274035.2424549,468.7820747,0.000176,0
Earth->Relay B,1284652.6443037,1285143.0768048,490.4325011,0.000165,0
Earth->Relay B,1295832.1517333,1296317.9737440,485.8220108,0.000163,0
Earth->Relay B,1306903.8498453,1307369.3443614,465.4945161,0.000131,0
Earth->Relay B,1317908.1808170,1318381.7688028,473.5879858,0.000154,0
Earth->Relay B,1329029.7053922,1329522.7480141,493.0426219,0.000089,0
Earth->Relay B,1340198.7337805,1340678.9295267,480.1957462,0.000084,0
Earth->Relay B,1351238.1706659,1351702.4298559,464.2591901,0.000150,0
Earth->Relay B,1362258.1607186,1362737.4394904,479.2787719,0.000182,0
Earth->Relay B,1373410.3277661,1373903.5674335,493.2396674,0.000063,0
Earth->Relay B,1384555.9068958,1385030.3479120,474.4410162,0.000204,0
Earth->Relay B,1395571.1485757,1396036.3115035,465.1629279,0.000177,0
Earth->Relay B,1406617.6152202,1407102.6033288,484.9881086,0.000107,0
Earth->Relay B,1417790.4498717,1418281.4350995,490.9852278,0.000077,0
Earth->Relay B,1428903.7839316,1429373.2302424,469.4463108,0.000110,0
Earth->Relay B,1439906.2749399,1440374.3679119,468.0929720,0.000048,0
Earth->Relay B,1450986.2902657,1451476.0566603,489.7663946,0.000072,0
Earth->Relay B,1462166.1126391,1462652.8250879,486.7124488,0.000090,0
Earth->Relay B,1473243.8802127,1473709.7984532,465.9182405,0.000068,0
Earth->Relay B,1484246.7804345,1484719.4514512,472.6710167,0.000090,0
Earth->Relay B,1495362.3625408,1495855.1174780,492.7549372,0.000169,0
Earth->Relay B,1506534.2200240,1507015.4255589,481.2055349,0.000079,0
Earth->Relay B,1517578.7821947,1518043.1030444,464.3208497,0.000068,0
Earth->Relay B,1528595.2063400,1529073.4725646,478.2662246,0.000024,0
Earth->Relay B,1539742.6493815,1540236.0356642,493.3862827,0.000168,0
Earth->Relay B,1550893.0567752,1551368.4626173,475.4058421,0.000059,0
Earth->Relay B,1561911.7419153,1562376.5968050,464.8548896,0.000064,0
Earth->Relay B,1572952.9950582,1573437.0349609,484.0399027,0.000145,0
Earth->Relay B,1584123.1548532,1584614.6923586,491.5375054,0.000067,0
Earth->Relay B,1595242.4702419,1595712.6930763,470.2228343,0.000077,0
Earth->Relay B,1606246.2523631,1606713.7062379,467.4538748,0.000110,0
Earth->Relay B,1617320.1613001,1617809.2072364,489.0459363,0.000180,0
Earth->Relay B,1628499.8436817,1628987.4092098,487.5655282,0.000038,0
Earth->Relay B,1639583.7533122,1640050.1537744,466.4004622,0.000089,0
Earth->Relay B,1650585.6200787,1651057.4051284,471.7850497,0.000085,0
Earth->Relay B,1661695.1480321,1662187.5435313,492.3954992,0.000108,0
Earth->Relay B,1672869.4245807,1673351.6312290,482.2066483,0.000046,0
Earth->Relay B,1683919.3349386,1684383.7819656,464.4470270,0.000179,0
Earth->Relay B,1694932.5360423,1695409.7953507,477.2593083,0.000085,0
Earth->Relay B,1706074.9776472,1706568.4350160,493.4573689,0.000132,0
Earth->Relay B,1717229.9207157,1717706.3102859,476.3895702,0.000202,0
Earth->Relay B,1728252.3821739,1728716.9915503,464.6093764,0.000178,0
Earth->Relay B,1739288.6598064,1739771.7283748,483.0685685,0.000079,0
Earth->Relay B,1750455.7435895,1750947.7688006,492.0252111,0.000061,0
Relay B->Earth,9503.6991810,9976.0882143,472.3890333,0.000103,0
Relay B->Earth,20512.5566725,20978.6202759,466.0636034,0.000185,0
Relay B->Earth,31571.3281828,32058.3129202,486.9847374,0.000210,0
Relay B->Earth,42748.5948669,43238.1405710,489.5457041,0.000157,0
Relay B->Earth,53848.3407582,54316.2273291,467.8865709,0.000215,0
Relay B->Earth,64849.3957669,65319.0814990,469.6857321,0.000029,0
Relay B->Earth,75943.1433610,76434.3088704,491.1655095,0.000207,0
Relay B->Earth,87121.6537057,87606.3466662,484.6929605,0.000142,0
Relay B->Earth,98186.0898913,98651.1493138,465.0594225,0.000133,0
Relay B->Earth,109192.6950701,109667.4370126,474.7419424,0.000120,0
Relay B->Earth,120321.2709202,120814.5647415,493.2938213,0.000090,0
Relay B->Earth,131486.3174096,131965.2776686,478.9602590,0.000071,0
Relay B->Earth,142519.8384818,142984.1100832,464.2716014,0.000067,0
Relay B->Earth,153544.6195768,154025.1332749,480.5136981,0.000207,0
Relay B->Earth,164702.1348318,165195.0949153,492.9600835,0.000131,0
Relay B->Earth,175841.4677979,176314.7644836,473.2966857,0.000195,0
Relay B->Earth,186852.9815794,187318.6028858,465.6213064,0.000162,0
Relay B->Earth,197906.0946122,198392.2001427,486.1055305,0.000091,0
Relay B->Earth,209081.6265389,209571.8558527,490.2293139,0.000041,0
Relay B->Earth,220187.5345343,220656.0947798,468.5602455,0.000067,0
Relay B->Earth,231188.9912201,231657.9306484,468.9394283,0.000089,0
Relay B->Earth,242276.5340842,242767.1048721,490.5707879,0.000180,0
Relay B->Earth,253455.9114007,253941.5338286,485.6224279,0.000026,0
Relay B->Earth,264526.2903520,264991.7000283,465.4096763,0.000089,0
Relay B->Earth,275530.9881250,276004.7807239,473.7925990,0.000193,0
Relay B->Earth,286653.7985526,287146.8944401,493.0958874,0.000127,0
Relay B->Earth,297822.1526009,298302.1264771,479.9738762,0.000206,0
Relay B->Earth,308860.4971205,309324.7514457,464.2543252,0.000173,0
Relay B->Earth,319881.3142387,320360.8150941,479.5008554,0.000130,0
Relay B->Earth,331034.4779805,331527.6755203,493.1975398,0.000086,0
Relay B->Earth,342178.9609164,342653.1935390,474.2326226,0.000182,0
Relay B->Earth,353193.4932345,353658.7318734,465.2386389,0.000053,0
Relay B->Earth,364241.1335403,364726.3257886,485.1922483,0.000169,0
Relay B->Earth,375414.4996709,375905.3555974,490.8559265,0.000073,0
Relay B->Earth,386526.5068210,386995.7888776,469.2820566,0.000187,0
Relay B->Earth,397528.7679795,397997.0077120,468.2397325,0.000157,0
Relay B->Earth,408610.1325139,409100.0496207,489.9171069,0.000092,0
Relay B->Earth,419789.9244393,420276.4448510,486.5204117,0.000205,0
Relay B->Earth,430866.3530980,431332.1734618,465.8203638,0.000194,0
Relay B->Earth,441869.5336539,442342.4030184,472.8693645,0.000154,0
Relay B->Earth,452986.4301881,453479.2543544,492.8241663,0.000131,0
Relay B->Earth,464157.7012581,464638.6861540,480.9848959,0.000184,0
Relay B->Earth,475201.1191152,475665.4209291,464.3018138,0.000145,0
Relay B->Earth,486218.2970175,486696.7847353,478.4877179,0.000075,0
Relay B->Earth,497366.8010813,497860.1616811,493.3605998,0.000203,0
Relay B->Earth,508516.1730541,508991.3657762,475.1927221,0.000062,0
Relay B->Earth,519534.0738403,519998.9908916,464.9170513,0.000192,0
Relay B->Earth,530576.4514457,531060.7012209,484.2497752,0.000105,0
Relay B->Earth,541747.2328144,542238.6547464,491.4219320,0.000073,0
Relay B->Earth,552865.2458025,553335.2948891,470.0490866,0.000197,0
Relay B->Earth,563868.7109922,564336.3004488,467.5894566,0.000124,0
Relay B->Earth,574943.9530269,575433.1612419,489.2082150,0.000134,0
Relay B->Earth,586123.7048093,586611.0868882,487.3820789,0.000125,0
Relay B->Earth,597206.2620329,597672.5519549,466.2899220,0.000190,0
Relay B->Earth,608208.3215615,608680.2978350,471.9762735,0.000011,0
Relay B->Earth,619319.1858641,619811.6661438,492.4802797,0.000136,0
Relay B->Earth,630492.9671983,630974.9555362,481.9883380,0.000134,0
Relay B->Earth,641541.6862890,642006.1001798,464.4138908,0.000072,0
Relay B->Earth,652555.5647484,653033.0439054,477.4791570,0.000031,0
Relay B->Earth,663699.1260253,664192.5743102,493.4482849,0.000085,0
Relay B->Earth,674853.1000024,675329.2726899,476.1726875,0.000194,0
Relay B->Earth,685874.7053510,686339.3631066,464.6577556,0.000062,0
Relay B->Earth,696912.0533532,697395.3364309,483.2830777,0.000146,0
Relay B->Earth,708079.8453573,708571.7693983,491.9240410,0.000052,0
Relay B->Earth,719203.7406214,719674.5988134,470.8581920,0.000206,0
Relay B->Earth,730208.8045701,730675.7957524,466.9911823,0.000056,0
Relay B->Earth,741278.0087401,741766.4568764,488.4481363,0.000065,0
Relay B->Earth,752457.2658020,752945.4685305,488.2027285,0.000144,0
Relay B->Earth,763546.0016450,764012.8181947,466.8165498,0.000180,0
Relay B->Earth,774547.3407408,775018.4579095,471.1171687,0.000174,0
Relay B->Earth,785652.0848767,786144.1511480,492.0662713,0.000072,0
Relay B->Earth,796827.9556874,797310.9348649,482.9791775,0.000082,0
Relay B->Earth,807882.1806656,808346.7708060,464.5901403,0.000206,0
Relay B->Earth,818893.1129495,819369.5928913,476.4799418,0.000013,0
Relay B->Earth,830031.4746953,830524.9347645,493.4600692,0.000104,0
Relay B->Earth,841189.7388698,841666.9069291,477.1680593,0.000135,0
Relay B->Earth,852215.3695396,852679.8312625,464.4617229,0.000208,0
Relay B->Earth,863247.9428302,863730.2400054,482.2971752,0.000119,0
Relay B->Earth,874412.3574148,874904.7167274,492.3593125,0.000140,0
Relay B->Earth,885541.9814388,886013.6874491,471.7060103,0.000080,0
Relay B->Earth,896549.0324568,897015.4797145,466.4472578,0.000052,0
Relay B->Earth,907612.3114535,908099.9525913,487.6411378,0.000091,0
Relay B->Earth,918790.6219558,919279.5997807,488.9778249,0.000160,0
Relay B->Earth,929885.5570735,930352.9552816,467.3982081,0.000214,0
Relay B->Earth,940886.5791367,941356.8748270,470.2956903,0.000186,0
Relay B->Earth,951985.1456696,952476.7302579,491.5845883,0.000123,0
Relay B->Earth,963162.6734365,963646.6258100,483.9523735,0.000005,0
Relay B->Earth,974222.5845379,974687.4144434,464.8299055,0.000080,0
Relay B->Earth,985230.9358643,985706.4305841,475.4947197,0.000138,0
Relay B->Earth,996363.8688339,996857.2647148,493.3958809,0.000203,0
Relay B->Earth,1007526.0881199,1008004.2623521,478.1742322,0.000194,0
Relay B->Earth,1018556.0480644,1019020.3777484,464.3296840,0.000098,0
Relay B->Earth,1029584.1219949,1030065.4191023,481.2971075,0.000171,0
Relay B->Earth,1040744.7897133,1041237.5148915,492.7251782,0.000124,0
Relay B->Earth,1051879.9594930,1052352.5484599,472.5889668,0.000184,0
Relay B->Earth,1062889.3778945,1063355.3376895,465.9597950,0.000094,0
Relay B->Earth,1073946.8716017,1074433.6632987,486.7916970,0.000059,0
Relay B->Earth,1085123.7889863,1085613.4920193,489.7030330,0.000057,0
Relay B->Earth,1096224.9141742,1096692.9467963,468.0326221,0.000095,0
Relay B->Earth,1107226.0238100,1107695.5390772,469.5152671,0.000213,0
Relay B->Earth,1118318.3857325,1118809.4237918,491.0380592,0.000142,0
Relay B->Earth,1129497.1285902,1129982.0314876,484.9028974,0.000035,0
Relay B->Earth,1140562.8805329,1141028.0128225,465.1322896,0.000199,0
Relay B->Earth,1151569.0265125,1152043.5545093,474.5279968,0.000025,0
Relay B->Earth,1162696.3299087,1163189.5860151,493.2561064,0.000082,0
Relay B->Earth,1173862.1476027,1174341.3340756,479.1864729,0.000048,0
Relay B->Earth,1184896.7225348,1185360.9846653,464.2621305,0.000095,0
Relay B->Earth,1195920.5915297,1196400.8794376,480.2879078,0.000156,0
Relay B->Earth,1207077.1634656,1207570.1829334,493.0194678,0.000112,0
Relay B->Earth,1218217.6671571,1218691.1704372,473.5032802,0.000112,0
Relay B->Earth,1229229.8236917,1229695.3543612,465.5306695,0.000197,0
Relay B->Earth,1240281.6982175,1240767.6026839,485.9044664,0.000142,0
Relay B->Earth,1251456.7837101,1251947.1579591,490.3742490,0.000092,0
Relay B->Earth,1262564.0595847,1263032.7768668,468.7172821,0.000152,0
Relay B->Earth,1273565.6610011,1274034.4401120,468.7791109,0.000094,0
Relay B->Earth,1284651.8215076,1285142.2513758,490.4298682,0.000104,0
Relay B->Earth,1295831.3307067,1296317.1564690,485.8257623,0.000177,0
Relay B->Earth,1306903.0516785,1307368.5478338,465.4961553,0.000073,0
Relay B->Earth,1317907.3767413,1318380.9608630,473.5841217,0.000072,0
Relay B->Earth,1329028.8789836,1329521.9205686,493.0415850,0.000143,0
Relay B->Earth,1340197.9185821,1340678.1185211,480.1999390,0.000161,0
Relay B->Earth,1351237.3745784,1351701.6338910,464.2593126,0.000220,0
Relay B->Earth,1362257.3507053,1362736.6252776,479.2745724,0.000161,0
Relay B->Earth,1373409.5002462,1373902.7406725,493.2404263,0.000098,0
Relay B->Earth,1384555.0979909,1385029.5429648,474.4449739,0.000146,0
Relay B->Earth,1395570.3522893,1396035.5138074,465.1615181,0.000098,0
Relay B->Earth,1406616.7989036,1407101.7831458,484.9842422,0.000053,0
Relay B->Earth,1417789.6239570,1418280.6115929,490.9876359,0.000141,0
Relay B->Earth,1428902.9807884,1429372.4302357,469.4494474,0.000058,0
Relay B->Earth,1439905.4761971,1440373.5664071,468.0902100,0.000124,0
Relay B->Earth,1450985.4683040,1451475.2318326,489.7635286,0.000076,0
Relay B->Earth,1462165.2907270,1462652.0067819,486.7160549,0.000024,0
Relay B->Earth,1473243.0814692,1473709.0015961,465.9201269,0.000111,0
Relay B->Earth,1484245.9772817,1484718.6445538,472.6672721,0.000010,0
Relay B->Earth,1495361.5365926,1495854.2901930,492.7536004,0.000109,0
Relay B->Earth,1506533.4037541,1507014.6134549,481.2097008,0.000155,0
Relay B->Earth,1517577.9859067,1518042.3071481,464.3212414,0.000102,0
Relay B->Earth,1528594.3974079,1529072.6594449,478.2620370,0.000070,0
Relay B->Earth,1539741.8218588,1540235.2085901,493.3867314,0.000192,0
Relay B->Earth,1550892.2467924,1551367.6566786,475.4098861,0.000133,0
Relay B->Earth,1561910.9458290,1562375.7995669,464.8537378,0.000130,0
Relay B->Earth,1572952.1798152,1573436.2157441,484.0359290,0.000078,0
Relay B->Earth,1584122.3284737,1584613.8681267,491.5396531,0.000126,0
Relay B->Earth,1595241.6661781,1595711.8923272,470.2261491,0.000062,0
Relay B->Earth,1606245.4541978,1606712.9055232,467.4513254,0.000041,0
Relay B->Earth,1617319.3402230,1617808.3830765,489.0428536,0.000180,0
Relay B->Earth,1628499.0209340,1628986.5899030,487.5689690,0.000050,0
Relay B->Earth,1639582.9539336,1640049.3565212,466.4025877,0.000160,0
Relay B->Earth,1650584.8178071,1651056.5992478,471.7814407,0.000167,0
Relay B->Earth,1661694.3226177,1662186.7164880,492.3938704,0.000168,0
Relay B->Earth,1672868.6072589,1673350.8180255,482.2107666,0.000031,0
Relay B->Earth,1683918.5383817,1684382.9860681,464.4476864,0.000104,0
Relay B->Earth,1694931.7281748,1695408.9833277,477.2551529,0.000016,0
Relay B->Earth,1706074.1502043,1706567.6077093,493.4575050,0.000080,0
Relay B->Earth,1717229.1096438,1717705.5033258,476.3936820,0.000144,0
Relay B->Earth,1728251.5862190,1728716.1947056,464.6084867,0.000100,0
Relay B->Earth,1739287.8456510,1739770.9101595,483.0645084,0.000042,0
Relay B->Earth,1750454.9168206,1750946.9439067,492.0270860,0.000064,0
Mars->Relay A,11504.8832186,12169.1997977,664.3165791,0.029673,0
Mars->Relay A,39136.7222942,40148.2939013,1011.5716071,0.012454,0
Mars->Relay A,65013.1321980,65885.1743797,872.0421817,0.011168,0
Mars->Relay A,93463.1122335,94134.3026189,671.1903853,0.029941,0
Mars->Relay A,120767.9623686,121822.0725883,1054.1102197,0.020211,0
Mars->Relay A,146862.2518572,147690.4997841,828.2479270,0.003805,0
Mars->Relay A,175407.0613390,176094.3074750,687.2461360,0.028872,0
Mars->Relay A,202361.0907329,203440.9338330,1079.8431001,0.026796,0
Mars->Relay A,228749.4489459,229537.0010396,787.5520937,0.003384,0
Mars->Relay A,257330.7921106,258043.4887830,712.6966724,0.026446,0
Mars->Relay A,283932.7785569,285018.2853037,1085.5067468,0.031449,0
Mars->Relay A,310666.9362086,311418.1051937,751.1689851,0.010079,0
Mars->Relay A,339228.1839067,339975.6256703,747.4417636,0.022674,0
Mars->Relay A,365505.1716803,366577.4189390,1072.2472587,0.033601,0
Mars->Relay A,392607.3082768,393327.3944193,720.0861425,0.016047,0
Mars->Relay A,421092.9642226,421883.8741854,790.9099629,0.017606,0
Mars->Relay A,447101.4605483,448145.9998783,1044.5393300,0.033056,0
Mars->Relay A,474563.6665431,475258.8032848,695.1367416,0.021108,0
Mars->Relay A,502918.8932999,503760.7167965,841.8234966,0.011348,0
Mars->Relay A,528740.3703042,529747.8143293,1007.4440250,0.030030,0
Mars->Relay A,556529.5767270,557206.6371478,677.0604208,0.025124,0
Mars->Relay A,584700.2128910,585598.0862318,897.8733408,0.004096,0
Mars->Relay A,610432.5929137,611397.5158960,964.9229822,0.025028,0
Mars->Relay A,638498.9566718,639165.4956387,666.5389669,0.027990,0
Mars->Relay A,666432.4981354,667387.8539051,955.3557696,0.003848,0
Mars->Relay A,692180.7027463,693100.5371388,919.8343925,0.018669,0
Mars->Relay A,720465.9435436,721130.1453537,664.2018101,0.029622,0
Mars->Relay A,748114.0255505,749123.0001913,1008.9746408,0.012027,0
Mars->Relay A,773981.4307801,774855.8389939,874.4082139,0.011553,0
Mars->Relay A,802424.7630388,803095.3651098,670.6020710,0.029960,0
Mars->Relay A,829747.6001595,830799.8429283,1052.2427688,0.019825,0
Mars->Relay A,855828.3265871,856658.8162538,830.4896667,0.004190,0
Mars->Relay A,884369.6111795,885055.7777663,686.1665869,0.028962,0
Mars->Relay A,911342.3808795,912421.3585016,1078.9776220,0.026491,0
Mars->Relay A,937713.7140127,938503.3120066,789.5979939,0.003016,0
Mars->Relay A,966294.5581883,967005.6795620,711.1213737,0.026608,0
Mars->Relay A,992914.6789716,994000.3881377,1085.7091660,0.031263,0
Mars->Relay A,1019629.7945791,1020382.7559401,752.9613609,0.009743,0
Mars->Relay A,1048193.4932317,1048938.8793198,745.3860881,0.022906,0
Mars->Relay A,1074486.4412473,1075559.7940296,1073.3527822,0.033555,0
Mars->Relay A,1101569.1375948,1102290.7150317,721.5774369,0.015754,0
Mars->Relay A,1130060.1489483,1130848.5681423,788.4191940,0.017903,0
Mars->Relay A,1156080.9438261,1157127.2179292,1046.2741032,0.033150,0
Mars->Relay A,1183524.8178734,1184221.1037084,696.2858350,0.020866,0
Mars->Relay A,1211888.2755340,1212727.2630275,838.9874935,0.011705,0
Mars->Relay A,1237717.2647358,1238726.8275448,1009.5628090,0.030244,0
Mars->Relay A,1265490.3791331,1266168.2091101,677.8299770,0.024941,0
Mars->Relay A,1293672.0722553,1294566.9177915,894.8455362,0.004498,0
Mars->Relay A,1319406.5507573,1320373.7995988,967.2488415,0.025330,0
Mars->Relay A,1347459.7239281,1348126.6182197,666.8942916,0.027869,0
Mars->Relay A,1375407.0146199,1376359.3855082,952.3708882,0.003419,0
Mars->Relay A,1401151.7587544,1402073.9946719,922.2359176,0.019028,0
Mars->Relay A,1429426.9812073,1430091.0925275,664.1113203,0.029568,0
Mars->Relay A,1457091.1942185,1458097.5431317,1006.3489132,0.011600,0
Mars->Relay A,1482949.8577558,1483826.6362613,876.7785056,0.011939,0
Mars->Relay A,1511386.3750967,1512056.4143339,670.0392373,0.029976,0
Mars->Relay A,1538727.1285535,1539777.4573394,1050.3287859,0.019435,0
Mars->Relay A,1564794.5081600,1565627.2480358,832.7398758,0.004577,0
Mars->Relay A,1593332.1058284,1594017.2189978,685.1131694,0.029049,0
Mars->Relay A,1620323.6072279,1621401.6627434,1078.0555155,0.026181,0
Mars->Relay A,1646678.0641733,1647469.7199308,791.6557574,0.002644,0
Mars->Relay A,1675258.2521104,1675967.8241290,709.5720186,0.026766,0
Mars->Relay A,1701896.5775448,1702982.4352862,1085.8577414,0.031069,0
Mars->Relay A,1728592.7173930,1729347.4857448,754.7683518,0.009404,0
Relay A->Mars,11503.7292699,12168.0503067,664.3210368,0.029674,0
Relay A->Mars,39135.1072665,40146.7564996,1011.6492331,0.012464,0
Relay A->Mars,65011.7792484,65883.7502629,871.9710145,0.011158,0
Relay A->Mars,93461.9416059,94133.1494921,671.2078862,0.029941,0
Relay A->Mars,120766.2818614,121820.4494122,1054.1675508,0.020220,0
Relay A->Mars,146860.9604741,147689.1421069,828.1816328,0.003794,0
Relay A->Mars,175405.8653234,176093.1424936,687.2771702,0.028870,0
Relay A->Mars,202359.3649038,203439.2363321,1079.8714283,0.026804,0
Relay A->Mars,228748.2075039,229535.7002019,787.4926980,0.003392,0
Relay A->Mars,257329.5616890,258042.3031679,712.7414789,0.026443,0
Relay A->Mars,283931.0376657,285016.5407184,1085.5030527,0.031453,0
Relay A->Mars,310665.7334954,311416.8514401,751.1179447,0.010087,0
Relay A->Mars,339226.9097277,339974.4098600,747.5001323,0.022669,0
Relay A->Mars,365503.4510981,366575.6664895,1072.2153914,0.033602,0
Relay A->Mars,392606.1338359,393326.1783665,720.0445306,0.016054,0
Relay A->Mars,421091.6367518,421882.6176766,790.9809248,0.017598,0
Relay A->Mars,447099.7924744,448144.2794968,1044.4870224,0.033054,0
Relay A->Mars,474562.5106760,475257.6160823,695.1054063,0.021114,0
Relay A->Mars,502917.5032872,503759.4081460,841.9048588,0.011340,0
Relay A->Mars,528738.7764343,529746.1554512,1007.3790169,0.030025,0
Relay A->Mars,556528.4303416,557205.4704436,677.0401020,0.025128,0
Relay A->Mars,584698.7523445,585596.7134167,897.9610722,0.004085,0
Relay A->Mars,610431.0820311,611395.9334828,964.8514516,0.025020,0
Relay A->Mars,638497.8110770,639164.3414408,666.5303638,0.027992,0
Relay A->Mars,666430.9620250,667386.4054071,955.4433820,0.003860,0
Relay A->Mars,692179.2731050,693099.0342067,919.7611017,0.018661,0
Relay A->Mars,720464.7902364,721128.9958333,664.2055969,0.029623,0
Relay A->Mars,748112.4143206,749121.4673628,1009.0530422,0.012038,0
Relay A->Mars,773980.0742687,774854.4111282,874.3368595,0.011544,0
Relay A->Mars,802423.5935050,803094.2123758,670.6188707,0.029960,0
Relay A->Mars,829745.9226972,830798.2241172,1052.3014200,0.019834,0
Relay A->Mars,855827.0322512,856657.4553107,830.4230595,0.004181,0
Relay A->Mars,884368.4167234,885054.6136228,686.1968994,0.028960,0
Relay A->Mars,911340.6567582,912419.6643745,1079.0076163,0.026499,0
Relay A->Mars,937712.4702255,938502.0084196,789.5381942,0.003024,0
Relay A->Mars,966293.3298100,967004.4952651,711.1654551,0.026604,0
Relay A->Mars,992912.9380037,993998.6451203,1085.7071166,0.031267,0
Relay A->Mars,1019628.5900935,1020381.4999446,752.9098511,0.009750,0
Relay A->Mars,1048192.2215954,1048937.6653537,745.4437582,0.022900,0
Relay A->Mars,1074484.7187263,1075558.0409476,1073.3222213,0.033556,0
Relay A->Mars,1101567.9619128,1102289.4972183,721.5353055,0.015760,0
Relay A->Mars,1130058.8245217,1130847.3140553,788.4895337,0.017896,0
Relay A->Mars,1156079.2723318,1157125.4949998,1046.2226679,0.033148,0
Relay A->Mars,1183523.6612593,1184219.9151984,696.2539392,0.020872,0
Relay A->Mars,1211886.8890322,1212725.9574219,839.0683897,0.011697,0
Relay A->Mars,1237715.6666282,1238725.1649297,1009.4983015,0.030239,0
Relay A->Mars,1265489.2324678,1266167.0415279,677.8090601,0.024945,0
Relay A->Mars,1293670.6155854,1294565.5486559,894.9330704,0.004488,0
Relay A->Mars,1319405.0354713,1320372.2129966,967.1775253,0.025323,0
Relay A->Mars,1347458.5785047,1348125.4635588,666.8850541,0.027872,0
Relay A->Mars,1375405.4825400,1376357.9412526,952.4587126,0.003431,0
Relay A->Mars,1401150.3249973,1402072.4876157,922.1626184,0.019020,0
Relay A->Mars,1429425.8285178,1430089.9429561,664.1144383,0.029569,0
Relay A->Mars,1457089.5868107,1458096.0148705,1006.4280598,0.011610,0
Relay A->Mars,1482948.4976517,1483825.2046233,876.7069716,0.011929,0
Relay A->Mars,1511385.2066325,1512055.2619702,670.0553377,0.029975,0
Relay A->Mars,1538725.4541904,1539775.8429219,1050.3887315,0.019445,0
Relay A->Mars,1564793.2108389,1565625.8837999,832.6729610,0.004569,0
Relay A->Mars,1593330.9129070,1594016.0556680,685.1427610,0.029047,0
Relay A->Mars,1620321.8848985,1621399.9720641,1078.0871656,0.026189,0
Relay A->Mars,1646676.8180095,1647468.4135672,791.5955577,0.002654,0
Relay A->Mars,1675257.0257496,1675966.6411237,709.6153741,0.026762,0
Relay A->Mars,1701894.8366002,1702980.6939467,1085.8573465,0.031074,0
Relay A->Mars,1728591.5111059,1729346.2274812,754.7163754,0.009411,0
Mars->Relay B,17426.1701874,18421.7191633,995.5489759,0.028758,0
Mars->Relay B,45301.2583123,45974.4667312,673.2084188,0.026076,0
Mars->Relay B,73408.5320786,74323.1040837,914.5720050,0.001850,0
Mars->Relay B,99134.6195494,100086.6457034,952.0261540,0.023299,0
Mars->Relay B,127270.5421029,127935.5364679,664.9943650,0.028592,0
Mars->Relay B,155126.1366936,156097.6853887,971.5486951,0.006216,0
Mars->Relay B,180898.4861320,181805.1158084,906.6296763,0.016663,0
Mars->Relay B,209235.7575146,209900.8918542,665.1343396,0.029855,0
Mars->Relay B,236793.2424606,237816.1063112,1022.8638506,0.014355,0
Mars->Relay B,262713.3268946,263574.7919842,861.4650896,0.009427,0
Mars->Relay B,291191.1330525,291865.2841641,674.1511116,0.029810,0
Mars->Relay B,318414.3274404,319476.2371927,1061.9097524,0.021906,0
Mars->Relay B,344572.1757785,345390.4561275,818.2803490,0.002073,0
Mars->Relay B,373130.8368841,373823.2590805,692.4221964,0.028421,0
Mars->Relay B,400000.6185077,401083.6485680,1083.0300603,0.028099,0
Mars->Relay B,426467.2403673,427245.7461513,778.5057840,0.005023,0
Mars->Relay B,455048.8899323,455768.9874305,720.0974982,0.025674,0
Mars->Relay B,481570.3430232,482654.2885276,1083.9455044,0.032199,0
Mars->Relay B,508390.7981416,509134.0937499,743.2956083,0.011565,0
Mars->Relay B,536939.1285452,537696.1104523,756.9819071,0.021588,0
Mars->Relay B,563146.3795694,564213.1722161,1066.7926466,0.033714,0
Mars->Relay B,590335.5608960,591049.1552755,713.5943794,0.017333,0
Mars->Relay B,618795.2635401,619597.6248606,802.3613205,0.016225,0
Mars->Relay B,644751.3358406,645787.7684518,1036.4326112,0.032548,0
Mars->Relay B,672294.7475804,672984.9559892,690.2084088,0.022158,0
Mars->Relay B,700611.1160053,701465.8621477,854.7461424,0.009711,0
Mars->Relay B,726402.2308367,727399.9741622,997.7433255,0.029001,0
Mars->Relay B,754262.0187665,754935.8802696,673.8615031,0.025910,0
Mars->Relay B,782381.1485311,783292.6771494,911.5286183,0.002263,0
Mars->Relay B,808107.7203618,809062.1064712,954.3861094,0.023621,0
Mars->Relay B,836231.3564087,836896.5801030,665.2236943,0.028490,0
Mars->Relay B,864101.4322668,865070.0645357,968.6322689,0.005785,0
Mars->Relay B,889868.7460278,890777.7783421,909.0323143,0.017032,0
Mars->Relay B,918196.9301218,918861.8396560,664.9095342,0.029821,0
Mars->Relay B,945771.1396147,946791.5481621,1020.4085474,0.013935,0
Mars->Relay B,971681.0618855,972544.8708822,863.8089967,0.009815,0
Mars->Relay B,1000152.9686223,1000826.4162768,673.4476545,0.029846,0
Mars->Relay B,1027394.4327787,1028454.6936778,1060.2608991,0.021535,0
Mars->Relay B,1053537.7845095,1054358.2661129,820.4816034,0.002457,0
Mars->Relay B,1082093.6457225,1082784.8707584,691.2250359,0.028528,0
Mars->Relay B,1108982.1586059,1110064.5795604,1082.4209545,0.027819,0
Mars->Relay B,1135431.1367086,1136211.6331214,780.4964128,0.004661,0
Mars->Relay B,1164012.9916176,1164731.3977412,718.4061236,0.025852,0
Mars->Relay B,1190552.2081753,1191636.5916864,1084.3835111,0.032045,0
Mars->Relay B,1217353.3797046,1218098.4003860,745.0206814,0.011238,0
Mars->Relay B,1245904.8520263,1246659.6697408,754.8177145,0.021836,0
Mars->Relay B,1272127.3208855,1273195.3934323,1068.0725467,0.033702,0
Mars->Relay B,1299297.1988403,1300012.2070123,715.0081720,0.017051,0
Mars->Relay B,1327762.9404839,1328562.7191185,799.7786345,0.016538,0
Mars->Relay B,1353730.2617425,1354768.5395907,1038.2778482,0.032673,0
Mars->Relay B,1381255.7872239,1381947.0581096,691.2708857,0.021930,0
Mars->Relay B,1409581.0621923,1410432.9102515,851.8480592,0.010081,0
Mars->Relay B,1435378.4448503,1436378.3697978,999.9249475,0.029239,0
Mars->Relay B,1463222.7849129,1463897.3209089,674.5359960,0.025741,0
Mars->Relay B,1491353.6262048,1492262.1127123,908.4865074,0.002673,0
Mars->Relay B,1517080.9765054,1518037.7171432,956.7406378,0.023940,0
Mars->Relay B,1545192.1602548,1545857.6363996,665.4761448,0.028385,0
Mars->Relay B,1573076.5863117,1574042.2876269,965.7013152,0.005353,0
Mars->Relay B,1598839.1488591,1599750.5842532,911.4353940,0.017400,0
Mars->Relay B,1627158.0762774,1627822.7856079,664.7093306,0.029783,0
Mars->Relay B,1654748.9063648,1655766.8263530,1017.9199882,0.013513,0
Mars->Relay B,1680648.9203078,1681515.0785476,866.1582398,0.010203,0
Mars->Relay B,1709114.7615908,1709787.5314821,672.7698913,0.029878,0
Mars->Relay B,1736374.4376911,1737432.9998399,1058.5621488,0.021161,0
Relay B->Mars,17424.5999788,18420.0814940,995.4815152,0.028752,0
Relay B->Mars,45300.1130377,45973.3044587,673.1914210,0.026080,0
Relay B->Mars,73407.0499848,74321.7104739,914.6604891,0.001840,0
Relay B->Mars,99133.1327273,100085.0864035,951.9536762,0.023291,0
Relay B->Mars,127269.3951467,127934.3844277,664.9892809,0.028594,0
Relay B->Mars,155124.5784725,156096.2131499,971.6346774,0.006227,0
Relay B->Mars,180897.0786778,181803.6352853,906.5566075,0.016654,0
Relay B->Mars,209234.6003903,209899.7422239,665.1418335,0.029856,0
Relay B->Mars,236791.6106969,237814.5483173,1022.9376204,0.014366,0
Relay B->Mars,262711.9895698,263573.3844262,861.3948565,0.009418,0
Relay B->Mars,291189.9572095,291864.1289896,674.1717801,0.029809,0
Relay B->Mars,318412.6339620,319474.5948080,1061.9608459,0.021915,0
Relay B->Mars,344570.8972684,345389.1127983,818.2155299,0.002065,0
Relay B->Mars,373129.6335479,373822.0900320,692.4564841,0.028418,0
Relay B->Mars,399998.8860708,401081.9368783,1083.0508075,0.028105,0
Relay B->Mars,426466.0090848,427244.4573375,778.4482527,0.005032,0
Relay B->Mars,455047.6500038,455767.7955617,720.1455579,0.025669,0
Relay B->Mars,481568.6037165,482652.5382897,1083.9345732,0.032203,0
Relay B->Mars,508389.6030391,509132.8497537,743.2467146,0.011573,0
Relay B->Mars,536937.8426067,537694.8859891,757.0433824,0.021582,0
Relay B->Mars,563144.6688114,564211.4239994,1066.7551880,0.033714,0
Relay B->Mars,590334.3917049,591047.9468349,713.5551300,0.017340,0
Relay B->Mars,618793.9220673,619596.3570684,802.4350011,0.016218,0
Relay B->Mars,644749.6838642,645786.0605122,1036.3766479,0.032545,0
Relay B->Mars,672293.5947620,672983.7743801,690.1796181,0.022163,0
Relay B->Mars,700609.7099339,701464.5393940,854.8294601,0.009703,0
Relay B->Mars,726400.6562828,727398.3325571,997.6762743,0.028995,0
Relay B->Mars,754260.8733433,754934.7172402,673.8438969,0.025914,0
Relay B->Mars,782379.6703862,783291.2873951,911.6170089,0.002252,0
Relay B->Mars,808106.2291833,809060.5429589,954.3137755,0.023613,0
Relay B->Mars,836230.2097534,836895.4277188,665.2179654,0.028493,0
Relay B->Mars,864099.8780602,865068.5966681,968.7186079,0.005795,0
Relay B->Mars,889867.3345932,890776.2937759,908.9591827,0.017023,0
Relay B->Mars,918195.7737452,918860.6900951,664.9163499,0.029822,0
Relay B->Mars,945769.5115224,946789.9947499,1020.4832275,0.013945,0
Relay B->Mars,971679.7211400,972543.4596828,863.7385428,0.009806,0
Relay B->Mars,1000151.7939817,1000825.2615978,673.4676161,0.029845,0
Relay B->Mars,1027392.7420801,1028453.0555013,1060.3134212,0.021544,0
Relay B->Mars,1053536.5031928,1054356.9196392,820.4164464,0.002447,0
Relay B->Mars,1082092.4440588,1082783.7026573,691.2585986,0.028525,0
Relay B->Mars,1108980.4274846,1110062.8708826,1082.4433980,0.027826,0
Relay B->Mars,1135429.9032203,1136210.3416799,780.4384596,0.004671,0
Relay B->Mars,1164011.7538494,1164730.2073106,718.4534612,0.025848,0
Relay B->Mars,1190550.4683403,1191634.8425061,1084.3741658,0.032048,0
Relay B->Mars,1217352.1829592,1218097.1542646,744.9713054,0.011246,0
Relay B->Mars,1245903.5687503,1246658.4472541,754.8785038,0.021830,0
Relay B->Mars,1272125.6077884,1273193.6440803,1068.0362918,0.033702,0
Relay B->Mars,1299296.0285276,1300010.9969209,714.9683933,0.017058,0
Relay B->Mars,1327761.6021706,1328561.4538926,799.8517220,0.016531,0
Relay B->Mars,1353728.6060880,1354766.8287491,1038.2226610,0.032670,0
Relay B->Mars,1381254.6337711,1381945.8752962,691.2415252,0.021935,0
Relay B->Mars,1409579.6597313,1410431.5906941,851.9309628,0.010071,0
Relay B->Mars,1435376.8659662,1436376.7242886,999.8583224,0.029233,0
Relay B->Mars,1463221.6393179,1463896.1571006,674.5177827,0.025745,0
Relay B->Mars,1491352.1519974,1492260.7267820,908.5747845,0.002663,0
Relay B->Mars,1517079.4809595,1518036.1494199,956.6684604,0.023932,0
Relay B->Mars,1545191.0138763,1545856.4836498,665.4697735,0.028387,0
Relay B->Mars,1573075.0361248,1574040.8241082,965.7879834,0.005363,0
Relay B->Mars,1598837.7334179,1599749.0956277,911.3622098,0.017391,0
Relay B->Mars,1627156.9206249,1627821.6360942,664.7154694,0.029784,0
Relay B->Mars,1654747.2819744,1655765.2775232,1017.9955487,0.013523,0
Relay B->Mars,1680647.5761098,1681513.6636828,866.0875731,0.010193,0
Relay B->Mars,1709113.5881287,1709786.3772758,672.7891471,0.029877,0
Relay B->Mars,1736372.7498342,1737431.3659109,1058.6160767,0.021170,0
Ceres->Relay A,418978.0445255,423350.8489958,4372.8044703,0.042332,0
Ceres->Relay A,481471.0829333,486035.6123997,4564.5294664,0.019048,0
Relay A->Ceres,418973.2763487,423355.7397949,4382.4634461,0.042002,0
Relay A->Ceres,481466.5130938,486032.8492864,4566.3361926,0.018753,0
Ceres->Relay B,742237.6751870,746005.2507483,3767.5755613,0.077299,0
Ceres->Relay B,804907.2026001,806488.8876446,1581.6850445,0.092706,0
Relay B->Ceres,742249.1414775,745995.0078603,3745.8663828,0.077629,0
Relay B->Ceres,804922.1189097,806470.8834134,1548.7645037,0.093014,0
Jupiter->Relay A,48685.3210026,49906.2931343,1220.9721317,0.007274,0
Jupiter->Relay A,119673.9398552,120694.1547343,1020.2148790,0.041949,0
Jupiter->Relay A,189812.2135442,191055.4096333,1243.1960890,0.021519,0
Jupiter->Relay A,257532.9464985,258757.0450312,1224.0985327,0.009435,0
Jupiter->Relay A,328466.4274141,329484.8711005,1018.4436865,0.042173,0
Jupiter->Relay A,398685.7920848,399929.2596542,1243.4675694,0.019495,0
Jupiter->Relay A,466383.8737890,467610.5630873,1226.6892984,0.011584,0
Jupiter->Relay A,537258.2961904,538275.5587479,1017.2625575,0.042312,0
Jupiter->Relay A,607556.6732327,608799.8384544,1243.1652217,0.017422,0
Jupiter->Relay A,675238.1331021,676466.8714131,1228.7383111,0.013714,0
Jupiter->Relay A,746049.6349341,747066.3109239,1016.6759899,0.042366,0
Jupiter->Relay A,816424.8247286,817667.0930413,1242.2683127,0.015308,0
Jupiter->Relay A,884095.7422136,885325.9876839,1230.2454703,0.015817,0
Jupiter->Relay A,954840.5339764,955857.2191817,1016.6852052,0.042334,0
Jupiter->Relay A,1025290.2237767,1026530.9882396,1240.7644629,0.013160,0
Jupiter->Relay A,1092956.7053071,1094187.9225284,1231.2172213,0.017887,0
Jupiter->Relay A,1163631.0852550,1164648.3734089,1017.2881539,0.042217,0
Jupiter->Relay A,1234152.8564600,1235391.5056404,1238.6491804,0.010987,0
Jupiter->Relay A,1301821.0118457,1303052.6788851,1231.6670394,0.019916,0
Jupiter->Relay A,1372421.3823270,1373439.8618726,1018.4795456,0.042016,0
Jupiter->Relay A,1443012.7171627,1444248.6424693,1235.9253066,0.008795,0
Jupiter->Relay A,1510688.6354808,1511920.2513255,1231.6158447,0.021897,0
Jupiter->Relay A,1581211.5203696,1582231.7712725,1020.2509029,0.041730,0
Jupiter->Relay A,1651869.8080057,1653102.4104115,1232.6024058,0.006592,0
Jupiter->Relay A,1719559.5330302,1720790.6253465,1231.0923164,0.023821,0
Relay A->Jupiter,48687.9411451,49908.9218515,1220.9807065,0.007283,0
Relay A->Jupiter,119676.4124559,120696.6190497,1020.2065938,0.041951,0
Relay A->Jupiter,189814.9143544,191058.1180638,1243.2037094,0.021510,0
Relay A->Jupiter,257535.5765113,258759.6813110,1224.1047997,0.009444,0
Relay A->Jupiter,328468.8978120,329487.3356265,1018.4378145,0.042174,0
Relay A->Jupiter,398688.4852718,399931.9582571,1243.4729853,0.019486,0
Relay A->Jupiter,466386.5137941,467613.2070416,1226.6932476,0.011593,0
Relay A->Jupiter,537260.7646157,538278.0237442,1017.2591286,0.042313,0
Relay A->Jupiter,607559.3587409,608802.5270368,1243.1682959,0.017413,0
Relay A->Jupiter,675240.7831830,676469.5231408,1228.7399578,0.013723,0
Relay A->Jupiter,746052.1016239,747068.7766415,1016.6750176,0.042366,0
Relay A->Jupiter,816427.5025281,817669.7714714,1242.2689433,0.015299,0
Relay A->Jupiter,884098.4024111,885328.6472684,1230.2448573,0.015826,0
Relay A->Jupiter,954842.9991754,955859.6858636,1016.6866882,0.042334,0
Relay A->Jupiter,1025292.8938597,1026533.6564423,1240.7625825,0.013151,0
Relay A->Jupiter,1092959.3756155,1094190.5900367,1231.2144213,0.017896,0
Relay A->Jupiter,1163633.5492154,1164650.8412913,1017.2920759,0.042217,0
Relay A->Jupiter,1234155.5188400,1235394.1635934,1238.6447535,0.010977,0
Relay A->Jupiter,1301823.6922091,1303055.3543645,1231.6621554,0.019925,0
Relay A->Jupiter,1372423.8453082,1373442.3311831,1018.4858749,0.042015,0
Relay A->Jupiter,1443015.3718718,1444251.2902004,1235.9183285,0.008786,0
Relay A->Jupiter,1510691.3257898,1511922.9348019,1231.6090121,0.021905,0
Relay A->Jupiter,1581213.9826392,1582234.2422322,1020.2595930,0.041728,0
Relay A->Jupiter,1651872.4550928,1653105.0479933,1232.5929005,0.006582,0
Relay A->Jupiter,1719562.2331184,1720793.3168222,1231.0837038,0.023829,0
Jupiter->Relay B,31713.3075060,32798.8364526,1085.5289466,0.030890,0
Jupiter->Relay B,102964.8800279,104114.3179907,1149.4379628,0.019954,0
Jupiter->Relay B,171302.2259477,172509.3067893,1207.0808415,0.040170,0
Jupiter->Relay B,240511.7408484,241604.7320951,1092.9912467,0.029515,0
Jupiter->Relay B,311787.0093070,312928.0959374,1141.0866303,0.021737,0
Jupiter->Relay B,380204.0385967,381410.2657832,1206.2271864,0.040580,0
Jupiter->Relay B,449311.5814961,450412.2014836,1100.6199875,0.028070,0
Jupiter->Relay B,520606.9865345,521739.6743935,1132.6878591,0.023460,0
Jupiter->Relay B,589106.4579500,590312.2816824,1205.8237324,0.040841,0
Jupiter->Relay B,658112.9421858,659221.3170396,1108.3748538,0.026558,0
Jupiter->Relay B,729424.8764020,730549.1640898,1124.2876878,0.025120,0
Jupiter->Relay B,798009.2200650,799215.1156286,1205.8955636,0.040951,0
Jupiter->Relay B,866915.9357713,868032.1506494,1116.2148781,0.024981,0
Jupiter->Relay B,938240.7450458,939356.6767174,1115.9316716,0.026714,0
Jupiter->Relay B,1006912.0633997,1008118.5162624,1206.4528627,0.040910,0
Jupiter->Relay B,1075720.6750263,1076844.7736224,1124.0985961,0.023340,0
Jupiter->Relay B,1147054.6599048,1148162.3246003,1107.6646955,0.028239,0
Jupiter->Relay B,1215814.7313353,1217022.2217094,1207.4903741,0.040718,0
Jupiter->Relay B,1284527.2724255,1285659.2566267,1131.9842012,0.021639,0
Jupiter->Relay B,1355866.6896063,1356966.2204021,1099.5307958,0.029694,0
Jupiter->Relay B,1424716.9744595,1425925.9619313,1208.9874718,0.040375,0
Jupiter->Relay B,1493335.8398987,1494475.6696068,1139.8297081,0.019880,0
Jupiter->Relay B,1564676.9038731,1565768.4768625,1091.5729895,0.031077,0
Jupiter->Relay B,1633618.5525595,1634829.4613842,1210.9088247,0.039883,0
Jupiter->Relay B,1702146.4885553,1703294.0816742,1147.5931189,0.018066,0
Relay B->Jupiter,31715.7872742,32801.3457171,1085.5584428,0.030884,0
Relay B->Jupiter,102967.4390012,104116.8454784,1149.4064772,0.019962,0
Relay B->Jupiter,171305.0104572,172512.0851299,1207.0746727,0.040172,0
Relay B->Jupiter,240514.2242638,241607.2455930,1093.0213292,0.029509,0
Relay B->Jupiter,311789.5623626,312930.6169771,1141.0546145,0.021745,0
Relay B->Jupiter,380206.8248719,381413.0480968,1206.2232249,0.040581,0
Relay B->Jupiter,449314.0689100,450414.7193881,1100.6504781,0.028064,0
Relay B->Jupiter,520609.5338327,521742.1893421,1132.6555095,0.023468,0
Relay B->Jupiter,589109.2451736,590315.0672919,1205.8221183,0.040842,0
Relay B->Jupiter,658115.4339520,659223.8395239,1108.4055719,0.026551,0
Relay B->Jupiter,729427.4181048,730551.6733063,1124.2552016,0.025127,0
Relay B->Jupiter,798012.0074316,799217.9038063,1205.8963747,0.040951,0
Relay B->Jupiter,866918.4322449,868034.6778873,1116.2456424,0.024974,0
Relay B->Jupiter,938243.2813164,939359.1805614,1115.8992450,0.026721,0
Relay B->Jupiter,1006914.8501242,1008121.3062359,1206.4561117,0.040910,0
Relay B->Jupiter,1075723.1765636,1076847.3057872,1124.1292236,0.023333,0
Relay B->Jupiter,1147057.1909088,1148164.8234314,1107.6325226,0.028246,0
Relay B->Jupiter,1215817.5166601,1217025.0126680,1207.4960079,0.040717,0
Relay B->Jupiter,1284529.7793828,1285661.7938930,1132.0145102,0.021632,0
Relay B->Jupiter,1355869.2155102,1356968.7145787,1099.4990685,0.029700,0
Relay B->Jupiter,1424719.7576622,1425928.7530342,1208.9953721,0.040373,0
Relay B->Jupiter,1493338.3526310,1494478.2121488,1139.8595178,0.019873,0
Relay B->Jupiter,1564679.4248453,1565770.9667410,1091.5418956,0.031083,0
Relay B->Jupiter,1633621.3329574,1634832.2517701,1210.9188128,0.039881,0
Relay B->Jupiter,1702149.0074161,1703296.6296667,1147.6222506,0.018058,0
Saturn->Relay A,20125.2776631,20447.2527188,321.9750557,0.090117,0
Saturn->Relay A,70679.4104971,71426.7852918,747.3747947,0.007729,0
Saturn->Relay A,121141.6019586,121408.8715409,267.2695823,0.092919,0
Saturn->Relay A,170112.1807028,170683.0600373,570.8793344,0.058521,0
Saturn->Relay A,218895.3197738,219549.6633106,654.3435369,0.038766,0
Saturn->Relay A,268680.6256036,268929.0482594,248.4226558,0.094152,0
Saturn->Relay A,319109.5363115,319850.3148772,740.7785656,0.017118,0
Saturn->Relay A,369724.4146324,370100.4415287,376.0268962,0.085662,0
Saturn->Relay A,418966.7445565,419450.0179051,483.2733486,0.072895,0
Saturn->Relay A,467659.6875733,468352.7952825,693.1077092,0.019483,0
Saturn->Relay A,517232.2753545,517511.9206933,279.6453388,0.092400,0
Saturn->Relay A,567551.5917701,568238.2216350,686.6298649,0.040883,0
Saturn->Relay A,618251.6049203,618751.0376934,499.4327731,0.073334,0
Saturn->Relay A,667808.1858896,668190.9005700,382.7146804,0.084172,0
Saturn->Relay A,716459.9737703,717164.3912925,704.4175222,0.000432,0
Saturn->Relay A,765801.0094913,766178.1801850,377.1706936,0.085417,0
Saturn->Relay A,816017.9848441,816608.9191905,590.9343464,0.061720,0
Saturn->Relay A,866736.0138677,867347.8893224,611.8754547,0.056275,0
Saturn->Relay A,916621.6965588,916905.3927213,283.6961625,0.091733,0
Saturn->Relay A,965287.8231131,965976.5892698,688.7661567,0.020161,0
Saturn->Relay A,1014413.5665261,1014897.6065713,484.0400453,0.074005,0
Saturn->Relay A,1064517.1708399,1064984.4080065,467.2371666,0.078091,0
Saturn->Relay A,1115188.9125952,1115886.2583398,697.3457446,0.035254,0
Saturn->Relay A,1165381.6604291,1165605.0937592,223.4333301,0.095022,0
Saturn->Relay A,1214134.3570131,1214781.8303331,647.4733200,0.038954,0
Saturn->Relay A,1263077.5323240,1263654.1199814,576.5876575,0.059084,0
Saturn->Relay A,1313050.4900953,1313389.9273635,339.4372683,0.088972,0
Saturn->Relay A,1363623.0352482,1364367.1939512,744.1587031,0.011504,0
Saturn->Relay A,1414055.5797664,1414310.2315630,254.6517966,0.093579,0
Saturn->Relay A,1462990.2945970,1463572.9697236,582.6751266,0.056090,0
Saturn->Relay A,1511791.3163167,1512437.3319074,646.0155907,0.041606,0
Saturn->Relay A,1561604.9721016,1561858.4469639,253.4748623,0.093919,0
Saturn->Relay A,1612052.5748419,1612797.4973074,744.9224656,0.013339,0
Saturn->Relay A,1662648.5296205,1663006.0965534,357.5669329,0.087104,0
Saturn->Relay A,1711845.8368169,1712343.5643996,497.7275827,0.070881,0
Relay A->Saturn,20127.6223220,20449.6423486,322.0200267,0.090114,0
Relay A->Saturn,70681.7773141,71429.1458443,747.3685303,0.007741,0
Relay A->Saturn,121143.9959887,121411.2289675,267.2329788,0.092921,0
Relay A->Saturn,170114.5542032,170685.4685870,570.9143839,0.058514,0
Relay A->Saturn,218897.7161564,219552.0357393,654.3195829,0.038774,0
Relay A->Saturn,268682.9898010,268931.4219297,248.4321287,0.094152,0
Relay A->Saturn,319111.8934075,319852.6848196,740.7914121,0.017108,0
Relay A->Saturn,369726.8119560,370102.7884539,375.9764979,0.085666,0
Relay A->Saturn,418969.1126877,419452.4285623,483.3158746,0.072890,0
Relay A->Saturn,467662.0808595,468355.1766828,693.0958233,0.019492,0
Relay A->Saturn,517234.6630667,517514.2754201,279.6123533,0.092402,0
Relay A->Saturn,567553.9401881,568240.6009547,686.6607666,0.040874,0
Relay A->Saturn,618253.9985539,618753.3819894,499.3834355,0.073340,0
Relay A->Saturn,667810.5498985,668193.3103486,382.7604501,0.084167,0
Relay A->Saturn,716462.3632213,717166.7811605,704.4179392,0.000440,0
Relay A->Saturn,765803.4069189,766180.5307668,377.1238480,0.085421,0
Relay A->Saturn,816020.3267876,816611.3064166,590.9796290,0.061712,0
Relay A->Saturn,866738.4005967,867350.2355071,611.8349104,0.056283,0
Relay A->Saturn,916624.0607175,916907.7959818,283.7352643,0.091731,0
Relay A->Saturn,965290.2080494,965978.9866341,688.7785847,0.020153,0
Relay A->Saturn,1014415.9660963,1014899.9613794,483.9952831,0.074010,0
Relay A->Saturn,1064519.5100194,1064986.8000089,467.2899895,0.078086,0
Relay A->Saturn,1115191.2906057,1115888.6097687,697.3191631,0.035263,0
Relay A->Saturn,1165384.0359384,1165607.4784211,223.4424827,0.095022,0
Relay A->Saturn,1214136.7368482,1214784.2338573,647.4970090,0.038946,0
Relay A->Saturn,1263079.9311851,1263656.4822770,576.5510919,0.059091,0
Relay A->Saturn,1313052.8331860,1313392.3180922,339.4849062,0.088969,0
Relay A->Saturn,1363625.4035784,1364369.5531532,744.1495748,0.011515,0
Relay A->Saturn,1414057.9722174,1414312.5917171,254.6194997,0.093581,0
Relay A->Saturn,1462992.6689478,1463575.3777519,582.7088041,0.056082,0
Relay A->Saturn,1511793.7131020,1512439.7029561,645.9898541,0.041614,0
Relay A->Saturn,1561607.3323437,1561860.8239807,253.4916370,0.093918,0
Relay A->Saturn,1612054.9333841,1612799.8657793,744.9323952,0.013329,0
Relay A->Saturn,1662650.9270457,1663008.4444345,357.5173888,0.087107,0
Relay A->Saturn,1711848.2057282,1712345.9748961,497.7691679,0.070875,0
Saturn->Relay B,7587.6954314,7834.0998732,246.4044418,0.094222,0
Saturn->Relay B,57982.8170048,58712.7358178,729.9188130,0.024164,0
Saturn->Relay B,108629.1025997,109040.6253229,411.5227232,0.082621,0
Saturn->Relay B,157958.8606800,158414.0649339,455.2042539,0.076492,0
Saturn->Relay B,206634.7187859,207333.8987473,699.1799614,0.013771,0
Saturn->Relay B,256140.5333992,256444.7439865,304.2105873,0.090892,0
Saturn->Relay B,306430.7468556,307093.6082391,662.8613834,0.047265,0
Saturn->Relay B,357142.8228055,357676.5975989,533.7747934,0.068877,0
Saturn->Relay B,406794.0547367,407147.0495671,352.9948304,0.086758,0
Saturn->Relay B,455443.8344697,456146.4623471,702.6278775,0.006170,0
Saturn->Relay B,504720.1597413,505128.6761459,408.5164046,0.082543,0
Saturn->Relay B,554905.9593972,555463.3039249,557.3445277,0.066952,0
Saturn->Relay B,605616.9483908,606256.8126937,639.8643029,0.050576,0
Saturn->Relay B,655595.4977025,655855.2865855,259.7888830,0.093142,0
Saturn->Relay B,704277.9983946,704957.4153234,679.4169288,0.025707,0
Saturn->Relay B,753347.3248848,753860.0544688,512.7295840,0.070022,0
Saturn->Relay B,803415.2890874,803844.6665834,429.3774960,0.081821,0
Saturn->Relay B,854063.0499011,854778.2709054,715.2210042,0.028623,0
Saturn->Relay B,904333.1978198,904555.1783842,221.9805644,0.095109,0
Saturn->Relay B,953128.2130862,953759.3013433,631.0882571,0.044094,0
Saturn->Relay B,1002026.0387958,1002625.2227253,599.1839294,0.054267,0
Saturn->Relay B,1051956.9314216,1052264.4071857,307.4757640,0.091012,0
Saturn->Relay B,1102494.3562731,1103243.6554826,749.2992096,0.004375,0
Saturn->Relay B,1152981.3095251,1153260.9578356,279.6483104,0.092237,0
Saturn->Relay B,1201985.0728699,1202545.1365670,560.0636971,0.060623,0
Saturn->Relay B,1250753.2819539,1251414.4657346,661.1837807,0.036225,0
Saturn->Relay B,1300512.4783126,1300758.7218872,246.2435746,0.094245,0
Saturn->Relay B,1350925.2820424,1351661.4575952,736.1755528,0.020439,0
Saturn->Relay B,1401555.5912329,1401948.1921057,392.6008728,0.084287,0
Saturn->Relay B,1450838.5572590,1451308.7839648,470.2267058,0.074616,0
Saturn->Relay B,1499522.9704989,1500219.2128247,696.2423258,0.016808,0
Saturn->Relay B,1549064.3376335,1549354.9555901,290.6179566,0.091746,0
Saturn->Relay B,1599369.9687117,1600045.8650690,675.8963573,0.043912,0
Saturn->Relay B,1650076.3402120,1650592.0363144,515.6961024,0.071291,0
Saturn->Relay B,1699677.2227725,1700045.9594380,368.7366655,0.085425,0
Saturn->Relay B,1748327.4881159,1749031.3438803,703.8557644,0.003128,0
Relay B->Saturn,7590.0673574,7836.4670268,246.3996694,0.094223,0
Relay B->Saturn,57985.1714445,58715.1085271,729.9370825,0.024154,0
Relay B->Saturn,108631.4993335,109042.9709047,411.4715712,0.082626,0
Relay B->Saturn,157961.2274178,158416.4757077,455.2482898,0.076486,0
Relay B->Saturn,206637.1110395,207336.2826632,699.1716237,0.013780,0
Relay B->Saturn,256142.9251984,256447.0961343,304.1709359,0.090894,0
Relay B->Saturn,306433.0931252,307095.9900547,662.8969295,0.047257,0
Relay B->Saturn,357145.2146956,357678.9420444,533.7273488,0.068883,0
Relay B->Saturn,406796.4181229,407149.4582537,353.0401309,0.086755,0
Relay B->Saturn,455446.2226862,456148.8544933,702.6318071,0.006162,0
Relay B->Saturn,504722.5582558,505131.0274087,408.4691529,0.082547,0
Relay B->Saturn,554908.3000780,555465.6929356,557.3928576,0.066945,0
Relay B->Saturn,605619.3327526,606259.1600810,639.8273284,0.050585,0
Relay B->Saturn,655597.8636473,655857.6860369,259.8223896,0.093140,0
Relay B->Saturn,704280.3819145,704959.8146147,679.4327002,0.025698,0
Relay B->Saturn,753349.7244452,753862.4112195,512.6867743,0.070028,0
Relay B->Saturn,803417.6284994,803847.0590430,429.4305437,0.081816,0
Relay B->Saturn,854065.4251846,854780.6243557,715.1991711,0.028632,0
Relay B->Saturn,904335.5787729,904557.5554279,221.9766550,0.095109,0
Relay B->Saturn,953130.5913666,953761.7063497,631.1149831,0.044086,0
Relay B->Saturn,1002028.4371685,1002627.5874690,599.1503005,0.054274,0
Relay B->Saturn,1051959.2777587,1052266.7955679,307.5178092,0.091010,0
Relay B->Saturn,1102496.7217523,1103246.0172557,749.2955034,0.004387,0
Relay B->Saturn,1152983.7046677,1153263.3131415,279.6084738,0.092239,0
Relay B->Saturn,1201987.4456202,1202547.5455374,560.0999172,0.060616,0
Relay B->Saturn,1250755.6779641,1251416.8393854,661.1614213,0.036233,0
Relay B->Saturn,1300514.8461329,1300761.0924932,246.2463603,0.094245,0
Relay B->Saturn,1350927.6378795,1351663.8288382,736.1909587,0.020429,0
Relay B->Saturn,1401557.9883391,1401950.5383309,392.5499918,0.084292,0
Relay B->Saturn,1450840.9247223,1451311.1947085,470.2699862,0.074611,0
Relay B->Saturn,1499525.3633083,1500221.5954119,696.2321036,0.016817,0
Relay B->Saturn,1549066.7274257,1549357.3089343,290.5815086,0.091748,0
Relay B->Saturn,1599372.3160971,1600048.2455775,675.9294803,0.043903,0
Relay B->Saturn,1650078.7330564,1650594.3806375,515.6475811,0.071297,0
Relay B->Saturn,1699679.5864421,1700048.3687648,368.7823226,0.085421,0
Relay B->Saturn,1748329.8769947,1749033.7348281,703.8578334,0.003118,0
Uranus->Relay A,23943.5944248,24513.9744982,570.3800733,0.000115,0
Uranus->Relay A,68175.8147296,68744.3130676,568.4983380,0.012398,0
Uranus->Relay A,112504.2051035,113063.7339071,559.5288036,0.023210,0
Uranus->Relay A,156909.8003536,157459.0903655,549.2900119,0.030564,0
Uranus->Relay A,201356.5946540,201901.8987302,545.3040762,0.032934,0
Uranus->Relay A,245800.0494703,246350.8454717,550.7960014,0.029777,0
Uranus->Relay A,290198.9878184,290760.5637301,561.5759118,0.021761,0
Uranus->Relay A,334524.1641115,335094.0633763,569.8992648,0.010512,0
Uranus->Relay A,378761.1468984,379331.5777296,570.4308312,0.001961,0
Uranus->Relay A,422909.1346649,423471.8673185,562.7326536,0.013776,0
Uranus->Relay A,466977.8685633,467528.2016109,550.3330476,0.023495,0
Uranus->Relay A,510984.3586134,511522.8924180,538.5338047,0.030149,0
Uranus->Relay A,554950.4294518,555482.6000980,532.1706462,0.033187,0
Uranus->Relay A,598901.2147630,599434.9956011,533.7808380,0.032392,0
Uranus->Relay A,642864.0354720,643406.6861457,542.6506736,0.027842,0
Uranus->Relay A,686866.8978323,687422.0321027,555.1342704,0.019899,0
Uranus->Relay A,730936.0895957,731502.1525975,566.0630019,0.009275,0
Uranus->Relay A,775092.5927557,775663.3047131,570.7119575,0.002901,0
Uranus->Relay A,819347.2457560,819914.1942893,566.9485333,0.015047,0
Uranus->Relay A,863695.4440364,864252.4877139,557.0436776,0.025242,0
Uranus->Relay A,908113.9989384,908661.6127359,547.6137974,0.031575,0
Uranus->Relay A,952563.9999479,953109.7553123,545.7553644,0.032699,0
Uranus->Relay A,997000.6547955,997553.6950768,553.0402813,0.028341,0
Uranus->Relay A,1041384.9441425,1041948.8796941,563.9355516,0.019428,0
Uranus->Relay A,1085690.9039873,1086261.6999985,570.7960112,0.007727,0
Uranus->Relay A,1129907.3901325,1130476.7222081,569.3320756,0.004747,0
Uranus->Relay A,1174036.2864002,1174596.4471458,560.1607456,0.016200,0
Uranus->Relay A,1218089.2455517,1218636.6613108,547.4157591,0.025295,0
Uranus->Relay A,1262084.5437385,1262621.0244075,536.4806690,0.031165,0
Uranus->Relay A,1306044.8599883,1306576.6688713,531.8088830,0.033344,0
Uranus->Relay A,1349995.9233376,1350531.1665920,535.2432544,0.031684,0
Uranus->Relay A,1393965.3675812,1394510.6998669,545.3322856,0.026322,0
Uranus->Relay A,1437981.0593530,1438538.9933304,557.9339774,0.017697,0
Uranus->Relay A,1482068.4463924,1482636.2435027,567.7971103,0.006608,0
Uranus->Relay A,1526246.6784753,1526817.2730108,570.5945356,0.005716,0
Uranus->Relay A,1570523.5436386,1571088.6080948,565.0644562,0.017596,0
Uranus->Relay A,1614890.3523265,1615444.9313973,554.5790708,0.027074,0
Uranus->Relay A,1659319.8320197,1659866.1823448,546.3503251,0.032314,0
Uranus->Relay A,1703770.6957570,1704317.4037782,546.7080212,0.032177,0
Uranus->Relay A,1748198.5237263,1748754.0014960,555.4777696,0.026670,0
Relay A->Uranus,23947.0204858,24517.4002322,570.3797464,0.000113,0
Relay A->Uranus,68179.2027475,68747.6995648,568.4968174,0.012400,0
Relay A->Uranus,112507.5601078,113067.0868553,559.5267475,0.023211,0
Relay A->Uranus,156913.1323348,157462.4209086,549.2885737,0.030565,0
Relay A->Uranus,201359.9174782,201905.2216653,545.3041871,0.032934,0
Relay A->Uranus,245803.3789417,246354.1765255,550.7975838,0.029775,0
Relay A->Uranus,290202.3389512,290763.9168955,561.5779443,0.021759,0
Relay A->Uranus,334527.5483371,335097.4489561,569.9006190,0.010512,0
Relay A->Uranus,378764.5702146,379335.0011600,570.4309454,0.001960,0
Relay A->Uranus,422912.5971102,423475.3287724,562.7316623,0.013777,0
Relay A->Uranus,466981.3647610,467531.6963319,550.3315709,0.023497,0
Relay A->Uranus,510987.8789648,511526.4115852,538.5326204,0.030150,0
Relay A->Uranus,554953.9616390,555486.1319870,532.1703479,0.033186,0
Relay A->Uranus,598904.7453300,599438.5269045,533.7815745,0.032392,0
Relay A->Uranus,642867.5513381,643410.2034224,542.6520844,0.027840,0
Relay A->Uranus,686870.3876899,687425.5233418,555.1356518,0.019897,0
Relay A->Uranus,730939.5451971,731505.6088072,566.0636101,0.009274,0
Relay A->Uranus,775096.0100437,775666.7213830,570.7113392,0.002905,0
Relay A->Uranus,819350.6256768,819917.5724865,566.9468098,0.015048,0
Relay A->Uranus,863698.7927958,864255.8344494,557.0416536,0.025243,0
Relay A->Uranus,908117.3275274,908664.9401833,547.6126559,0.031575,0
Relay A->Uranus,952567.3228735,953113.0787317,545.7558582,0.032698,0
Relay A->Uranus,997003.9879411,997557.0300151,553.0420740,0.028341,0
Relay A->Uranus,1041388.3019363,1041952.2394522,563.9375160,0.019427,0
Relay A->Uranus,1085694.2967457,1086265.0938536,570.7971079,0.007725,0
Relay A->Uranus,1129910.8225063,1130480.1544124,569.3319061,0.004752,0
Relay A->Uranus,1174039.7571253,1174599.9167048,560.1595795,0.016202,0
Relay A->Uranus,1218092.7481765,1218640.1624583,547.4142818,0.025296,0
Relay A->Uranus,1262088.0679115,1262624.5475575,536.4796460,0.031166,0
Relay A->Uranus,1306048.3929967,1306580.2018214,531.8088248,0.033344,0
Relay A->Uranus,1349999.4516815,1350534.6958727,535.2441912,0.031683,0
Relay A->Uranus,1393968.8784631,1394514.2122213,545.3337581,0.026321,0
Relay A->Uranus,1437984.5420491,1438542.4772927,557.9352436,0.017696,0
Relay A->Uranus,1482071.8935117,1482639.6909755,567.7974639,0.006605,0
Relay A->Uranus,1526250.0870374,1526820.6806694,570.5936320,0.005720,0
Relay A->Uranus,1570526.9157819,1571091.9783536,565.0625718,0.017598,0
Relay A->Uranus,1614893.6954087,1615448.2725517,554.5771430,0.027075,0
Relay A->Uranus,1659323.1579682,1659869.5074891,546.3495209,0.032315,0
Relay A->Uranus,1703774.0196091,1704320.7284878,546.7088788,0.032177,0
Relay A->Uranus,1748201.8612961,1748757.3410066,555.4797106,0.026669,0
Uranus->Relay B,12901.0035332,13470.5056549,569.5021217,0.003003,0
Uranus->Relay B,57108.4232849,57678.1864432,569.7631583,0.009383,0
Uranus->Relay B,101413.8022226,101975.9871207,562.1848981,0.020757,0
Uranus->Relay B,145802.8978542,146354.4310154,551.5331612,0.029146,0
Uranus->Relay B,190243.4376384,190788.8479306,545.4102921,0.032859,0
Uranus->Relay B,234691.9096047,235240.5618995,548.6522949,0.031067,0
Uranus->Relay B,279105.2751883,279664.0868782,558.8116899,0.024143,0
Uranus->Relay B,323450.8264650,324019.2472190,568.4207540,0.013518,0
Uranus->Relay B,367710.4201273,368281.5550393,571.1349120,0.001167,0
Uranus->Relay B,411880.0957791,412445.3799239,565.2841449,0.010969,0
Uranus->Relay B,455967.2822624,456520.8744372,553.5921748,0.021323,0
Uranus->Relay B,499987.4434086,500528.5789238,541.1355152,0.028809,0
Uranus->Relay B,543961.3727318,544494.4333791,533.0606472,0.032783,0
Uranus->Relay B,587913.4831916,588446.0957934,532.6126018,0.032951,0
Uranus->Relay B,631870.6633066,632410.5756320,539.9123254,0.029317,0
Uranus->Relay B,675860.9322180,676412.8808516,551.9486337,0.022170,0
Uranus->Relay B,719911.2936922,720475.0563124,563.7626202,0.012128,0
Uranus->Relay B,764044.4639984,764614.7834219,570.3194234,0.000249,0
Uranus->Relay B,808274.3243676,808842.9639155,568.6395478,0.012115,0
Uranus->Relay B,852600.5744303,853160.3614691,559.7870388,0.022986,0
Uranus->Relay B,897004.6968929,897554.1839889,549.4870961,0.030443,0
Uranus->Relay B,941451.0186464,941996.3053955,545.2867491,0.032942,0
Uranus->Relay B,985895.0649542,986445.6403641,550.5754099,0.029913,0
Uranus->Relay B,1030295.4569877,1030856.7755674,561.3185797,0.021996,0
Uranus->Relay B,1074622.6115657,1075192.3916718,569.7801061,0.010803,0
Uranus->Relay B,1118861.7474469,1119432.2686545,570.5212076,0.001661,0
Uranus->Relay B,1163011.7713820,1163574.7607199,562.9893379,0.013514,0
Uranus->Relay B,1207082.2139384,1207632.8563372,550.6423988,0.023298,0
Uranus->Relay B,1251089.9450949,1251628.7120134,538.7669184,0.030032,0
Uranus->Relay B,1295056.6956121,1295588.9289330,532.2333210,0.033158,0
Uranus->Relay B,1339007.5335218,1339541.1826006,533.6490788,0.032456,0
Uranus->Relay B,1382969.7424103,1383512.1216377,542.3792274,0.027991,0
Uranus->Relay B,1426971.3358992,1427526.1703774,554.8344781,0.020122,0
Uranus->Relay B,1471038.6790689,1471604.5399235,565.8608546,0.009552,0
Uranus->Relay B,1515192.9315487,1515763.6297086,570.6981599,0.002607,0
Uranus->Relay B,1559445.2357889,1560012.3637296,567.1279407,0.014773,0
Uranus->Relay B,1603791.4066049,1604348.7119414,557.3053365,0.025038,0
Uranus->Relay B,1648208.6938480,1648756.4654115,547.7715635,0.031481,0
Uranus->Relay B,1692658.4683651,1693204.1522712,545.6839061,0.032737,0
Uranus->Relay B,1737095.9346641,1737648.7285408,552.7938766,0.028504,0
Relay B->Uranus,12904.4392704,13473.9413835,569.5021131,0.003000,0
Relay B->Uranus,57111.8205482,57681.5824500,569.7619019,0.009385,0
Relay B->Uranus,101417.1647249,101979.3476039,562.1828790,0.020759,0
Relay B->Uranus,145806.2344164,146357.7658728,551.5314565,0.029147,0
Relay B->Uranus,190246.7613040,190792.1712800,545.4099760,0.032860,0
Relay B->Uranus,234695.2359244,235243.8895043,548.6535800,0.031067,0
Relay B->Uranus,279108.6196526,279667.4333798,558.8137271,0.024141,0
Relay B->Uranus,323454.2016240,324022.6239825,568.4223585,0.013517,0
Relay B->Uranus,367713.8334368,368284.9687859,571.1353490,0.001173,0
Relay B->Uranus,411883.5487515,412448.8321370,565.2833855,0.010971,0
Relay B->Uranus,455970.7707812,456524.3615278,553.5907466,0.021325,0
Relay B->Uranus,499990.9587971,500532.0929867,541.1341896,0.028811,0
Relay B->Uranus,543964.9032038,544497.9632970,533.0600932,0.032783,0
Relay B->Uranus,587917.0154291,588449.6285239,532.6130948,0.032951,0
Relay B->Uranus,631874.1839999,632414.0976247,539.9136248,0.029316,0
Relay B->Uranus,675864.4294914,676416.3795878,551.9500964,0.022169,0
Relay B->Uranus,719914.7584189,720478.5219001,563.7634811,0.012127,0
Relay B->Uranus,764047.8909808,764618.2101077,570.3191268,0.000208,0
Relay B->Uranus,808277.7132517,808846.3513025,568.6380508,0.012116,0
Relay B->Uranus,852603.9301213,853163.7151042,559.7849829,0.022987,0
Relay B->Uranus,897008.0292722,897557.5149022,549.4856300,0.030443,0
Relay B->Uranus,941454.3415073,941999.6283270,545.2868197,0.032942,0
Relay B->Uranus,985898.3940843,986448.9710513,550.5769670,0.029912,0
Relay B->Uranus,1030298.8074547,1030860.1280705,561.3206158,0.021995,0
Relay B->Uranus,1074625.9949120,1075195.7763978,569.7814858,0.010800,0
Relay B->Uranus,1118865.1698107,1119435.6911629,570.5213523,0.001670,0
Relay B->Uranus,1163015.2329406,1163578.2213076,562.9883671,0.013516,0
Relay B->Uranus,1207085.7094315,1207636.3503562,550.6409247,0.023298,0
Relay B->Uranus,1251093.4650077,1251632.2307266,538.7657189,0.030032,0
Relay B->Uranus,1295060.2276727,1295592.4606706,532.2329979,0.033159,0
Relay B->Uranus,1339011.0642830,1339544.7140764,533.6497934,0.032455,0
Relay B->Uranus,1382973.2587663,1383515.6393961,542.3806298,0.027990,0
Relay B->Uranus,1426974.8264850,1427529.6623544,554.8358693,0.020121,0
Relay B->Uranus,1471042.1355497,1471607.9970378,565.8614881,0.009549,0
Relay B->Uranus,1515196.3497568,1515767.0473291,570.6975722,0.002609,0
Relay B->Uranus,1559448.6165460,1560015.7427825,567.1262364,0.014775,0
Relay B->Uranus,1603794.7559942,1604352.0593003,557.3033061,0.025039,0
Relay B->Uranus,1648212.0227586,1648759.7931470,547.7703884,0.031482,0
Relay B->Uranus,1692661.7912410,1693207.4756013,545.6843603,0.032737,0
Relay B->Uranus,1737099.2673882,1737652.0630382,552.7956500,0.028503,0
Neptune->Relay A,16212.5469755,16613.1415917,400.5946162,0.065378,0
Neptune->Relay A,59189.0544192,59551.5128568,362.4584377,0.072902,0
Neptune->Relay A,102164.4262000,102497.0172280,332.5910280,0.077823,0
Neptune->Relay A,145134.2223366,145452.4079083,318.1855717,0.079947,0
Neptune->Relay A,188095.3705293,188418.8740486,323.5035193,0.079184,0
Neptune->Relay A,231047.6665336,231394.6338540,346.9673204,0.075559,0
Neptune->Relay A,273993.2495555,274375.5593692,382.3098137,0.069205,0
Neptune->Relay A,316934.8475281,317357.0294861,422.1819580,0.060363,0
Neptune->Relay A,359874.6896275,360335.1056527,460.4160252,0.049366,0
Neptune->Relay A,402814.2990826,403306.8106838,492.5116012,0.036628,0
Neptune->Relay A,445754.6164309,446270.0564321,515.4400012,0.022621,0
Neptune->Relay A,488696.1465510,489223.5256616,527.3791106,0.007855,0
Neptune->Relay A,531639.0563115,532166.5825278,527.5262163,0.007139,0
Neptune->Relay A,574583.2235974,575099.2140898,515.9904923,0.021833,0
Neptune->Relay A,617528.2471322,618021.9977757,493.7506435,0.035722,0
Neptune->Relay A,660473.4197234,660936.0968367,462.6771133,0.048338,0
Neptune->Relay A,703417.6604625,703843.2925488,425.6320863,0.059266,0
Neptune->Relay A,746359.4054540,746746.0570241,386.6515701,0.068153,0
Neptune->Relay A,789296.5049049,789647.6211368,351.1162319,0.074719,0
Neptune->Relay A,832226.3349801,832551.8303164,325.4953363,0.078761,0
Neptune->Relay A,875146.5520633,875462.3606819,315.8086185,0.080159,0
Neptune->Relay A,918056.5454179,918381.2387618,324.6933439,0.078874,0
Neptune->Relay A,960958.3039945,961307.9477016,349.6437070,0.074953,0
Neptune->Relay A,1003855.5560802,1004240.2596043,384.7035241,0.068523,0
Neptune->Relay A,1046752.2765433,1047175.6975735,423.4210303,0.059788,0
Neptune->Relay A,1089651.8791052,1090112.3086220,460.4295168,0.049027,0
Neptune->Relay A,1132557.0627850,1133048.7774228,491.7146378,0.036588,0
Neptune->Relay A,1175469.8797575,1175984.3135470,514.4337895,0.022873,0
Neptune->Relay A,1218391.8092879,1218918.5283681,526.7190802,0.008336,0
Neptune->Relay A,1261323.7887677,1261851.3525387,527.5637710,0.006537,0
Neptune->Relay A,1304266.2046565,1304782.9942826,516.7896261,0.021230,0
Neptune->Relay A,1347218.8519827,1347713.9339124,495.0819297,0.035233,0
Neptune->Relay A,1390180.8649479,1390644.9568194,464.0918715,0.048044,0
Neptune->Relay A,1433150.6141120,1433577.2344955,426.6203835,0.059194,0
Neptune->Relay A,1476125.5700322,1476512.4582976,386.8882654,0.068267,0
Neptune->Relay A,1519102.1918803,1519452.9707721,350.7788918,0.074916,0
Neptune->Relay A,1562076.1062161,1562401.6306797,325.5244637,0.078883,0
Neptune->Relay A,1605043.1213366,1605360.8649997,317.7436631,0.080010,0
Neptune->Relay A,1648001.0694567,1648330.9115733,329.8421166,0.078246,0
Neptune->Relay A,1690950.7292234,1691308.9933411,358.2641177,0.073654,0
Neptune->Relay A,1733894.6345636,1734290.6099950,395.9754314,0.066405,0
Relay A->Neptune,16217.3556439,16617.9415427,400.5858989,0.065380,0
Relay A->Neptune,59193.8579558,59556.3087009,362.4507451,0.072904,0
Relay A->Neptune,102169.2248636,102501.8108274,332.5859637,0.077824,0
Relay A->Neptune,145139.0166248,145457.2011389,318.1845140,0.079947,0
Relay A->Neptune,188100.1615475,188423.6683487,323.5068011,0.079183,0
Relay A->Neptune,231052.4560794,231399.4300517,346.9739723,0.075557,0
Relay A->Neptune,273998.0397331,274380.3579756,382.3182425,0.069203,0
Relay A->Neptune,316939.6403447,317361.8310069,422.1906621,0.060361,0
Relay A->Neptune,359879.4868203,360339.9106718,460.4238515,0.049364,0
Relay A->Neptune,402819.1020793,403311.6198202,492.5177410,0.036625,0
Relay A->Neptune,445759.4263428,446274.8702716,515.4439287,0.022617,0
Relay A->Neptune,488700.9641684,489228.3447028,527.3805344,0.007853,0
Relay A->Neptune,531643.8820940,532171.4071447,527.5250506,0.007143,0
Relay A->Neptune,574588.0576671,575104.0445098,515.9868426,0.021836,0
Relay A->Neptune,617533.0892686,618026.8340744,493.7448058,0.035725,0
Relay A->Neptune,660478.2693578,660940.9389492,462.6695914,0.048341,0
Relay A->Neptune,703422.5166744,703848.1402982,425.6236238,0.059268,0
Relay A->Neptune,746364.2669677,746750.9101659,386.6431983,0.068155,0
Relay A->Neptune,789301.3701092,789652.4793936,351.1092844,0.074720,0
Relay A->Neptune,832231.2020439,832556.6933295,325.4912856,0.078762,0
Relay A->Neptune,875151.4192423,875467.2277824,315.8085401,0.080159,0
Relay A->Neptune,918061.4114257,918386.1086828,324.6972570,0.078874,0
Relay A->Neptune,960963.1680528,961312.8186153,349.6505625,0.074952,0
Relay A->Neptune,1003860.4176368,1004245.1294938,384.7118571,0.068521,0
Relay A->Neptune,1046757.1350428,1047180.5645481,423.4295053,0.059786,0
Relay A->Neptune,1089656.7339445,1090117.1710466,460.4371021,0.049025,0
Relay A->Neptune,1132561.9133588,1133053.6339470,491.7205882,0.036585,0
Relay A->Neptune,1175474.7255152,1175989.1631147,514.4375994,0.022870,0
Relay A->Neptune,1218396.6497799,1218923.3702267,526.7204468,0.008332,0
Relay A->Neptune,1261328.6236745,1261856.1862515,527.5625770,0.006540,0
Relay A->Neptune,1304271.0338029,1304787.8197414,516.7859385,0.021233,0
Relay A->Neptune,1347223.6753365,1347718.7513481,495.0760117,0.035236,0
Relay A->Neptune,1390185.6826042,1390649.7668151,464.0842109,0.048047,0
Relay A->Neptune,1433155.4262575,1433582.0379974,426.6117399,0.059196,0
Relay A->Neptune,1476130.3768946,1476517.2566286,386.8797340,0.068268,0
Relay A->Neptune,1519106.9936920,1519457.7656173,350.7719252,0.074917,0
Relay A->Neptune,1562080.9032823,1562406.4239517,325.5206695,0.078884,0
Relay A->Neptune,1605047.9143261,1605365.6584715,317.7441454,0.080010,0
Relay A->Neptune,1648005.8597344,1648335.7064625,329.8467281,0.078246,0
Relay A->Neptune,1690955.5187486,1691313.7903208,358.2715721,0.073653,0
Relay A->Neptune,1733899.4254414,1734295.4095510,395.9841096,0.066403,0
Neptune->Relay B,5468.7480110,5879.3303598,410.5823488,0.063123,0
Neptune->Relay B,48444.8584913,48816.3664778,371.5079865,0.071256,0
Neptune->Relay B,91420.9400276,91759.8103219,338.8702943,0.076850,0
Neptune->Relay B,134392.5067121,134712.5231737,320.0164616,0.079685,0
Neptune->Relay B,177355.9577383,177676.2634641,320.3057258,0.079646,0
Neptune->Relay B,220310.3286358,220650.0260712,339.6974354,0.076728,0
Neptune->Relay B,263257.3297938,263630.1030985,372.7733047,0.071038,0
Neptune->Relay B,306199.6872772,306611.8426207,412.1553435,0.062790,0
Neptune->Relay B,349139.7991782,349591.0837659,451.2845876,0.052296,0
Neptune->Relay B,392079.3586682,392564.6099254,485.2512572,0.039951,0
Neptune->Relay B,435019.4367806,435530.1223012,510.6855206,0.026214,0
Neptune->Relay B,477960.6360322,478486.1206750,525.4846427,0.011589,0
Neptune->Relay B,520903.2014886,521431.8054286,528.6039400,0.003403,0
Neptune->Relay B,563847.0809389,564367.0119282,519.9309893,0.018216,0
Neptune->Relay B,606791.9439417,607292.1716419,500.2277002,0.032351,0
Neptune->Relay B,649737.1644243,650208.2999612,471.1355369,0.045327,0
Neptune->Relay B,692681.7637137,693117.0182816,435.2545679,0.056713,0
Neptune->Relay B,735624.3103441,736020.6176904,396.3073463,0.066139,0
Neptune->Relay B,778562.8048745,778922.1386381,359.3337636,0.073307,0
Neptune->Relay B,821494.7044023,821825.3133692,330.6089668,0.077995,0
Neptune->Relay B,864417.4759902,864733.9822441,316.5062540,0.080061,0
Neptune->Relay B,907329.9386357,907650.7237622,320.7851264,0.079446,0
Neptune->Relay B,950233.4467345,950575.6441046,342.1973701,0.076175,0
Neptune->Relay B,993131.4416786,993506.7979423,375.3562636,0.070356,0
Neptune->Relay B,1036027.9471878,1036441.6632160,413.7160282,0.062174,0
Neptune->Relay B,1078926.5488993,1079378.1278600,451.5789607,0.051890,0
Neptune->Relay B,1121830.1211857,1122314.7244722,484.6032865,0.039834,0
Neptune->Relay B,1164740.8696550,1165250.5441436,509.6744885,0.026397,0
Neptune->Relay B,1207660.4121157,1208185.1072603,524.6951447,0.012021,0
Neptune->Relay B,1250589.8208841,1251118.2700492,528.4491651,0.002814,0
Neptune->Relay B,1293529.6228267,1294050.1732427,520.5504160,0.017601,0
Neptune->Relay B,1336479.7661737,1336981.2276603,501.4614866,0.031825,0
Neptune->Relay B,1379439.5585483,1379912.1369072,472.5783589,0.044979,0
Neptune->Relay B,1422407.5731093,1422843.9653252,436.3922160,0.056586,0
Neptune->Relay B,1465381.5190450,1465778.2597247,396.7406797,0.066214,0
Neptune->Relay B,1508358.1106483,1508717.1944064,359.0837581,0.073497,0
Neptune->Relay B,1551333.1301788,1551663.5461415,330.4159627,0.078154,0
Neptune->Relay B,1594302.1840943,1594619.9989341,317.8148398,0.079999,0
Neptune->Relay B,1637262.4348131,1637587.4929918,325.0581787,0.078957,0
Neptune->Relay B,1680213.9643842,1680563.9555460,349.9911618,0.075059,0
Neptune->Relay B,1723159.0454108,1723545.1303047,386.0848939,0.068453,0
Relay B->Neptune,5473.5579985,5884.1315964,410.5735979,0.063125,0
Relay B->Neptune,48449.6632892,48821.1631831,371.4998939,0.071257,0
Relay B->Neptune,91425.7398781,91764.6042999,338.8644218,0.076850,0
Relay B->Neptune,134397.3020200,134717.3163375,320.0143175,0.079685,0
Relay B->Neptune,177360.7494284,177681.0573977,320.3079693,0.079645,0
Relay B->Neptune,220315.1183559,220654.8217410,339.7033851,0.076727,0
Relay B->Neptune,263262.1196169,263634.9010583,372.7814415,0.071036,0
Relay B->Neptune,306204.4792596,306616.6433610,412.1641014,0.062788,0
Relay B->Neptune,349144.5951310,349595.8878525,451.2927215,0.052294,0
Relay B->Neptune,392084.1600972,392569.4179751,485.2578778,0.039948,0
Relay B->Neptune,435024.2448770,435534.9349140,510.6900370,0.026211,0
Relay B->Neptune,477965.4516672,478490.9383754,525.4867082,0.011585,0
Relay B->Neptune,520908.0252050,521436.6286243,528.6034193,0.003404,0
Relay B->Neptune,563851.9129442,564371.8408843,519.9279401,0.018219,0
Relay B->Neptune,606796.7841011,607297.0064720,500.2223709,0.032354,0
Relay B->Neptune,649742.0122565,650213.1406332,471.1283767,0.045330,0
Relay B->Neptune,692686.6183869,693121.8646430,435.2462561,0.056715,0
Relay B->Neptune,735629.1706709,736025.4695092,396.2988384,0.066141,0
Relay B->Neptune,778567.6693226,778926.9956442,359.3263216,0.073309,0
Relay B->Neptune,821499.5711755,821830.1752380,330.6040626,0.077996,0
Relay B->Neptune,864422.3432835,864738.8484153,316.5051317,0.080061,0
Relay B->Neptune,907334.8050255,907655.5931329,320.7881074,0.079446,0
Relay B->Neptune,950238.3113352,950580.5149590,342.2036238,0.076174,0
Relay B->Neptune,993136.3039106,993511.6682733,375.3643627,0.070354,0
Relay B->Neptune,1036032.8065065,1036446.5310835,413.7245770,0.062172,0
Relay B->Neptune,1078931.4047114,1079382.9915601,451.5868487,0.051887,0
Relay B->Neptune,1121834.9728805,1122319.5825824,484.6097019,0.039831,0
Relay B->Neptune,1164745.7166632,1165255.3955332,509.6788700,0.026394,0
Relay B->Neptune,1207665.2539595,1208189.9511000,524.6971405,0.012019,0
Relay B->Neptune,1250594.6572095,1251123.1058217,528.4486122,0.002817,0
Relay B->Neptune,1293534.4534217,1294055.0007566,520.5473349,0.017604,0
Relay B->Neptune,1336484.5909714,1336986.0470611,501.4560897,0.031828,0
Relay B->Neptune,1379444.3776144,1379916.9486886,472.5710742,0.044982,0
Relay B->Neptune,1422412.3866116,1422848.7703413,436.3837297,0.056589,0
Relay B->Neptune,1465386.3272065,1465783.0592037,396.7319973,0.066215,0
Relay B->Neptune,1508362.9137000,1508721.9899484,359.0762484,0.073498,0
Relay B->Neptune,1551337.9283899,1551668.3396267,330.4112368,0.078154,0
Relay B->Neptune,1594306.9780053,1594624.7922157,317.8142104,0.080000,0
Relay B->Neptune,1637267.2256013,1637592.2874478,325.0618465,0.078956,0
Relay B->Neptune,1680218.7538983,1680568.7519563,349.9980581,0.075058,0
Relay B->Neptune,1723163.8357598,1723549.9291700,386.0934103,0.068451,0
