t,actor,what,kind,link,pid,n,flight,d,p_loss,arrival,failed,attempt,seq,label
-72.0,Jupiter,enqueue,SYN,,5368,,,,,,,1,,SYN Jupiter-Ceres
-71.99972222222222,Jupiter,launch,SYN,Jupiter->Relay B,5368,1,0.3453354902818262,2.4912984750402623,0.04860501816209628,-71.65438673194039,False,,,SYN Jupiter-Ceres
-71.65438673194039,Relay B,arrive,SYN,Jupiter->Relay B,5368,,,,,,,,,
-71.65410895416261,Relay B,launch,RCPT,Relay B->Jupiter,5368,1,0.34533434057171064,2.491290180870821,0.04860486034145939,-71.3087746135909,False,,,receipt SYN Jupiter-Ceres
-71.65383117638483,Relay B,launch,SYN,Relay B->Ceres,5368,1,0.3419720934917194,2.467034460682894,0.048143212888684284,-71.31185908289311,False,,,SYN Jupiter-Ceres
-71.31185908289311,Ceres,arrive,SYN,Relay B->Ceres,5368,,,,,,,,,
-71.31185908289311,Ceres,enqueue,SYNACK,,5369,,,,,,,1,,SYN-ACK Ceres-Jupiter
-71.31158130511533,Ceres,launch,RCPT,Ceres->Relay B,5368,1,0.34200723200284244,2.467287954812277,0.04814803867860218,-70.96957407311248,False,,,receipt SYN Jupiter-Ceres
-71.31130352733754,Ceres,launch,SYNACK,Ceres->Relay B,5369,1,0.34200723040616765,2.4672879432935537,0.04814803845931981,-70.96929629693138,False,,,SYN-ACK Ceres-Jupiter
-71.3087746135909,Jupiter,receipt,,Relay B->Jupiter,5368,,,,,,,,,
-70.96957407311248,Relay B,receipt,,Ceres->Relay B,5368,,,,,,,,,
-70.96929629693138,Relay B,arrive,SYNACK,Ceres->Relay B,5369,,,,,,,,,
-70.9690185191536,Relay B,launch,RCPT,Relay B->Ceres,5369,1,0.3419681574473259,2.4670060655087185,0.04814267232574565,-70.62705036170627,False,,,receipt SYN-ACK Ceres-Jupiter
-70.96874074137581,Relay B,launch,SYNACK,Relay B->Jupiter,5369,1,0.34533952349113406,2.4913275711756997,0.04860557180028002,-70.62340121788468,False,,,SYN-ACK Ceres-Jupiter
-70.62705036170627,Ceres,receipt,,Relay B->Ceres,5369,,,,,,,,,
-70.62340121788468,Jupiter,arrive,SYNACK,Relay B->Jupiter,5369,,,,,,,,,
-70.62340121788468,Jupiter,enqueue,ACK,,5370,,,,,,,1,,ACK Jupiter-Ceres
-70.6231234401069,Jupiter,launch,RCPT,Jupiter->Relay B,5369,1,0.3453459081211747,2.4913736307888183,0.04860644821706206,-70.27777753198572,False,,,receipt SYN-ACK Ceres-Jupiter
-70.62284566232911,Jupiter,launch,ACK,Jupiter->Relay B,5370,1,0.34534591022467964,2.491373645963785,0.04860644850580942,-70.27749975210443,False,,,ACK Jupiter-Ceres
-70.27777753198572,Relay B,receipt,,Jupiter->Relay B,5369,,,,,,,,,
-70.27749975210443,Relay B,arrive,ACK,Jupiter->Relay B,5370,,,,,,,,,
-70.27722197432665,Relay B,launch,RCPT,Relay B->Jupiter,5370,1,0.3453447562425964,2.491365320975809,0.04860629009899864,-69.93187721808405,False,,,receipt ACK Jupiter-Ceres
-70.27694419654887,Relay B,launch,ACK,Relay B->Ceres,5370,1,0.34196417921907596,2.4669773660142846,0.048142125969107274,-69.93498001732979,False,,,ACK Jupiter-Ceres
-69.93498001732979,Ceres,arrive,ACK,Relay B->Ceres,5370,,,,,,,,,
-69.93470223955201,Ceres,launch,RCPT,Ceres->Relay B,5370,1,0.3419993167113091,2.4672308527932696,0.048146951624605694,-69.5927029228407,False,,,receipt ACK Jupiter-Ceres
-69.93187721808405,Jupiter,receipt,,Relay B->Jupiter,5370,,,,,,,,,
-69.5927029228407,Relay B,receipt,,Ceres->Relay B,5370,,,,,,,,,
0.0002777777777777778,Jupiter,enqueue,DATA,,5371,,,,,,,1,,LOCK JUP-1
0.0005555555555555556,Jupiter,launch,DATA,Jupiter->Relay B,5371,1,0.34589808165864444,2.4953570878343982,0.048682241904752455,0.34645363721419997,False,,,LOCK JUP-1
0.34645363721419997,Relay B,arrive,DATA,Jupiter->Relay B,5371,,,,,,,,,
0.34673141499197774,Relay B,launch,RCPT,Relay B->Jupiter,5371,1,0.34589670864436567,2.4953471827175595,0.048682053446462814,0.6926281236363434,False,,,receipt LOCK JUP-1
0.3470091927697555,Relay B,launch,DATA,Relay B->Ceres,5371,1,0.341555854164019,2.464031652018431,0.04808604629594482,0.6885650469337745,False,,,LOCK JUP-1
0.6885650469337745,Ceres,arrive,DATA,Relay B->Ceres,5371,,,,,,,,,
0.6885650469337745,Ceres,deliver,,,,,,,,,,,0,LOCK JUP-1
0.6885650469337745,Ceres,enqueue,DATA,,5372,,,,,,,1,,COMMIT JUP-1
0.6885650469337745,Ceres,enqueue,DACK,,5373,,,,,,,1,,DACK LOCK JUP-1
0.6888428247115523,Ceres,launch,RCPT,Ceres->Relay B,5371,1,0.3415909391098573,2.4642847597203583,0.04809086501881332,1.0304337638214096,False,,,receipt LOCK JUP-1
0.6891206024893302,Ceres,launch,DATA,Ceres->Relay B,5372,1,0.3415909374944295,2.4642847480664365,0.0480908647969438,1.0307115399837596,False,,,COMMIT JUP-1
0.689398380267108,Ceres,launch,DACK,Ceres->Relay B,5373,1,0.34159093587900147,2.4642847364125116,0.04809086457507428,1.0309893161461094,False,,,DACK LOCK JUP-1
0.6926281236363434,Jupiter,receipt,,Relay B->Jupiter,5371,,,,,,,,,
1.0304337638214096,Relay B,receipt,,Ceres->Relay B,5371,,,,,,,,,
1.0307115399837596,Relay B,arrive,DATA,Ceres->Relay B,5372,,,,,,,,,
1.0309893161461094,Relay B,arrive,DACK,Ceres->Relay B,5373,,,,,,,,,
1.0309893177615375,Relay B,launch,RCPT,Relay B->Ceres,5372,1,0.34155187676522925,2.464002958507865,0.04808550002072631,1.3725411945267667,False,,,receipt COMMIT JUP-1
1.0312670955393153,Relay B,launch,DATA,Relay B->Jupiter,5372,1,0.3459022282786832,2.4953870021306956,0.04868281106460792,1.3771693238179985,False,,,COMMIT JUP-1
1.0312670955393153,Relay B,launch,RCPT,Relay B->Ceres,5373,1,0.3415518751498403,2.4640029468542233,0.0480854997988609,1.3728189706891556,False,,,receipt DACK LOCK JUP-1
1.031544873317093,Relay B,launch,DACK,Relay B->Jupiter,5373,1,0.3459022305191568,2.495387018293784,0.04868281137213237,1.37744710383625,False,,,DACK LOCK JUP-1
1.3725411945267667,Ceres,receipt,,Relay B->Ceres,5372,,,,,,,,,
1.3728189706891556,Ceres,receipt,,Relay B->Ceres,5373,,,,,,,,,
1.3771693238179985,Jupiter,arrive,DATA,Relay B->Jupiter,5372,,,,,,,,,
1.3771693238179985,Jupiter,deliver,,,,,,,,,,,0,COMMIT JUP-1
1.3771693238179985,Jupiter,enqueue,DACK,,5374,,,,,,,1,,DACK COMMIT JUP-1
1.3774471015957763,Jupiter,launch,RCPT,Jupiter->Relay B,5372,1,0.34590919165226897,2.495437236880624,0.048683766847749554,1.7233562932480453,False,,,receipt COMMIT JUP-1
1.37744710383625,Jupiter,arrive,DACK,Relay B->Jupiter,5373,,,,,,,,,
1.37744710383625,Jupiter,data acknowledged,,,,,,,,,,,0,LOCK JUP-1
1.3777248793735541,Jupiter,launch,DACK,Jupiter->Relay B,5374,1,0.3459091938949568,2.495437253059689,0.04868376715557765,1.723634073268511,False,,,DACK COMMIT JUP-1
1.378002657151332,Jupiter,launch,RCPT,Jupiter->Relay B,5373,1,0.3459091961376455,2.4954372692387583,0.04868376746340597,1.7239118532889774,False,,,receipt DACK LOCK JUP-1
1.7233562932480453,Relay B,receipt,,Jupiter->Relay B,5372,,,,,,,,,
1.723634073268511,Relay B,arrive,DACK,Jupiter->Relay B,5374,,,,,,,,,
1.7239118510462887,Relay B,launch,RCPT,Relay B->Jupiter,5374,1,0.3459078166112435,2.495427317142551,0.048683578111573644,2.0698196676575322,False,,,receipt DACK COMMIT JUP-1
1.7239118532889774,Relay B,receipt,,Jupiter->Relay B,5373,,,,,,,,,
1.7241896288240666,Relay B,launch,DACK,Relay B->Ceres,5374,1,0.3415478453032783,2.4639738749781013,0.04808494631989135,2.065737474127345,False,,,DACK COMMIT JUP-1
2.065737474127345,Ceres,arrive,DACK,Relay B->Ceres,5374,,,,,,,,,
2.065737474127345,Ceres,data acknowledged,,,,,,,,,,,0,COMMIT JUP-1
2.0660152519051227,Ceres,launch,RCPT,Ceres->Relay B,5374,1,0.34158292921889855,2.4642269752478905,0.04808976490683359,2.4075981811240212,False,,,receipt DACK COMMIT JUP-1
2.0698196676575322,Jupiter,receipt,,Relay B->Jupiter,5374,,,,,,,,,
2.4075981811240212,Relay B,receipt,,Ceres->Relay B,5374,,,,,,,,,
24.00027777777778,Ceres,enqueue,DATA,,5375,,,,,,,1,,PRINT h24
24.000555555555557,Ceres,launch,DATA,Ceres->Relay B,5375,1,0.3414551143944706,2.463304901246965,0.04807221011138596,24.342010669950028,False,,,PRINT h24
24.342010669950028,Relay B,arrive,DATA,Ceres->Relay B,5375,,,,,,,,,
24.342288447727807,Relay B,launch,RCPT,Relay B->Ceres,5375,1,0.3414160577927774,2.463023141464803,0.04806684579693732,24.683704505520584,False,,,receipt PRINT h24
24.342566225505585,Relay B,launch,DATA,Relay B->Jupiter,5375,1,0.3460921362426852,2.496757024715781,0.0487088772281824,24.68865836174827,False,,,PRINT h24
24.683704505520584,Ceres,receipt,,Relay B->Ceres,5375,,,,,,,,,
24.68865836174827,Jupiter,arrive,DATA,Relay B->Jupiter,5375,,,,,,,,,
24.68865836174827,Jupiter,deliver,,,,,,,,,,,1,PRINT h24
24.68865836174827,Jupiter,enqueue,DACK,,5376,,,,,,,1,,DACK PRINT h24
24.68893613952605,Jupiter,launch,RCPT,Jupiter->Relay B,5375,1,0.34609928700308856,2.4968086113003922,0.048709858704875986,25.035035426529138,False,,,receipt PRINT h24
24.689213917303828,Jupiter,launch,DACK,Jupiter->Relay B,5376,1,0.3460992892907129,2.496808627803623,0.048709859018863155,25.03531320659454,False,,,DACK PRINT h24
25.035035426529138,Relay B,receipt,,Jupiter->Relay B,5375,,,,,,,,,
25.03531320659454,Relay B,arrive,DACK,Jupiter->Relay B,5376,,,,,,,,,
25.03559098437232,Relay B,launch,RCPT,Relay B->Jupiter,5376,1,0.3460978397481185,2.4967981706008193,0.04870966006216382,25.381688824120438,False,,,receipt DACK PRINT h24
25.0358687621501,Relay B,launch,DACK,Relay B->Ceres,5376,1,0.3414120089801713,2.462993932764988,0.048066289702179965,25.37728077113027,False,,,DACK PRINT h24
25.37728077113027,Ceres,arrive,DACK,Relay B->Ceres,5376,,,,,,,,,
25.37728077113027,Ceres,data acknowledged,,,,,,,,,,,1,PRINT h24
25.37755854890805,Ceres,launch,RCPT,Ceres->Relay B,5376,1,0.3414470754249841,2.4632469069979384,0.04807110598399966,25.719005624333033,False,,,receipt DACK PRINT h24
25.381688824120438,Jupiter,receipt,,Relay B->Jupiter,5376,,,,,,,,,
25.719005624333033,Relay B,receipt,,Ceres->Relay B,5376,,,,,,,,,
48.000277777777775,Ceres,enqueue,DATA,,5377,,,,,,,1,,PRINT h48
48.00055555555555,Ceres,launch,DATA,Ceres->Relay B,5377,1,0.3413147477380605,2.46229227657648,0.0480529310048704,48.34187030329361,False,,,PRINT h48
48.34187030329361,Relay B,arrive,DATA,Ceres->Relay B,5377,,,,,,,,,
48.342148081071386,Relay B,launch,RCPT,Relay B->Ceres,5377,1,0.34127569547174375,2.462010548070308,0.04804756717724501,48.68342377654313,False,,,receipt PRINT h48
48.34242585884916,Relay B,launch,DATA,Relay B->Jupiter,5377,1,0.3462915904303472,2.498195915092073,0.0487362529071067,48.68871744927951,False,,,PRINT h48
48.68342377654313,Ceres,receipt,,Relay B->Ceres,5377,,,,,,,,,
48.68871744927951,Jupiter,arrive,DATA,Relay B->Jupiter,5377,,,,,,,,,
48.68871744927951,Jupiter,deliver,,,,,,,,,,,2,PRINT h48
48.68871744927951,Jupiter,enqueue,DACK,,5378,,,,,,,1,,DACK PRINT h48
48.68899522705728,Jupiter,launch,RCPT,Jupiter->Relay B,5377,1,0.34629893411506885,2.498248893459676,0.0487372608345823,49.03529416117235,False,,,receipt PRINT h48
48.68927300483506,Jupiter,launch,DACK,Jupiter->Relay B,5378,1,0.346298936448882,2.498248910296148,0.0487372611549004,49.03557194128394,False,,,DACK PRINT h48
49.03529416117235,Relay B,receipt,,Jupiter->Relay B,5377,,,,,,,,,
49.03557194128394,Relay B,arrive,DACK,Jupiter->Relay B,5378,,,,,,,,,
49.035849719061716,Relay B,launch,RCPT,Relay B->Jupiter,5378,1,0.3462974125335663,2.498237916558145,0.048737051996211034,49.38214713159528,False,,,receipt DACK PRINT h48
49.03612749683949,Relay B,launch,DACK,Relay B->Ceres,5378,1,0.34127162873644323,2.4619812100736524,0.04804700860953526,49.377399125575934,False,,,DACK PRINT h48
49.377399125575934,Ceres,arrive,DACK,Relay B->Ceres,5378,,,,,,,,,
49.377399125575934,Ceres,data acknowledged,,,,,,,,,,,2,PRINT h48
49.37767690335371,Ceres,launch,RCPT,Ceres->Relay B,5378,1,0.34130667713093743,2.4622340540890857,0.048051822509700526,49.71898358048465,False,,,receipt DACK PRINT h48
49.38214713159528,Jupiter,receipt,,Relay B->Jupiter,5378,,,,,,,,,
49.71898358048465,Relay B,receipt,,Ceres->Relay B,5378,,,,,,,,,
72.00027777777778,Ceres,enqueue,DATA,,5379,,,,,,,1,,PRINT h72
72.00055555555556,Ceres,launch,DATA,Ceres->Relay B,5379,1,0.34117384182079036,2.4612757616027476,0.048033577439142494,72.34172939737635,False,,,PRINT h72
72.34172939737635,Relay B,arrive,DATA,Ceres->Relay B,5379,,,,,,,,,
72.34200717515414,Relay B,launch,RCPT,Relay B->Ceres,5379,1,0.341134793977119,2.460994065002188,0.04802821410993252,72.68314196913126,False,,,receipt PRINT h72
72.34228495293192,Relay B,launch,DATA,Relay B->Jupiter,5379,1,0.34649503266398085,2.499663575789251,0.048764175145586064,72.6887799855959,False,,,PRINT h72
72.68314196913126,Ceres,receipt,,Relay B->Ceres,5379,,,,,,,,,
72.6887799855959,Jupiter,arrive,DATA,Relay B->Jupiter,5379,,,,,,,,,
72.6887799855959,Jupiter,deliver,,,,,,,,,,,3,PRINT h72
72.6887799855959,Jupiter,enqueue,DACK,,5380,,,,,,,1,,DACK PRINT h72
72.68905776337368,Jupiter,launch,RCPT,Jupiter->Relay B,5379,1,0.3465025692746053,2.499717945951227,0.04876520952194119,73.03556033264829,False,,,receipt PRINT h72
72.68933554115146,Jupiter,launch,DACK,Jupiter->Relay B,5380,1,0.3465025716545398,2.499717963120428,0.048765209848580016,73.035838112806,False,,,DACK PRINT h72
73.03556033264829,Relay B,receipt,,Jupiter->Relay B,5379,,,,,,,,,
73.035838112806,Relay B,arrive,DACK,Jupiter->Relay B,5380,,,,,,,,,
73.03611589058379,Relay B,launch,RCPT,Relay B->Jupiter,5380,1,0.3465009733876627,2.4997064329998677,0.0487649904915185,73.38261686397145,False,,,receipt DACK PRINT h72
73.03639366836157,Relay B,launch,DACK,Relay B->Ceres,5380,1,0.3411307092583371,2.460964597270175,0.04802765306077783,73.3775243776199,False,,,DACK PRINT h72
73.3775243776199,Ceres,arrive,DACK,Relay B->Ceres,5380,,,,,,,,,
73.3775243776199,Ceres,data acknowledged,,,,,,,,,,,3,PRINT h72
73.37780215539769,Ceres,launch,RCPT,Ceres->Relay B,5380,1,0.34116573953818374,2.4612173106040847,0.04803246457073018,73.71896789493587,False,,,receipt DACK PRINT h72
73.38261686397145,Jupiter,receipt,,Relay B->Jupiter,5380,,,,,,,,,
73.71896789493587,Relay B,receipt,,Ceres->Relay B,5380,,,,,,,,,
96.00027777777778,Ceres,enqueue,DATA,,5381,,,,,,,1,,PRINT h96
96.00055555555556,Ceres,launch,DATA,Ceres->Relay B,5381,1,0.34103239678469777,2.460255357350562,0.04801414942918858,96.34158795234026,False,,,PRINT h96
96.34158795234026,Relay B,arrive,DATA,Ceres->Relay B,5381,,,,,,,,,
96.34186573011804,Relay B,launch,RCPT,Relay B->Ceres,5381,1,0.3409933534510259,2.459973693285766,0.04800878660999741,96.68285908356907,False,,,receipt PRINT h96
96.34214350789583,Relay B,launch,DATA,Relay B->Jupiter,5381,1,0.34670245670230315,2.5011599617816382,0.048792643038869765,96.68884596459813,False,,,PRINT h96
96.68285908356907,Ceres,receipt,,Relay B->Ceres,5381,,,,,,,,,
96.68884596459813,Jupiter,arrive,DATA,Relay B->Jupiter,5381,,,,,,,,,
96.68884596459813,Jupiter,deliver,,,,,,,,,,,4,PRINT h96
96.68884596459813,Jupiter,enqueue,DACK,,5382,,,,,,,1,,DACK PRINT h96
96.68912374237591,Jupiter,launch,RCPT,Jupiter->Relay B,5381,1,0.34671018623939176,2.501215723742126,0.04879370386201931,97.0358339286153,False,,,receipt PRINT h96
96.6894015201537,Jupiter,launch,DACK,Jupiter->Relay B,5382,1,0.3467101886653694,2.5012157412435267,0.0487937041949682,97.03611170881906,False,,,DACK PRINT h96
97.0358339286153,Relay B,receipt,,Jupiter->Relay B,5381,,,,,,,,,
97.03611170881906,Relay B,arrive,DACK,Jupiter->Relay B,5382,,,,,,,,,
97.03638948659685,Relay B,launch,RCPT,Relay B->Jupiter,5382,1,0.346708516068432,2.501203674895536,0.04879347464321693,97.38309800266528,False,,,receipt DACK PRINT h96
97.03666726437463,Relay B,launch,DACK,Relay B->Ceres,5382,1,0.3409892506875991,2.4599440953771863,0.04800822307085262,97.37765651506223,False,,,DACK PRINT h96
97.37765651506223,Ceres,arrive,DACK,Relay B->Ceres,5382,,,,,,,,,
97.37765651506223,Ceres,data acknowledged,,,,,,,,,,,4,PRINT h96
97.37793429284001,Ceres,launch,RCPT,Ceres->Relay B,5382,1,0.34102426278857934,2.460196677566107,0.04801303218204267,97.71895855562859,False,,,receipt DACK PRINT h96
97.38309800266528,Jupiter,receipt,,Relay B->Jupiter,5382,,,,,,,,,
97.71895855562859,Relay B,receipt,,Ceres->Relay B,5382,,,,,,,,,
120.00027777777778,Ceres,enqueue,DATA,,5383,,,,,,,1,,PRINT h120
120.00055555555556,Ceres,launch,DATA,Ceres->Relay B,5383,1,0.3408904127747405,2.459231064865608,0.04799464699037681,120.3414459683303,False,,,PRINT h120
120.3414459683303,Relay B,arrive,DATA,Ceres->Relay B,5383,,,,,,,,,
120.34172374610809,Relay B,launch,RCPT,Relay B->Ceres,5383,1,0.3408513740384933,2.4589494339672697,0.047989284692819156,120.68257512014658,False,,,receipt PRINT h120
120.34200152388587,Relay B,launch,DATA,Relay B->Jupiter,5383,1,0.3469138561589631,2.5026850269974155,0.04882165566146801,120.68891538004483,False,,,PRINT h120
120.68257512014658,Ceres,receipt,,Relay B->Ceres,5383,,,,,,,,,
120.68891538004483,Jupiter,arrive,DATA,Relay B->Jupiter,5383,,,,,,,,,
120.68891538004483,Jupiter,deliver,,,,,,,,,,,5,PRINT h120
120.68891538004483,Jupiter,enqueue,DACK,,5384,,,,,,,1,,DACK PRINT h120
120.68919315782261,Jupiter,launch,RCPT,Jupiter->Relay B,5383,1,0.3469217786220895,2.502742180753309,0.04882274292914468,121.0361149364447,False,,,receipt PRINT h120
120.6894709356004,Jupiter,launch,DACK,Jupiter->Relay B,5384,1,0.34692178109405347,2.5027421985863714,0.048822743268392754,121.03639271669445,False,,,DACK PRINT h120
121.0361149364447,Relay B,receipt,,Jupiter->Relay B,5383,,,,,,,,,
121.03639271669445,Relay B,arrive,DACK,Jupiter->Relay B,5384,,,,,,,,,
121.03667049447223,Relay B,launch,RCPT,Relay B->Jupiter,5384,1,0.34692003418889783,2.502729596168568,0.04882250352569861,121.38359052866113,False,,,receipt DACK PRINT h120
121.03694827225002,Relay B,launch,DACK,Relay B->Ceres,5384,1,0.34084725316890285,2.4589197054382566,0.04798871865508736,121.37779552541892,False,,,DACK PRINT h120
121.37779552541892,Ceres,arrive,DACK,Relay B->Ceres,5384,,,,,,,,,
121.37779552541892,Ceres,data acknowledged,,,,,,,,,,,5,PRINT h120
121.3780733031967,Ceres,launch,RCPT,Ceres->Relay B,5384,1,0.34088224702682624,2.459172156019254,0.04799352535897472,121.71895555022353,False,,,receipt DACK PRINT h120
121.38359052866113,Jupiter,receipt,,Relay B->Jupiter,5384,,,,,,,,,
121.71895555022353,Relay B,receipt,,Ceres->Relay B,5384,,,,,,,,,
144.00027777777777,Ceres,enqueue,DATA,,5385,,,,,,,1,,PRINT h144
144.00055555555554,Ceres,launch,DATA,Ceres->Relay B,5385,1,0.3407478899387968,2.458202885214764,0.04797507013846314,144.34130344549433,False,,,PRINT h144
144.34130344549433,Relay B,arrive,DATA,Ceres->Relay B,5385,,,,,,,,,
144.3415812232721,Relay B,launch,RCPT,Relay B->Ceres,5385,1,0.34070885588747046,2.4579212881140964,0.047969708374164255,144.68229007915957,False,,,receipt PRINT h144
144.34185900104987,Relay B,launch,DATA,Relay B->Jupiter,5385,1,0.3471292245037887,2.5042387243268664,0.04885121206731713,144.68898822555366,False,,,PRINT h144
144.68229007915957,Ceres,receipt,,Relay B->Ceres,5385,,,,,,,,,
144.68898822555366,Jupiter,arrive,DATA,Relay B->Jupiter,5385,,,,,,,,,
144.68898822555366,Jupiter,deliver,,,,,,,,,,,6,PRINT h144
144.68898822555366,Jupiter,enqueue,DACK,,5386,,,,,,,1,,DACK PRINT h144
144.68926600333143,Jupiter,launch,RCPT,Jupiter->Relay B,5385,1,0.3471373398915034,2.5042972698678034,0.048852325777071104,145.03640334322293,False,,,receipt PRINT h144
144.6895437811092,Jupiter,launch,DACK,Jupiter->Relay B,5386,1,0.34713734240935423,2.5042972880319763,0.04885232612260737,145.03668112351855,False,,,DACK PRINT h144
145.03640334322293,Relay B,receipt,,Jupiter->Relay B,5385,,,,,,,,,
145.03668112351855,Relay B,arrive,DACK,Jupiter->Relay B,5386,,,,,,,,,
145.03695890129632,Relay B,launch,RCPT,Relay B->Jupiter,5386,1,0.3471355212182061,2.504284149704462,0.048852076192781424,145.38409442251452,False,,,receipt DACK PRINT h144
145.03723667907408,Relay B,launch,DACK,Relay B->Ceres,5386,1,0.34070471684981385,2.4578914285181566,0.047969139829197927,145.3779413959239,False,,,DACK PRINT h144
145.3779413959239,Ceres,arrive,DACK,Relay B->Ceres,5386,,,,,,,,,
145.3779413959239,Ceres,data acknowledged,,,,,,,,,,,6,PRINT h144
145.37821917370167,Ceres,launch,RCPT,Ceres->Relay B,5386,1,0.34073969240060364,2.458143747028849,0.0479739441172512,145.71895886610227,False,,,receipt DACK PRINT h144
145.38409442251452,Jupiter,receipt,,Relay B->Jupiter,5386,,,,,,,,,
145.71895886610227,Relay B,receipt,,Ceres->Relay B,5386,,,,,,,,,
168.00027777777777,Ceres,enqueue,DATA,,5387,,,,,,,1,,PRINT h168
168.00055555555554,Ceres,launch,DATA,Ceres->Relay B,5387,1,0.3406048284277574,2.457170819486379,0.047955418889596424,168.3411603839833,False,,,PRINT h168
168.3411603839833,Relay B,arrive,DATA,Ceres->Relay B,5387,,,,,,,,,
168.34143816176106,Relay B,launch,RCPT,Relay B->Ceres,5387,1,0.34056579914891927,2.4568892568151295,0.047950057670193114,168.68200396090998,False,,,receipt PRINT h168
168.34171593953883,Relay B,launch,DATA,Relay B->Jupiter,5387,1,0.34734855506386,2.505821005630733,0.048881311289947105,168.6890644946027,False,,,PRINT h168
168.68200396090998,Ceres,receipt,,Relay B->Ceres,5387,,,,,,,,,
168.6890644946027,Jupiter,arrive,DATA,Relay B->Jupiter,5387,,,,,,,,,
168.6890644946027,Jupiter,deliver,,,,,,,,,,,7,PRINT h168
168.6890644946027,Jupiter,enqueue,DACK,,5388,,,,,,,1,,DACK PRINT h168
168.68934227238046,Jupiter,launch,RCPT,Jupiter->Relay B,5387,1,0.34735686337373295,2.505880942939102,0.04888245143914649,169.0366991357542,False,,,receipt PRINT h168
168.68962005015823,Jupiter,launch,DACK,Jupiter->Relay B,5388,1,0.347356865937428,2.505880961433821,0.048882451790959514,169.03697691609565,False,,,DACK PRINT h168
169.0366991357542,Relay B,receipt,,Jupiter->Relay B,5387,,,,,,,,,
169.03697691609565,Relay B,arrive,DACK,Jupiter->Relay B,5388,,,,,,,,,
169.03725469387342,Relay B,launch,RCPT,Relay B->Jupiter,5388,1,0.347354970482769,2.5058672873591834,0.04888219167787711,169.3846096643562,False,,,receipt DACK PRINT h168
169.0375324716512,Relay B,launch,DACK,Relay B->Ceres,5388,1,0.34056164188095295,2.456859265703164,0.047949486609293546,169.37809411353214,False,,,DACK PRINT h168
169.37809411353214,Ceres,arrive,DACK,Relay B->Ceres,5388,,,,,,,,,
169.37809411353214,Ceres,data acknowledged,,,,,,,,,,,7,PRINT h168
169.3783718913099,Ceres,launch,RCPT,Ceres->Relay B,5388,1,0.34059659906057504,2.457111451681743,0.047954288472991435,169.7189684903705,False,,,receipt DACK PRINT h168
169.3846096643562,Jupiter,receipt,,Relay B->Jupiter,5388,,,,,,,,,
169.7189684903705,Relay B,receipt,,Ceres->Relay B,5388,,,,,,,,,
192.00027777777777,Ceres,enqueue,DATA,,5389,,,,,,,1,,PRINT h192
192.00055555555554,Ceres,launch,DATA,Ceres->Relay B,5389,1,0.3404612283954691,2.456134868790587,0.04793569326032476,192.341016783951,False,,,PRINT h192
192.341016783951,Relay B,arrive,DATA,Ceres->Relay B,5389,,,,,,,,,
192.34129456172877,Relay B,launch,RCPT,Relay B->Ceres,5389,1,0.3404222039767717,2.4558533411810117,0.047930332597464265,192.68171676570554,False,,,receipt PRINT h192
192.34157233950654,Relay B,launch,DATA,Relay B->Jupiter,5389,1,0.34757184102474525,2.5074318217487384,0.048911952342651555,192.6891441805313,False,,,PRINT h192
192.68171676570554,Ceres,receipt,,Relay B->Ceres,5389,,,,,,,,,
192.6891441805313,Jupiter,arrive,DATA,Relay B->Jupiter,5389,,,,,,,,,
192.6891441805313,Jupiter,deliver,,,,,,,,,,,8,PRINT h192
192.6891441805313,Jupiter,enqueue,DACK,,5390,,,,,,,1,,DACK PRINT h192
192.68942195830905,Jupiter,launch,RCPT,Jupiter->Relay B,5389,1,0.34758034225333745,2.507493150799667,0.04891311892848238,193.0370023005624,False,,,receipt PRINT h192
192.68969973608682,Jupiter,launch,DACK,Jupiter->Relay B,5390,1,0.347580344862763,2.5074931696243574,0.048913119286560724,193.03728008094959,False,,,DACK PRINT h192
193.0370023005624,Relay B,receipt,,Jupiter->Relay B,5389,,,,,,,,,
193.03728008094959,Relay B,arrive,DACK,Jupiter->Relay B,5390,,,,,,,,,
193.03755785872735,Relay B,launch,RCPT,Relay B->Jupiter,5390,1,0.34757837516752943,2.507478959967669,0.04891284899416115,193.38513623389488,False,,,receipt DACK PRINT h192
193.03783563650512,Relay B,launch,DACK,Relay B->Ceres,5390,1,0.34041802841588265,2.455823218101376,0.047929759011883344,193.378253664921,False,,,DACK PRINT h192
193.378253664921,Ceres,arrive,DACK,Relay B->Ceres,5390,,,,,,,,,
193.378253664921,Ceres,data acknowledged,,,,,,,,,,,8,PRINT h192
193.37853144269877,Ceres,launch,RCPT,Ceres->Relay B,5390,1,0.3404529671604166,2.456075271086592,0.04793455844271377,193.7189844098592,False,,,receipt DACK PRINT h192
193.38513623389488,Jupiter,receipt,,Relay B->Jupiter,5390,,,,,,,,,
193.7189844098592,Relay B,receipt,,Ceres->Relay B,5390,,,,,,,,,
216.00027777777777,Ceres,enqueue,DATA,,5391,,,,,,,1,,PRINT h216
216.00055555555554,Ceres,launch,DATA,Ceres->Relay B,5391,1,0.340317089998905,2.4550950342595903,0.04791589326760082,216.34087264555444,False,,,PRINT h216
216.34087264555444,Relay B,arrive,DATA,Ceres->Relay B,5391,,,,,,,,,
216.3411504233322,Relay B,launch,RCPT,Relay B->Ceres,5391,1,0.3402780705280577,2.4548135423444677,0.04791053317294136,216.68142849386027,False,,,receipt PRINT h216
216.34142820110998,Relay B,launch,DATA,Relay B->Jupiter,5391,1,0.34779907543168065,2.5090711225082254,0.048943134218661366,216.68922727654166,False,,,PRINT h216
216.68142849386027,Ceres,receipt,,Relay B->Ceres,5391,,,,,,,,,
216.68922727654166,Jupiter,arrive,DATA,Relay B->Jupiter,5391,,,,,,,,,
216.68922727654166,Jupiter,deliver,,,,,,,,,,,9,PRINT h216
216.68922727654166,Jupiter,enqueue,DACK,,5392,,,,,,,1,,DACK PRINT h216
216.68950505431943,Jupiter,launch,RCPT,Jupiter->Relay B,5391,1,0.3478077695745583,2.5091338432695798,0.04894432723812736,217.03731282389398,False,,,receipt PRINT h216
216.6897828320972,Jupiter,launch,DACK,Jupiter->Relay B,5392,1,0.3478077722296291,2.509133862423656,0.04894432760245915,217.03759060432682,False,,,DACK PRINT h216
217.03731282389398,Relay B,receipt,,Jupiter->Relay B,5391,,,,,,,,,
217.03759060432682,Relay B,arrive,DACK,Jupiter->Relay B,5392,,,,,,,,,
217.0378683821046,Relay B,launch,RCPT,Relay B->Jupiter,5392,1,0.34780572831701306,2.509119117352474,0.048944047134746094,217.3856741104216,False,,,receipt DACK PRINT h216
217.03814615988236,Relay B,launch,DACK,Relay B->Ceres,5392,1,0.3402738766112918,2.454783286842968,0.047909957053881236,217.37842003649365,False,,,DACK PRINT h216
217.37842003649365,Ceres,arrive,DACK,Relay B->Ceres,5392,,,,,,,,,
217.37842003649365,Ceres,data acknowledged,,,,,,,,,,,9,PRINT h216
217.37869781427142,Ceres,launch,RCPT,Ceres->Relay B,5392,1,0.3403087968568457,2.455035206374164,0.04791475404334222,217.71900661112826,False,,,receipt DACK PRINT h216
217.3856741104216,Jupiter,receipt,,Relay B->Jupiter,5392,,,,,,,,,
217.71900661112826,Relay B,receipt,,Ceres->Relay B,5392,,,,,,,,,
240.00027777777777,Ceres,enqueue,DATA,,5393,,,,,,,1,,PRINT h240
264.0,Ceres,launch,DATA,Ceres->Relay B,5393,1,0.34002720212390614,2.4530037426278346,0.047876070724298336,264.3400272021239,False,,,PRINT h240
264.0002777777778,Ceres,enqueue,DATA,,5394,,,,,,,1,,PRINT h264
264.0005555555556,Ceres,launch,DATA,Ceres->Relay B,5394,1,0.3400271987562178,2.4530037183329503,0.04787607026166352,264.3405827543118,False,,,PRINT h264
264.3400272021239,Relay B,arrive,DATA,Ceres->Relay B,5393,,,,,,,,,
264.3403049799017,Relay B,launch,RCPT,Relay B->Ceres,5393,1,0.3399881928120294,2.452722324001125,0.04787071180104474,264.68029317271373,False,,,receipt PRINT h240
264.3405827543118,Relay B,arrive,DATA,Ceres->Relay B,5394,,,,,,,,,
264.3405827576795,Relay B,launch,DATA,Relay B->Jupiter,5393,1,0.34826535558249816,2.512434932661913,0.04900711556126336,264.688848113262,False,,,PRINT h240
264.3408605320896,Relay B,launch,RCPT,Relay B->Ceres,5394,1,0.33998818944445475,2.452722299707107,0.0478707113384238,264.68084872153406,False,,,receipt PRINT h264
264.3411383098674,Relay B,launch,DATA,Relay B->Jupiter,5394,1,0.34826536107033235,2.512434972251918,0.04900711631425958,264.68940367093774,False,,,PRINT h264
264.68029317271373,Ceres,receipt,,Relay B->Ceres,5393,,,,,,,,,
264.68084872153406,Ceres,receipt,,Relay B->Ceres,5394,,,,,,,,,
264.688848113262,Jupiter,arrive,DATA,Relay B->Jupiter,5393,,,,,,,,,
264.688848113262,Jupiter,deliver,,,,,,,,,,,10,PRINT h240
264.688848113262,Jupiter,enqueue,DACK,,5395,,,,,,,1,,DACK PRINT h240
264.6891258910398,Jupiter,launch,RCPT,Jupiter->Relay B,5393,1,0.3482744355320051,2.512500436686426,0.04900836143767151,265.0374003265718,False,,,receipt PRINT h240
264.6894036688176,Jupiter,launch,DACK,Jupiter->Relay B,5395,1,0.3482744382781675,2.5125004564974565,0.04900836181447399,265.03767810709576,False,,,DACK PRINT h240
264.68940367093774,Jupiter,arrive,DATA,Relay B->Jupiter,5394,,,,,,,,,
264.68940367093774,Jupiter,deliver,,,,,,,,,,,11,PRINT h264
264.68940367093774,Jupiter,enqueue,DACK,,5396,,,,,,,1,,DACK PRINT h264
264.68968144871553,Jupiter,launch,RCPT,Jupiter->Relay B,5394,1,0.3482744410243299,2.512500476308644,0.049008362191279464,265.03795588973986,False,,,receipt PRINT h264
264.68995922649333,Jupiter,launch,DACK,Jupiter->Relay B,5396,1,0.3482744437704355,2.512500496119683,0.04900836256808205,265.03823367026376,False,,,DACK PRINT h264
265.0374003265718,Relay B,receipt,,Jupiter->Relay B,5393,,,,,,,,,
265.03767810709576,Relay B,arrive,DACK,Jupiter->Relay B,5395,,,,,,,,,
265.03795588487355,Relay B,launch,RCPT,Relay B->Jupiter,5395,1,0.3482722460035461,2.512484641122276,0.04900806100863542,265.3862281308771,False,,,receipt DACK PRINT h240
265.03795588973986,Relay B,receipt,,Jupiter->Relay B,5394,,,,,,,,,
265.03823366265135,Relay B,launch,DACK,Relay B->Ceres,5395,1,0.3399839619936529,2.4526918022865085,0.047870130588499094,265.378217624645,False,,,DACK PRINT h240
265.03823367026376,Relay B,arrive,DACK,Jupiter->Relay B,5396,,,,,,,,,
265.03851144804156,Relay B,launch,RCPT,Relay B->Jupiter,5396,1,0.34827225149416563,2.5124846807321166,0.049008061762008115,265.3867836995357,False,,,receipt DACK PRINT h264
265.03878922581936,Relay B,launch,DACK,Relay B->Ceres,5396,1,0.3399839586256803,2.452691777989397,0.04787013012581898,265.37877318444504,False,,,DACK PRINT h264
265.378217624645,Ceres,arrive,DACK,Relay B->Ceres,5395,,,,,,,,,
265.378217624645,Ceres,data acknowledged,,,,,,,,,,,10,PRINT h240
265.3784954024228,Ceres,launch,RCPT,Ceres->Relay B,5395,1,0.34001884505056523,2.4529434535331864,0.047874922669812414,265.71851424747337,False,,,receipt DACK PRINT h240
265.37877318444504,Ceres,arrive,DACK,Relay B->Ceres,5396,,,,,,,,,
265.37877318444504,Ceres,data acknowledged,,,,,,,,,,,11,PRINT h264
265.37905096222283,Ceres,launch,RCPT,Ceres->Relay B,5396,1,0.3400188416821379,2.4529434292329593,0.04787492220707534,265.719069803905,False,,,receipt DACK PRINT h264
265.3862281308771,Jupiter,receipt,,Relay B->Jupiter,5395,,,,,,,,,
265.3867836995357,Jupiter,receipt,,Relay B->Jupiter,5396,,,,,,,,,
265.71851424747337,Relay B,receipt,,Ceres->Relay B,5395,,,,,,,,,
265.719069803905,Relay B,receipt,,Ceres->Relay B,5396,,,,,,,,,
288.0002777777778,Ceres,enqueue,DATA,,5397,,,,,,,1,,SETTLE JUP-1
288.0005555555556,Ceres,launch,DATA,Ceres->Relay B,5397,1,0.33988144623964445,2.4519522393147852,0.0478560472844306,,True,,,SETTLE JUP-1
289.6805962258127,Ceres,launch,DATA,Ceres->Relay B,5397,2,0.3398712231769423,2.451878488712056,0.04785464285958685,,True,,,SETTLE JUP-1
291.36061644994436,Ceres,launch,DATA,Ceres->Relay B,5397,3,0.33986099760386423,2.4518047199992257,0.047853238087802175,,True,,,SETTLE JUP-1
293.0406162229299,Ceres,launch,DATA,Ceres->Relay B,5397,4,0.3398507695205808,2.4517309331776302,0.04785183296910023,,True,,,SETTLE JUP-1
294.72031776197105,Ceres,hop abandoned,DATA,Ceres->Relay B,5397,,,,,,,,,
313.3783649320452,Jupiter,enqueue,DATA,,5398,,,,,,,1,,LOCK JUP-1 (resub)
313.378642709823,Jupiter,launch,DATA,Jupiter->Relay B,5398,1,0.3487638551437158,2.516031178144096,0.04907551317877257,313.7274065649667,False,,,LOCK JUP-1 (resub)
313.37871613232744,Ceres,endpoint retry,DATA,,,,,,,,,2,,SETTLE JUP-1
313.37871613232744,Ceres,enqueue,DATA,,5399,,,,,,,2,,SETTLE JUP-1
313.37899391010524,Ceres,launch,DATA,Ceres->Relay B,5399,1,0.3397267375243018,2.4508361490274004,0.04783479347486341,,True,,,SETTLE JUP-1
313.7274065649667,Relay B,arrive,DATA,Jupiter->Relay B,5398,,,,,,,,,
313.7276843427445,Relay B,launch,RCPT,Relay B->Jupiter,5398,1,0.3487615124748231,2.51601427780325,0.049075191759759385,314.07644585521933,False,,,receipt LOCK JUP-1 (resub)
313.7279621205223,Relay B,launch,DATA,Relay B->Ceres,5398,1,0.33968768428258045,2.4505544134845474,0.047829428284120845,,True,,,LOCK JUP-1 (resub)
314.07644585521933,Jupiter,receipt,,Relay B->Jupiter,5398,,,,,,,,,
315.05872516293164,Ceres,launch,DATA,Ceres->Relay B,5399,2,0.3397164765569869,2.4507621249757405,0.04783338381129121,,True,,,SETTLE JUP-1
315.40761526686526,Relay B,launch,DATA,Relay B->Ceres,5398,2,0.3396774240902687,2.45048039502377,0.04782801871907527,,True,,,LOCK JUP-1 (resub)
315.7783649320452,Jupiter,enqueue,DATA,,5400,,,,,,,1,,LOCK JUP-1 (resub)
315.778642709823,Jupiter,launch,DATA,Jupiter->Relay B,5400,1,0.348788396409077,2.516208222260912,0.04907888028452989,316.12743110623205,False,,,LOCK JUP-1 (resub)
316.12743110623205,Relay B,arrive,DATA,Jupiter->Relay B,5400,,,,,,,,,
316.12770888400985,Relay B,launch,RCPT,Relay B->Jupiter,5400,1,0.3487860463295078,2.516191268458715,0.04907855784990389,316.47649493033936,False,,,receipt LOCK JUP-1 (resub)
316.12798666178765,Relay B,launch,DATA,Relay B->Ceres,5400,1,0.33967302288169776,2.450448644090289,0.0478274140718985,,True,,,LOCK JUP-1 (resub)
316.47649493033936,Jupiter,receipt,,Relay B->Jupiter,5400,,,,,,,,,
316.7384358938234,Ceres,launch,DATA,Ceres->Relay B,5399,3,0.3397062130821382,2.450688082834281,0.04783197380114146,,True,,,SETTLE JUP-1
317.0872478928236,Relay B,launch,DATA,Relay B->Ceres,5398,3,0.33966716139104847,2.4504063584776374,0.047826608807534976,,True,,,LOCK JUP-1 (resub)
317.80761048532884,Relay B,launch,DATA,Relay B->Ceres,5400,2,0.3396627591073411,2.4503745997880353,0.047826004011759404,,True,,,LOCK JUP-1 (resub)
318.17836493204516,Jupiter,enqueue,DATA,,5401,,,,,,,1,,LOCK JUP-1 (resub)
318.17864270982295,Jupiter,launch,DATA,Jupiter->Relay B,5401,1,0.34881297677992507,2.5163855484904407,0.049082252743684385,318.5274556866029,False,,,LOCK JUP-1 (resub)
318.4181260977655,Ceres,launch,DATA,Ceres->Relay B,5399,4,0.3396959470999832,2.450614022604384,0.04783056344443848,,True,,,SETTLE JUP-1
318.5274556866029,Relay B,arrive,DATA,Jupiter->Relay B,5401,,,,,,,,,
318.5277334643807,Relay B,launch,RCPT,Relay B->Jupiter,5401,1,0.3488106192899636,2.516368541228696,0.04908192929348887,318.87654408367064,False,,,receipt LOCK JUP-1 (resub)
318.52801124215847,Relay B,launch,DATA,Relay B->Ceres,5401,1,0.339658356106213,2.4503428359228026,0.04782539911703754,,True,,,LOCK JUP-1 (resub)
318.7668599933835,Relay B,launch,DATA,Relay B->Ceres,5398,4,0.3396568961850335,2.4503323038474965,0.047825198549524384,,True,,,LOCK JUP-1 (resub)
318.87654408367064,Jupiter,receipt,,Relay B->Jupiter,5401,,,,,,,,,
319.4872137813213,Relay B,launch,DATA,Relay B->Ceres,5400,3,0.3396524928263034,2.4503005374023528,0.047824593605160226,,True,,,LOCK JUP-1 (resub)
320.09751799196545,Ceres,hop abandoned,DATA,Ceres->Relay B,5399,,,,,,,,,
320.2076057321487,Relay B,launch,DATA,Relay B->Ceres,5401,2,0.3396480887501525,2.4502687657813764,0.047823988561845665,,True,,,LOCK JUP-1 (resub)
320.44617378575356,Relay B,hop abandoned,DATA,Relay B->Ceres,5398,,,,,,,,,
320.57836493204513,Jupiter,enqueue,DATA,,5402,,,,,,,1,,LOCK JUP-1 (resub)
320.57864270982293,Jupiter,launch,DATA,Jupiter->Relay B,5402,1,0.3488375962485861,2.5165631567769102,0.04908563055511839,320.9274803060715,False,,,LOCK JUP-1 (resub)
320.9274803060715,Relay B,arrive,DATA,Jupiter->Relay B,5402,,,,,,,,,
320.9277580838493,Relay B,launch,RCPT,Relay B->Jupiter,5402,1,0.3488352313485166,2.516546096057424,0.04908530608939676,321.27659331519783,False,,,receipt LOCK JUP-1 (resub)
320.9280358616271,Relay B,launch,DATA,Relay B->Ceres,5402,1,0.3396436839562966,2.4502369889833515,0.047823383419557386,,True,,,LOCK JUP-1 (resub)
321.1667965447517,Relay B,launch,DATA,Relay B->Ceres,5400,4,0.33964222403881195,2.450226456934597,0.04782318285212528,,True,,,LOCK JUP-1 (resub)
321.27659331519783,Jupiter,receipt,,Relay B->Jupiter,5402,,,,,,,,,
321.8871796874268,Relay B,launch,DATA,Relay B->Ceres,5401,3,0.33963781888763833,2.450194677558454,0.04782257766022846,,True,,,LOCK JUP-1 (resub)
322.6076010073175,Relay B,launch,DATA,Relay B->Ceres,5402,2,0.3396334130187597,2.45016289300506,0.047821972369353705,,True,,,LOCK JUP-1 (resub)
322.84608099282934,Relay B,hop abandoned,DATA,Relay B->Ceres,5400,,,,,,,,,
322.9783649320451,Jupiter,enqueue,DATA,,5403,,,,,,,1,,LOCK JUP-1 (resub)
322.9786427098229,Jupiter,launch,DATA,Jupiter->Relay B,5403,1,0.3488622548072726,2.516741047064454,0.04908901371771224,323.3275049646302,False,,,LOCK JUP-1 (resub)
323.3275049646302,Relay B,arrive,DATA,Jupiter->Relay B,5403,,,,,,,,,
323.327782742408,Relay B,launch,RCPT,Relay B->Jupiter,5403,1,0.34885988249732236,2.5167239328890356,0.04908868823650803,323.6766426249053,False,,,receipt LOCK JUP-1 (resub)
323.3280605201858,Relay B,launch,DATA,Relay B->Ceres,5403,1,0.33962900643211924,2.4501311032731996,0.047821366979477586,,True,,,LOCK JUP-1 (resub)
323.56673310297987,Relay B,launch,DATA,Relay B->Ceres,5401,4,0.3396275465188978,2.4501205712553866,0.047821166412210014,,True,,,LOCK JUP-1 (resub)
323.6766426249053,Jupiter,receipt,,Relay B->Jupiter,5403,,,,,,,,,
324.2871456111328,Relay B,launch,DATA,Relay B->Ceres,5402,3,0.33962313957511014,2.4500887789472046,0.047820560972758996,,True,,,LOCK JUP-1 (resub)
325.0075963108278,Relay B,launch,DATA,Relay B->Ceres,5403,2,0.3396187319135038,2.450056981460351,0.04781995543430262,,True,,,LOCK JUP-1 (resub)
325.24598819601766,Relay B,hop abandoned,DATA,Relay B->Ceres,5401,,,,,,,,,
325.3783649320451,Jupiter,enqueue,DATA,,5404,,,,,,,1,,LOCK JUP-1 (resub)
325.3786427098229,Jupiter,launch,DATA,Jupiter->Relay B,5404,1,0.34888695244825385,2.5169192192971104,0.04909240223034461,325.72752966227114,False,,,LOCK JUP-1 (resub)
325.72752966227114,Relay B,arrive,DATA,Jupiter->Relay B,5404,,,,,,,,,
325.72780744004893,Relay B,launch,RCPT,Relay B->Jupiter,5404,1,0.34888457272865026,2.51690205166757,0.049092075733701224,326.0766920127776,False,,,receipt LOCK JUP-1 (resub)
325.72808521782673,Relay B,launch,DATA,Relay B->Ceres,5404,1,0.33961432353385135,2.4500251787936085,0.047819349796817234,,True,,,LOCK JUP-1 (resub)
325.96666966806083,Relay B,launch,DATA,Relay B->Ceres,5402,4,0.33961286362551846,2.4500146468111397,0.0478191492297978,,True,,,LOCK JUP-1 (resub)
326.0766920127776,Jupiter,receipt,,Relay B->Jupiter,5404,,,,,,,,,
326.6871115524326,Relay B,launch,DATA,Relay B->Ceres,5403,3,0.33960845488900304,2.4499828415698772,0.047818543542771486,,True,,,LOCK JUP-1 (resub)
327.40759164267223,Relay B,launch,DATA,Relay B->Ceres,5404,2,0.33960404543444156,2.449951031148518,0.04781793775671206,,True,,,LOCK JUP-1 (resub)
327.64589539531187,Relay B,hop abandoned,DATA,Relay B->Ceres,5402,,,,,,,,,
327.77836493204506,Jupiter,enqueue,DATA,,5405,,,,,,,1,,LOCK JUP-1 (resub)
327.77864270982286,Jupiter,launch,DATA,Jupiter->Relay B,5405,1,0.34891168916374227,2.5170976734188235,0.04909579609189185,328.1275543989866,False,,,LOCK JUP-1 (resub)
328.1275543989866,Relay B,arrive,DATA,Jupiter->Relay B,5405,,,,,,,,,
328.1278321767644,Relay B,launch,RCPT,Relay B->Jupiter,5405,1,0.34890930203476955,2.517080452336976,0.04909546857985303,328.47674147879917,False,,,receipt LOCK JUP-1 (resub)
328.1281099545422,Relay B,launch,DATA,Relay B->Ceres,5405,1,0.3395996352616635,2.449919215545854,0.04781733187159609,,True,,,LOCK JUP-1 (resub)
328.3666062399884,Relay B,launch,DATA,Relay B->Ceres,5403,4,0.3395981753588444,2.4499086836031245,0.04781713130490839,,True,,,LOCK JUP-1 (resub)
328.47674147879917,Jupiter,receipt,,Relay B->Jupiter,5405,,,,,,,,,
329.0870775113189,Relay B,launch,DATA,Relay B->Ceres,5404,3,0.3395937648294307,2.4498768654277367,0.047816525370285246,,True,,,LOCK JUP-1 (resub)
329.8075870028433,Relay B,launch,DATA,Relay B->Ceres,5405,2,0.3395893535818004,2.449845042070838,0.04781591933660145,,True,,,LOCK JUP-1 (resub)
330.0458025907061,Relay B,hop abandoned,DATA,Relay B->Ceres,5403,,,,,,,,,
330.17836493204504,Jupiter,enqueue,DATA,,5406,,,,,,,1,,LOCK JUP-1 (resub)
330.17864270982284,Jupiter,launch,DATA,Jupiter->Relay B,5406,1,0.34893646494600716,2.5172764093734394,0.04909919530122897,330.52757917476885,False,,,LOCK JUP-1 (resub)
330.52757917476885,Relay B,arrive,DATA,Jupiter->Relay B,5406,,,,,,,,,
330.52785695254664,Relay B,launch,RCPT,Relay B->Jupiter,5406,1,0.3489340704078927,2.5172591348411,0.049098866773838123,330.87679102295454,False,,,receipt LOCK JUP-1 (resub)
330.52813473032444,Relay B,launch,DATA,Relay B->Ceres,5406,1,0.33958494161572617,2.4498132135312067,0.04781531320383359,,True,,,LOCK JUP-1 (resub)
330.76654281875557,Relay B,launch,DATA,Relay B->Ceres,5404,4,0.3395834817190462,2.4498026816326166,0.04781511263756133,,True,,,LOCK JUP-1 (resub)
330.87679102295454,Jupiter,receipt,,Relay B->Jupiter,5406,,,,,,,,,
331.4870434877847,Relay B,launch,DATA,Relay B->Ceres,5405,3,0.3395790693966205,2.4497708505220643,0.04781450645532004,,True,,,LOCK JUP-1 (resub)
332.2075823913337,Relay B,launch,DATA,Relay B->Ceres,5406,2,0.33957465635569406,2.44973901422858,0.047813900173990564,,True,,,LOCK JUP-1 (resub)
332.44570978219366,Relay B,hop abandoned,DATA,Relay B->Ceres,5404,,,,,,,,,
332.578364932045,Jupiter,enqueue,DATA,,5407,,,,,,,1,,LOCK JUP-1 (resub)
332.5786427098228,Jupiter,launch,DATA,Jupiter->Relay B,5407,1,0.3489612797871473,2.517455427104712,0.049102599857228646,332.92760398960996,False,,,LOCK JUP-1 (resub)
332.92760398960996,Relay B,arrive,DATA,Jupiter->Relay B,5407,,,,,,,,,
332.92788176738776,Relay B,launch,RCPT,Relay B->Jupiter,5407,1,0.3489588778401753,2.5174380991236984,0.04910227031452963,333.27684064522794,False,,,receipt LOCK JUP-1 (resub)
332.92815954516556,Relay B,launch,DATA,Relay B->Ceres,5407,1,0.33957024259620994,2.449707172750945,0.04781329379354937,,True,,,LOCK JUP-1 (resub)
333.16647940435575,Relay B,launch,DATA,Relay B->Ceres,5405,4,0.3395687827062943,2.449696640900891,0.04781309322777605,,True,,,LOCK JUP-1 (resub)
333.27684064522794,Jupiter,receipt,,Relay B->Jupiter,5407,,,,,,,,,
333.8870094818229,Relay B,launch,DATA,Relay B->Ceres,5406,3,0.33956436859068617,2.449664796854132,0.04781248679789529,,True,,,LOCK JUP-1 (resub)
334.6075778081358,Relay B,launch,DATA,Relay B->Ceres,5407,2,0.3395599537564067,2.449632947623022,0.04781188026889871,,True,,,LOCK JUP-1 (resub)
334.84561696976834,Relay B,hop abandoned,DATA,Relay B->Ceres,5405,,,,,,,,,
334.978364932045,Jupiter,enqueue,DATA,,5408,,,,,,,1,,LOCK JUP-1 (resub)
334.9786427098228,Jupiter,launch,DATA,Jupiter->Relay B,5408,1,0.34898613367948883,2.517634726556298,0.04910600975876189,335.3276288435023,False,,,LOCK JUP-1 (resub)
335.3276288435023,Relay B,arrive,DATA,Jupiter->Relay B,5408,,,,,,,,,
335.3279066212801,Relay B,launch,RCPT,Relay B->Jupiter,5408,1,0.3489837243238867,2.517617345128432,0.04910567920079845,335.67689034560397,False,,,receipt LOCK JUP-1 (resub)
335.3281843990579,Relay B,launch,DATA,Relay B->Ceres,5408,1,0.33955553820334217,2.449601093206341,0.047811273640762986,,True,,,LOCK JUP-1 (resub)
335.56641599678204,Relay B,launch,DATA,Relay B->Ceres,5406,4,0.33955407832075934,2.449590561409222,0.0478110730755722,,True,,,LOCK JUP-1 (resub)
335.67689034560397,Jupiter,receipt,,Relay B->Jupiter,5408,,,,,,,,,
336.2869754934264,Relay B,launch,DATA,Relay B->Ceres,5407,3,0.3395496624117982,2.449558704425223,0.04781046639803066,,True,,,LOCK JUP-1 (resub)
337.00757325324236,Relay B,launch,DATA,Relay B->Ceres,5408,2,0.339545245784052,2.449526842255446,0.04780985962134576,,True,,,LOCK JUP-1 (resub)
337.24552415342356,Relay B,hop abandoned,DATA,Relay B->Ceres,5406,,,,,,,,,
337.378364932045,Jupiter,enqueue,DATA,,5409,,,,,,,1,,LOCK JUP-1 (resub)
337.37864270982277,Jupiter,launch,DATA,Jupiter->Relay B,5409,1,0.34901102661507366,2.51781430767176,0.04910942500469784,337.72765373643784,False,,,LOCK JUP-1 (resub)
337.72765373643784,Relay B,arrive,DATA,Jupiter->Relay B,5409,,,,,,,,,
337.72793151421564,Relay B,launch,RCPT,Relay B->Jupiter,5409,1,0.3490086098511256,2.5177968727988653,0.04910909343151382,338.07694012406677,False,,,receipt LOCK JUP-1 (resub)
337.72820929199344,Relay B,launch,DATA,Relay B->Ceres,5409,1,0.3395408284372934,2.4494949748986756,0.04780925274549408,,True,,,LOCK JUP-1 (resub)
337.9663525960278,Relay B,launch,DATA,Relay B->Ceres,5407,4,0.3395393685626118,2.4494844431589,0.04780905218096965,,True,,,LOCK JUP-1 (resub)
338.07694012406677,Jupiter,receipt,,Relay B->Jupiter,5409,,,,,,,,,
338.68694152258826,Relay B,launch,DATA,Relay B->Ceres,5408,3,0.33953495086024077,2.4494525732366155,0.04780844525574601,,True,,,LOCK JUP-1 (resub)
338.75693467756446,Jupiter,endpoint retry,DATA,,,,,,,,,2,,LOCK JUP-1 (resub)
338.75693467756446,Jupiter,enqueue,DATA,,5410,,,,,,,2,,LOCK JUP-1 (resub)
338.75721245534226,Jupiter,launch,DATA,Jupiter->Relay B,5410,1,0.3490253428696519,2.5179175871322927,0.049111389151981544,339.1062377982119,False,,,LOCK JUP-1 (resub)
338.75735912722826,Ceres,endpoint retry,DATA,,,,,,,,,3,,SETTLE JUP-1
338.75735912722826,Ceres,enqueue,DATA,,5411,,,,,,,3,,SETTLE JUP-1
338.75763690500605,Ceres,launch,DATA,Ceres->Relay B,5411,1,0.33957142651377126,2.449715713698363,0.04781345644506729,,True,,,SETTLE JUP-1
339.1062377982119,Relay B,arrive,DATA,Jupiter->Relay B,5410,,,,,,,,,
339.1065155759897,Relay B,launch,RCPT,Relay B->Jupiter,5410,1,0.3490229218504055,2.5179001215611807,0.04911105699567042,339.4555384978401,False,,,receipt LOCK JUP-1 (resub)
339.1067933537675,Relay B,launch,DATA,Relay B->Ceres,5410,1,0.3395323766583829,2.449434002584768,0.0478080915993232,,True,,,LOCK JUP-1 (resub)
339.4075687266458,Relay B,launch,DATA,Relay B->Ceres,5409,2,0.3395305324388005,2.44942069812713,0.047807838231351374,,True,,,LOCK JUP-1 (resub)
339.4555384978401,Jupiter,receipt,,Relay B->Jupiter,5410,,,,,,,,,
339.645431333153,Relay B,hop abandoned,DATA,Relay B->Ceres,5407,,,,,,,,,
339.77836493204495,Jupiter,enqueue,DATA,,5412,,,,,,,1,,LOCK JUP-1 (resub)
339.77864270982275,Jupiter,launch,DATA,Jupiter->Relay B,5412,1,0.3490359585861711,2.5179941703945654,0.04911284559390361,340.1276786684089,False,,,LOCK JUP-1 (resub)
340.1276786684089,Relay B,arrive,DATA,Jupiter->Relay B,5412,,,,,,,,,
340.1279564461867,Relay B,launch,RCPT,Relay B->Jupiter,5412,1,0.34903353441410445,2.5179766820784666,0.04911251300554287,340.4769899806008,False,,,receipt LOCK JUP-1 (resub)
340.1282342239645,Relay B,launch,DATA,Relay B->Ceres,5412,1,0.3395261132981773,2.449388817829233,0.047807231107762416,,True,,,LOCK JUP-1 (resub)
340.36628920208653,Relay B,launch,DATA,Relay B->Ceres,5408,4,0.33952465343207905,2.4493782861512043,0.04780703054398794,,True,,,LOCK JUP-1 (resub)
340.4370575358114,Ceres,launch,DATA,Ceres->Relay B,5411,2,0.33956112767731383,2.4496414164531837,0.047812041547274364,,True,,,SETTLE JUP-1
340.4769899806008,Jupiter,receipt,,Relay B->Jupiter,5412,,,,,,,,,
340.78613588486206,Relay B,launch,DATA,Relay B->Ceres,5410,2,0.33952207860414774,2.4493597109827876,0.04780667680102679,,True,,,LOCK JUP-1 (resub)
341.0869075693012,Relay B,launch,DATA,Relay B->Ceres,5409,3,0.3395202339360708,2.4493464032895917,0.04780642337106089,,True,,,LOCK JUP-1 (resub)
341.1569544372934,Jupiter,endpoint retry,DATA,,,,,,,,,2,,LOCK JUP-1 (resub)
341.1569544372934,Jupiter,enqueue,DATA,,5413,,,,,,,2,,LOCK JUP-1 (resub)
341.1572322150712,Jupiter,launch,DATA,Jupiter->Relay B,5413,1,0.34905029746494165,2.51809761306924,0.049114812838079946,341.50628251253613,False,,,LOCK JUP-1 (resub)
341.50628251253613,Relay B,arrive,DATA,Jupiter->Relay B,5413,,,,,,,,,
341.5065602903139,Relay B,launch,RCPT,Relay B->Jupiter,5413,1,0.34904786903769036,2.518080094055535,0.04911447966660909,341.8556081593516,False,,,receipt LOCK JUP-1 (resub)
341.5068380680917,Relay B,launch,DATA,Relay B->Ceres,5413,1,0.33951765831182,2.449327822376628,0.04780606951847577,,True,,,LOCK JUP-1 (resub)
341.80756422833866,Relay B,launch,DATA,Relay B->Ceres,5412,2,0.33951581372082273,2.4493145152393625,0.047805816098935305,,True,,,LOCK JUP-1 (resub)
341.8556081593516,Jupiter,receipt,,Relay B->Jupiter,5413,,,,,,,,,
342.0453385089507,Relay B,hop abandoned,DATA,Relay B->Ceres,5408,,,,,,,,,
342.1164575689438,Ceres,launch,DATA,Ceres->Relay B,5411,3,0.339550826336108,2.4495671011386912,0.04781062630327093,,True,,,SETTLE JUP-1
342.17836493204493,Jupiter,enqueue,DATA,,5414,,,,,,,1,,LOCK JUP-1 (resub)
342.1786427098227,Jupiter,launch,DATA,Jupiter->Relay B,5414,1,0.3490609295848799,2.518174314668087,0.04911627152524467,342.5277036394076,False,,,LOCK JUP-1 (resub)
342.46545781984815,Relay B,launch,DATA,Relay B->Ceres,5410,3,0.33951177804578947,2.44928540131593,0.04780526165660259,,True,,,LOCK JUP-1 (resub)
342.5277036394076,Relay B,arrive,DATA,Jupiter->Relay B,5414,,,,,,,,,
342.5279814171854,Relay B,launch,RCPT,Relay B->Jupiter,5414,1,0.3490584980049789,2.5181567729106127,0.04911593792175106,342.8770399151904,False,,,receipt LOCK JUP-1 (resub)
342.5282591949632,Relay B,launch,DATA,Relay B->Ceres,5414,1,0.3395113927862212,2.4492826219992936,0.047805208727587534,,True,,,LOCK JUP-1 (resub)
342.76622581495116,Relay B,launch,DATA,Relay B->Ceres,5409,4,0.3395099329292748,2.4492720903874177,0.047805008164647056,,True,,,LOCK JUP-1 (resub)
342.8770399151904,Jupiter,receipt,,Relay B->Jupiter,5414,,,,,,,,,
343.18615116249316,Relay B,launch,DATA,Relay B->Ceres,5413,2,0.33950735667889376,2.449253504957445,0.04780465422551439,,True,,,LOCK JUP-1 (resub)
343.4868736335581,Relay B,launch,DATA,Relay B->Ceres,5412,3,0.3395055116395156,2.4492401945854407,0.04780440074399528,,True,,,LOCK JUP-1 (resub)
343.5569742644841,Jupiter,endpoint retry,DATA,,,,,,,,,2,,LOCK JUP-1 (resub)
343.5569742644841,Jupiter,enqueue,DATA,,5415,,,,,,,2,,LOCK JUP-1 (resub)
343.5572520422619,Jupiter,launch,DATA,Jupiter->Relay B,5415,1,0.34907529108471635,2.5182779205340418,0.04911824186584546,343.9063273333466,False,,,LOCK JUP-1 (resub)
343.7958369993938,Ceres,launch,DATA,Ceres->Relay B,5411,4,0.339540522490438,2.4494927677562472,0.047809210713081196,,True,,,SETTLE JUP-1
343.9063273333466,Relay B,arrive,DATA,Jupiter->Relay B,5415,,,,,,,,,
343.9066051111244,Relay B,launch,RCPT,Relay B->Jupiter,5415,1,0.3490728552496307,2.5182603480795707,0.04911790767925872,344.25567796637404,False,,,receipt LOCK JUP-1 (resub)
343.9068828889022,Relay B,launch,DATA,Relay B->Ceres,5415,1,0.33950293459207614,2.4492216034051055,0.04780404669512739,,True,,,LOCK JUP-1 (resub)
344.14475915371753,Relay B,launch,DATA,Relay B->Ceres,5410,4,0.3395014749835923,2.449211073585559,0.047803846166075026,,True,,,LOCK JUP-1 (resub)
344.20755975831344,Relay B,launch,DATA,Relay B->Ceres,5414,2,0.3395010896303461,2.4492082935934247,0.04780379322411721,,True,,,LOCK JUP-1 (resub)
344.25567796637404,Jupiter,receipt,,Relay B->Jupiter,5415,,,,,,,,,
344.4452456808097,Relay B,hop abandoned,DATA,Relay B->Ceres,5409,,,,,,,,,
344.5783649320449,Jupiter,enqueue,DATA,,5416,,,,,,,1,,LOCK JUP-1 (resub)
344.5786427098227,Jupiter,launch,DATA,Jupiter->Relay B,5416,1,0.34908593960335565,2.5183547404356013,0.049119702797584264,344.92772864942606,False,,,LOCK JUP-1 (resub)
344.86544365362874,Relay B,launch,DATA,Relay B->Ceres,5413,3,0.33949705254218543,2.4491791694753293,0.047803238586460184,,True,,,LOCK JUP-1 (resub)
344.92772864942606,Relay B,arrive,DATA,Jupiter->Relay B,5416,,,,,,,,,
344.92800642720385,Relay B,launch,RCPT,Relay B->Jupiter,5416,1,0.3490835006158477,2.518337145238584,0.049119368179001976,345.2770899278197,False,,,receipt LOCK JUP-1 (resub)
344.92828420498165,Relay B,launch,DATA,Relay B->Ceres,5416,1,0.33949666690159575,2.4491763874101515,0.04780318560498964,,True,,,LOCK JUP-1 (resub)
345.16616243461493,Relay B,launch,DATA,Relay B->Ceres,5412,4,0.3394952070544264,2.449165855868835,0.04780298504296665,,True,,,LOCK JUP-1 (resub)
345.2770899278197,Jupiter,receipt,,Relay B->Jupiter,5416,,,,,,,,,
345.4749180443747,Ceres,hop abandoned,DATA,Ceres->Relay B,5411,,,,,,,,,
345.58616653586415,Relay B,launch,DATA,Relay B->Ceres,5415,2,0.3394926293807998,2.449147260171047,0.04780263090754233,,True,,,LOCK JUP-1 (resub)
345.8237621036847,Relay B,hop abandoned,DATA,Relay B->Ceres,5410,,,,,,,,,
345.8868397153519,Relay B,launch,DATA,Relay B->Ceres,5414,3,0.3394907839707457,2.449133947125453,0.04780237737456883,,True,,,LOCK JUP-1 (resub)
345.95699415912156,Jupiter,endpoint retry,DATA,,,,,,,,,2,,LOCK JUP-1 (resub)
345.95699415912156,Jupiter,enqueue,DATA,,5417,,,,,,,2,,LOCK JUP-1 (resub)
345.95727193689936,Jupiter,launch,DATA,Jupiter->Relay B,5417,1,0.34910032372101796,2.51845850946994,0.049121676234140765,346.3063722606204,False,,,LOCK JUP-1 (resub)
346.3063722606204,Relay B,arrive,DATA,Jupiter->Relay B,5417,,,,,,,,,
346.3066500383982,Relay B,launch,RCPT,Relay B->Jupiter,5417,1,0.34909788047843904,2.518440883576536,0.04912134103248211,346.6557479188766,False,,,receipt LOCK JUP-1 (resub)
346.30692781617597,Relay B,launch,DATA,Relay B->Ceres,5417,1,0.3394882054992081,2.449115345671487,0.047802023129298044,,True,,,LOCK JUP-1 (resub)
346.5447155364909,Relay B,launch,DATA,Relay B->Ceres,5413,4,0.3394867459018087,2.4491048159316473,0.047801822601337474,,True,,,LOCK JUP-1 (resub)
346.60755531656264,Relay B,launch,DATA,Relay B->Ceres,5416,2,0.33948636016748424,2.449102033190609,0.047801769606917066,,True,,,LOCK JUP-1 (resub)
346.6557479188766,Jupiter,receipt,,Relay B->Jupiter,5417,,,,,,,,,
346.8451528487238,Relay B,hop abandoned,DATA,Relay B->Ceres,5412,,,,,,,,,
346.9783649320449,Jupiter,enqueue,DATA,,5418,,,,,,,1,,LOCK JUP-1 (resub)
346.9786427098227,Jupiter,launch,DATA,Jupiter->Relay B,5418,1,0.349110988633754,2.5185354476402955,0.04912313940978419,347.32775369845643,False,,,LOCK JUP-1 (resub)
347.26542957240355,Relay B,launch,DATA,Relay B->Ceres,5415,3,0.33948232166591197,2.4490728988760075,0.047801214773899314,,True,,,LOCK JUP-1 (resub)
347.32775369845643,Relay B,arrive,DATA,Jupiter->Relay B,5418,,,,,,,,,
347.32803147623423,Relay B,launch,RCPT,Relay B->Jupiter,5418,1,0.3491085422388096,2.518517799005565,0.04912280377615719,347.67714001847304,False,,,receipt LOCK JUP-1 (resub)
347.328309254012,Relay B,launch,DATA,Relay B->Ceres,5418,1,0.33948193564441453,2.449070114063085,0.04780116173998816,,True,,,LOCK JUP-1 (resub)
347.5660990610712,Relay B,launch,DATA,Relay B->Ceres,5414,4,0.33948047580770435,2.4490595825967403,0.047800961178966705,,True,,,LOCK JUP-1 (resub)
347.67714001847304,Jupiter,receipt,,Relay B->Jupiter,5418,,,,,,,,,
347.9861820049522,Relay B,launch,DATA,Relay B->Ceres,5417,2,0.33947789670986595,2.4490409766248815,0.04780060684713039,,True,,,LOCK JUP-1 (resub)
348.22368902829453,Relay B,hop abandoned,DATA,Relay B->Ceres,5413,,,,,,,,,
348.2868058146754,Relay B,launch,DATA,Relay B->Ceres,5416,3,0.33947605092998856,2.4490276609109163,0.04780035326280141,,True,,,LOCK JUP-1 (resub)
348.35701412119056,Jupiter,endpoint retry,DATA,,,,,,,,,2,,LOCK JUP-1 (resub)
348.35701412119056,Jupiter,enqueue,DATA,,5419,,,,,,,2,,LOCK JUP-1 (resub)
348.35729189896836,Jupiter,launch,DATA,Jupiter->Relay B,5419,1,0.3491253953660589,2.5186393798200877,0.04912511594182667,348.7064172943344,False,,,LOCK JUP-1 (resub)
348.7064172943344,Relay B,arrive,DATA,Jupiter->Relay B,5419,,,,,,,,,
348.7066950721122,Relay B,launch,RCPT,Relay B->Jupiter,5419,1,0.3491229447162141,2.5186217004895823,0.04912477972514029,349.0558180168284,False,,,receipt LOCK JUP-1 (resub)
348.70697284989,Relay B,launch,DATA,Relay B->Ceres,5419,1,0.3394734710335001,2.449009049177062,0.047799998821007494,,True,,,LOCK JUP-1 (resub)
348.94467199351317,Relay B,launch,DATA,Relay B->Ceres,5415,4,0.3394720114476968,2.448998519521344,0.04779979829422265,,True,,,LOCK JUP-1 (resub)
349.00755090307865,Relay B,launch,DATA,Relay B->Ceres,5418,2,0.3394716253325214,2.4489957340322066,0.04779974524735475,,True,,,LOCK JUP-1 (resub)
349.0558180168284,Jupiter,receipt,,Relay B->Jupiter,5419,,,,,,,,,
349.2450600126866,Relay B,hop abandoned,DATA,Relay B->Ceres,5414,,,,,,,,,
349.37836493204486,Jupiter,enqueue,DATA,,5420,,,,,,,1,,LOCK JUP-1 (resub)
349.37864270982266,Jupiter,launch,DATA,Jupiter->Relay B,5420,1,0.34913607666811686,2.518716436225253,0.049126581360704025,349.7277787864908,False,,,LOCK JUP-1 (resub)
349.6654155761497,Relay B,launch,DATA,Relay B->Ceres,5417,3,0.3394675854172533,2.4489665895192467,0.04779919021893975,,True,,,LOCK JUP-1 (resub)
349.7277787864908,Relay B,arrive,DATA,Jupiter->Relay B,5420,,,,,,,,,
349.72805656426857,Relay B,launch,RCPT,Relay B->Jupiter,5420,1,0.3491336228660771,2.5186987341546487,0.049126244712076494,350.07719018713465,False,,,receipt LOCK JUP-1 (resub)
349.72833434204637,Relay B,launch,DATA,Relay B->Ceres,5420,1,0.33946719901501865,2.4489638019593967,0.04779913713260331,,True,,,LOCK JUP-1 (resub)
349.9660356943132,Relay B,launch,DATA,Relay B->Ceres,5416,4,0.3394657391892224,2.4489532705724297,0.047798936572666983,,True,,,LOCK JUP-1 (resub)
350.07719018713465,Jupiter,receipt,,Relay B->Jupiter,5420,,,,,,,,,
350.3861975697348,Relay B,launch,DATA,Relay B->Ceres,5419,2,0.3394631586664332,2.448934654320247,0.04779858204429854,,True,,,LOCK JUP-1 (resub)
350.62361601640856,Relay B,hop abandoned,DATA,Relay B->Ceres,5415,,,,,,,,,
350.6867719315215,Relay B,launch,DATA,Relay B->Ceres,5418,3,0.3394613125173578,2.4489213359431266,0.04779832840871312,,True,,,LOCK JUP-1 (resub)
350.75703415067596,Jupiter,endpoint retry,DATA,,,,,,,,,2,,LOCK JUP-1 (resub)
350.75703415067596,Jupiter,enqueue,DATA,,5421,,,,,,,2,,LOCK JUP-1 (resub)
350.75731192845376,Jupiter,launch,DATA,Jupiter->Relay B,5421,1,0.34915050601188113,2.51882053152754,0.049128560987762304,351.10646243446564,False,,,LOCK JUP-1 (resub)
351.10646243446564,Relay B,arrive,DATA,Jupiter->Relay B,5421,,,,,,,,,
351.10674021224344,Relay B,launch,RCPT,Relay B->Jupiter,5421,1,0.3491480479550546,2.51880279876177,0.04912822375609238,351.4558882601985,False,,,receipt LOCK JUP-1 (resub)
351.10701799002123,Relay B,launch,DATA,Relay B->Ceres,5421,1,0.33945873119506587,2.448902713923122,0.047797973770275615,,True,,,LOCK JUP-1 (resub)
351.344628524762,Relay B,launch,DATA,Relay B->Ceres,5417,4,0.3394572716215407,2.448892184355942,0.04779777324475043,,True,,,LOCK JUP-1 (resub)
351.4075465178542,Relay B,launch,DATA,Relay B->Ceres,5420,2,0.3394568851255144,2.4488893961195104,0.04779772014545014,,True,,,LOCK JUP-1 (resub)
351.4558882601985,Jupiter,receipt,,Relay B->Jupiter,5421,,,,,,,,,
351.6449671726916,Relay B,hop abandoned,DATA,Relay B->Ceres,5416,,,,,,,,,
351.77836493204484,Jupiter,enqueue,DATA,,5422,,,,,,,1,,LOCK JUP-1 (resub)
351.77864270982263,Jupiter,launch,DATA,Jupiter->Relay B,5422,1,0.349161203698543,2.5188977061334716,0.049130028649201574,352.1278039135212,False,,,LOCK JUP-1 (resub)
352.06540166484547,Relay B,launch,DATA,Relay B->Ceres,5419,3,0.3394528437963231,2.448860241406349,0.047797164921601465,,True,,,LOCK JUP-1 (resub)
352.1278039135212,Relay B,arrive,DATA,Jupiter->Relay B,5422,,,,,,,,,
352.128081691299,Relay B,launch,RCPT,Relay B->Jupiter,5422,1,0.34915874248969203,2.5188799506288313,0.04912969098561781,352.47724043378867,False,,,receipt LOCK JUP-1 (resub)
352.12835946907677,Relay B,launch,DATA,Relay B->Ceres,5422,1,0.3394524570134081,2.4488574511003733,0.04779711178285473,,True,,,LOCK JUP-1 (resub)
352.365972334334,Relay B,launch,DATA,Relay B->Ceres,5418,4,0.33945099719926475,2.4488469197972016,0.04779691122408769,,True,,,LOCK JUP-1 (resub)
352.47724043378867,Jupiter,receipt,,Relay B->Jupiter,5422,,,,,,,,,
352.78621323018916,Relay B,launch,DATA,Relay B->Ceres,5421,2,0.33944841525055836,2.448828293258428,0.047796556499066556,,True,,,LOCK JUP-1 (resub)
353.0235430680051,Relay B,hop abandoned,DATA,Relay B->Ceres,5417,,,,,,,,,
353.086738065883,Relay B,launch,DATA,Relay B->Ceres,5420,3,0.33944656873308077,2.448814972223377,0.04779630281232383,,True,,,LOCK JUP-1 (resub)
353.15705424756254,Jupiter,endpoint retry,DATA,,,,,,,,,2,,LOCK JUP-1 (resub)
353.15705424756254,Jupiter,enqueue,DATA,,5423,,,,,,,2,,LOCK JUP-1 (resub)
353.15733202534034,Jupiter,launch,DATA,Jupiter->Relay B,5423,1,0.34917565565064024,2.519001964535258,0.04913201137080481,353.506507680991,False,,,LOCK JUP-1 (resub)
353.506507680991,Relay B,arrive,DATA,Jupiter->Relay B,5423,,,,,,,,,
353.5067854587688,Relay B,launch,RCPT,Relay B->Jupiter,5423,1,0.34917319018700255,2.518984178336061,0.04913167312419553,353.8559586489558,False,,,receipt LOCK JUP-1 (resub)
353.50706323654657,Relay B,launch,DATA,Relay B->Ceres,5423,1,0.3394439859840759,2.4487963399109596,0.04779594797712228,,True,,,LOCK JUP-1 (resub)
353.7445851302159,Relay B,launch,DATA,Relay B->Ceres,5419,4,0.3394425264234542,2.4487858104367333,0.047795747452940684,,True,,,LOCK JUP-1 (resub)
353.8075421608814,Relay B,launch,DATA,Relay B->Ceres,5422,2,0.33944213954669067,2.448783019453821,0.04779569430122321,,True,,,LOCK JUP-1 (resub)
353.8559586489558,Jupiter,receipt,,Relay B->Jupiter,5423,,,,,,,,,
354.04487432873253,Relay B,hop abandoned,DATA,Relay B->Ceres,5418,,,,,,,,,
354.1783649320448,Jupiter,enqueue,DATA,,5424,,,,,,,1,,LOCK JUP-1 (resub)
354.1786427098226,Jupiter,launch,DATA,Jupiter->Relay B,5424,1,0.34918636971713113,2.5190792573078515,0.04913348127413297,354.52782907953974,False,,,LOCK JUP-1 (resub)
354.4653878384681,Relay B,launch,DATA,Relay B->Ceres,5421,3,0.3394380968033488,2.4487538545386047,0.04779513888190434,,True,,,LOCK JUP-1 (resub)
354.52782907953974,Relay B,arrive,DATA,Jupiter->Relay B,5424,,,,,,,,,
354.52810685731754,Relay B,launch,RCPT,Relay B->Jupiter,5424,1,0.3491839011016964,2.5190614483710148,0.04913314259563717,354.87729075841924,False,,,receipt LOCK JUP-1 (resub)
354.52838463509534,Relay B,launch,DATA,Relay B->Ceres,5424,1,0.3394377096399239,2.448751061487312,0.04779508569076252,,True,,,LOCK JUP-1 (resub)
354.765908981127,Relay B,launch,DATA,Relay B->Ceres,5420,4,0.3394362498380019,2.4487405302723535,0.0477948851332487,,True,,,LOCK JUP-1 (resub)
354.87729075841924,Jupiter,receipt,,Relay B->Jupiter,5424,,,,,,,,,
355.1862289862925,Relay B,launch,DATA,Relay B->Ceres,5423,2,0.3394336664625257,2.4487218934407253,0.04779453021145452,,True,,,LOCK JUP-1 (resub)
355.4234701830628,Relay B,hop abandoned,DATA,Relay B->Ceres,5419,,,,,,,,,
355.48670421775256,Relay B,launch,DATA,Relay B->Ceres,5422,3,0.33943181957732804,2.448708569752967,0.04779427647365342,,True,,,LOCK JUP-1 (resub)
355.5570744118352,Jupiter,endpoint retry,DATA,,,,,,,,,2,,LOCK JUP-1 (resub)
355.5570744118352,Jupiter,enqueue,DATA,,5425,,,,,,,2,,LOCK JUP-1 (resub)
355.55735218961297,Jupiter,launch,DATA,Jupiter->Relay B,5425,1,0.34920084427437814,2.519183678786109,0.04913546708980954,355.90655303388735,False,,,LOCK JUP-1 (resub)
355.90655303388735,Relay B,arrive,DATA,Jupiter->Relay B,5425,,,,,,,,,
355.90683081166515,Relay B,launch,RCPT,Relay B->Jupiter,5425,1,0.34919837140427035,2.519165839155324,0.04913512782830509,356.2560291830694,False,,,receipt LOCK JUP-1 (resub)
355.90710858944294,Relay B,launch,DATA,Relay B->Ceres,5425,1,0.3394292354007007,2.4486899271418663,0.047793921441567466,,True,,,LOCK JUP-1 (resub)
356.14454180985257,Relay B,launch,DATA,Relay B->Ceres,5421,4,0.3394277758536077,2.4486793977650123,0.0477937209188134,,True,,,LOCK JUP-1 (resub)
356.207537832153,Relay B,launch,DATA,Relay B->Ceres,5424,2,0.3394273885962207,2.4486766040364296,0.047793667714693955,,True,,,LOCK JUP-1 (resub)
356.2560291830694,Jupiter,receipt,,Relay B->Jupiter,5425,,,,,,,,,
356.444781480803,Relay B,hop abandoned,DATA,Relay B->Ceres,5420,,,,,,,,,
356.5783649320448,Jupiter,enqueue,DATA,,5426,,,,,,,1,,LOCK JUP-1 (resub)
356.5786427098226,Jupiter,launch,DATA,Jupiter->Relay B,5426,1,0.3492115747160369,2.5192610896911978,0.04913693923435214,356.9278542845386,False,,,LOCK JUP-1 (resub)
356.86537409699537,Relay B,launch,DATA,Relay B->Ceres,5423,3,0.33942334443850086,2.4486474289173117,0.04779311209986847,,True,,,LOCK JUP-1 (resub)
356.9278542845386,Relay B,arrive,DATA,Jupiter->Relay B,5426,,,,,,,,,
356.9281320623164,Relay B,launch,RCPT,Relay B->Jupiter,5426,1,0.34920909869424577,2.5192432273240093,0.0491365995409887,357.27734116101067,False,,,receipt LOCK JUP-1 (resub)
356.9284098400942,Relay B,launch,DATA,Relay B->Ceres,5426,1,0.33942295689456614,2.4486446331215173,0.04779305885634677,,True,,,LOCK JUP-1 (resub)
357.165845634685,Relay B,launch,DATA,Relay B->Ceres,5422,4,0.33942149710549074,2.44863410199918,0.04779285830016988,,True,,,LOCK JUP-1 (resub)
357.27734116101067,Jupiter,receipt,,Relay B->Jupiter,5426,,,,,,,,,
357.58624483802214,Relay B,launch,DATA,Relay B->Ceres,5425,2,0.3394189123023921,2.448615454868428,0.047792503181482204,,True,,,LOCK JUP-1 (resub)
357.8233973615598,Relay B,hop abandoned,DATA,Relay B->Ceres,5421,,,,,,,,,
357.8866703871232,Relay B,launch,DATA,Relay B->Ceres,5424,3,0.3394170650502133,2.4486021285332007,0.0477922493927222,,True,,,LOCK JUP-1 (resub)
357.9570946434784,Jupiter,endpoint retry,DATA,,,,,,,,,2,,LOCK JUP-1 (resub)
357.9570946434784,Jupiter,enqueue,DATA,,5427,,,,,,,2,,LOCK JUP-1 (resub)
357.9573724212562,Jupiter,launch,DATA,Jupiter->Relay B,5427,1,0.3492260718751936,2.519365674222865,0.049138928143629856,358.3065984931314,False,,,LOCK JUP-1 (resub)
358.3065984931314,Relay B,arrive,DATA,Jupiter->Relay B,5427,,,,,,,,,
358.3068762709092,Relay B,launch,RCPT,Relay B->Jupiter,5427,1,0.34922359159878624,2.519347781162337,0.04913858786727465,,True,,,receipt LOCK JUP-1 (resub)
358.307154048687,Relay B,launch,DATA,Relay B->Ceres,5427,1,0.33941447944516767,2.4485834756171494,0.047791894163631166,358.64656852813215,False,,,LOCK JUP-1 (resub)
358.54449856365017,Relay B,launch,DATA,Relay B->Ceres,5423,4,0.3394130199121719,2.4485729463420833,0.04779169364238878,358.88391158356234,False,,,LOCK JUP-1 (resub)
358.60753353166115,Relay B,launch,DATA,Relay B->Ceres,5426,2,0.3394126322743318,2.4485701498686425,0.04779164038588246,358.9469461639355,False,,,LOCK JUP-1 (resub)
358.64656852813215,Ceres,arrive,DATA,Relay B->Ceres,5427,,,,,,,,,
358.64656852813215,Ceres,deliver,,,,,,,,,,,9,LOCK JUP-1 (resub)
358.64656852813215,Ceres,enqueue,DATA,,5428,,,,,,,1,,SETTLE JUP-1 (recorded answer)
358.64656852813215,Ceres,enqueue,DACK,,5429,,,,,,,1,,DACK LOCK JUP-1 (resub)
358.64684630590995,Ceres,launch,RCPT,Ceres->Relay B,5427,1,0.33944928951399334,2.448834600317663,0.04779667661112941,358.98629559542394,False,,,receipt LOCK JUP-1 (resub)
358.64712408368774,Ceres,launch,DATA,Ceres->Relay B,5428,1,0.3394492878056212,2.4488345879932245,0.04779667637642193,358.98657337149336,False,,,SETTLE JUP-1 (recorded answer)
358.64740186146554,Ceres,launch,DACK,Ceres->Relay B,5429,1,0.3394492860972491,2.4488345756687804,0.047796676141714456,358.9868511475628,False,,,DACK LOCK JUP-1 (resub)
358.844688628896,Relay B,hop abandoned,DATA,Relay B->Ceres,5422,,,,,,,,,
358.88391158356234,Ceres,arrive,DATA,Relay B->Ceres,5423,,,,,,,,,
358.88391158356234,Ceres,deliver,,,,,,,,,,,7,LOCK JUP-1 (resub)
358.88391158356234,Ceres,enqueue,DATA,,5430,,,,,,,1,,SETTLE JUP-1 (recorded answer)
358.88391158356234,Ceres,enqueue,DACK,,5431,,,,,,,1,,DACK LOCK JUP-1 (resub)
358.88418936134013,Ceres,launch,RCPT,Ceres->Relay B,5423,1,0.33944782979403954,2.448824069693874,0.04779647606520887,359.2236371911342,False,,,receipt LOCK JUP-1 (resub)
358.88446713911793,Ceres,launch,DATA,Ceres->Relay B,5430,1,0.3394478280856106,2.4488240573689866,0.047796475830492846,359.22391496720354,False,,,SETTLE JUP-1 (recorded answer)
358.8847449168957,Ceres,launch,DACK,Ceres->Relay B,5431,1,0.3394478263771248,2.448824045044102,0.04779647559577693,359.22419274327285,False,,,DACK LOCK JUP-1 (resub)
358.9469461639355,Ceres,arrive,DATA,Relay B->Ceres,5426,,,,,,,,,
358.9469461639355,Ceres,deliver,,,,,,,,,,,19,LOCK JUP-1 (resub)
358.9469461639355,Ceres,enqueue,DATA,,5432,,,,,,,1,,SETTLE JUP-1 (recorded answer)
358.9469461639355,Ceres,enqueue,DACK,,5433,,,,,,,1,,DACK LOCK JUP-1 (resub)
358.9472239417133,Ceres,launch,RCPT,Ceres->Relay B,5426,1,0.33944744210651834,2.4488212728622214,0.04779642280214824,359.2866713838198,False,,,receipt LOCK JUP-1 (resub)
358.9475017194911,Ceres,launch,DATA,Ceres->Relay B,5432,1,0.3394474403980894,2.4488212605372213,0.04779642256743011,359.28694915988916,False,,,SETTLE JUP-1 (recorded answer)
358.94777949726887,Ceres,launch,DACK,Ceres->Relay B,5433,1,0.33944743868966043,2.448821248212216,0.04779642233271186,359.28722693595853,False,,,DACK LOCK JUP-1 (resub)
358.97836493204477,Jupiter,enqueue,DATA,,5434,,,,,,,1,,LOCK JUP-1 (resub)
358.97864270982257,Jupiter,launch,DATA,Jupiter->Relay B,5434,1,0.3492368186871886,2.519443203226223,0.049140402528711435,,True,,,LOCK JUP-1 (resub)
358.98629559542394,Relay B,receipt,,Ceres->Relay B,5427,,,,,,,,,
358.98657337149336,Relay B,arrive,DATA,Ceres->Relay B,5428,,,,,,,,,
358.9868511475628,Relay B,arrive,DACK,Ceres->Relay B,5429,,,,,,,,,
358.98685114927116,Relay B,launch,RCPT,Relay B->Ceres,5428,1,0.3394102995566186,2.4485533213169264,0.047791319900076124,359.3262614488278,False,,,receipt SETTLE JUP-1 (recorded answer)
358.98712892704896,Relay B,launch,DATA,Relay B->Jupiter,5428,1,0.3492307469282423,2.5193994007086356,0.04913956952746168,,True,,,SETTLE JUP-1 (recorded answer)
358.98712892704896,Relay B,launch,RCPT,Relay B->Ceres,5429,1,0.33941029784830334,2.448553308992868,0.04779131966537453,359.32653922489726,False,,,receipt DACK LOCK JUP-1 (resub)
358.98740670482675,Relay B,launch,DACK,Relay B->Jupiter,5429,1,0.349230749850733,2.5193994217918316,0.04913956992840518,,True,,,DACK LOCK JUP-1 (resub)
359.2236371911342,Relay B,receipt,,Ceres->Relay B,5423,,,,,,,,,
359.22391496720354,Relay B,arrive,DATA,Ceres->Relay B,5430,,,,,,,,,
359.22419274327285,Relay B,arrive,DACK,Ceres->Relay B,5431,,,,,,,,,
359.22419274498134,Relay B,launch,RCPT,Relay B->Ceres,5430,1,0.3394088398911208,2.448542791086158,0.04779111936051217,359.56360158487246,False,,,receipt SETTLE JUP-1 (recorded answer)
359.22447052275913,Relay B,launch,DATA,Relay B->Jupiter,5430,1,0.3492332441745134,2.519417416192032,0.049139912131605956,,True,,,SETTLE JUP-1 (recorded answer)
359.22447052275913,Relay B,launch,RCPT,Relay B->Ceres,5431,1,0.3394088381827487,2.448542778761659,0.04779111912580225,359.5638793609419,False,,,receipt DACK LOCK JUP-1 (resub)
359.22474830053693,Relay B,launch,DACK,Relay B->Jupiter,5431,1,0.349233247097402,2.5194174372784457,0.04913991253261052,,True,,,DACK LOCK JUP-1 (resub)
359.2653604404047,Relay B,launch,DATA,Relay B->Ceres,5425,3,0.339408586701893,2.4485409645437652,0.04779108457551373,359.6047690271066,False,,,LOCK JUP-1 (resub)
359.2866713838198,Relay B,receipt,,Ceres->Relay B,5426,,,,,,,,,
359.28694915988916,Relay B,arrive,DATA,Ceres->Relay B,5432,,,,,,,,,
359.28722693595853,Relay B,arrive,DACK,Ceres->Relay B,5433,,,,,,,,,
359.28722693766696,Relay B,launch,RCPT,Relay B->Ceres,5432,1,0.3394084522180947,2.4485399943588995,0.04779106609913997,359.62663538988505,False,,,receipt SETTLE JUP-1 (recorded answer)
359.28750471544475,Relay B,launch,DATA,Relay B->Jupiter,5432,1,0.3492339074678057,2.5194222012828993,0.04914000313064004,,True,,,SETTLE JUP-1 (recorded answer)
359.28750471544475,Relay B,launch,RCPT,Relay B->Ceres,5433,1,0.33940845050972257,2.4485399820342835,0.04779106586442783,359.6269131659545,False,,,receipt DACK LOCK JUP-1 (resub)
359.28778249322255,Relay B,launch,DACK,Relay B->Jupiter,5433,1,0.3492339103908648,2.519422222370168,0.049140003531660814,,True,,,DACK LOCK JUP-1 (resub)
359.3262614488278,Ceres,receipt,,Relay B->Ceres,5428,,,,,,,,,
359.32653922489726,Ceres,receipt,,Relay B->Ceres,5429,,,,,,,,,
359.56360158487246,Ceres,receipt,,Relay B->Ceres,5430,,,,,,,,,
359.5638793609419,Ceres,receipt,,Relay B->Ceres,5431,,,,,,,,,
359.56578229500144,Relay B,launch,DATA,Relay B->Ceres,5424,4,0.3394067390020723,2.4485276349789924,0.04779083072487167,359.9051890340035,False,,,LOCK JUP-1 (resub)
359.6047690271066,Ceres,arrive,DATA,Relay B->Ceres,5425,,,,,,,,,
359.6047690271066,Ceres,deliver,,,,,,,,,,,8,LOCK JUP-1 (resub)
359.6047690271066,Ceres,enqueue,DATA,,5435,,,,,,,1,,SETTLE JUP-1 (recorded answer)
359.6047690271066,Ceres,enqueue,DACK,,5436,,,,,,,1,,DACK LOCK JUP-1 (resub)
359.6050468048844,Ceres,launch,RCPT,Ceres->Relay B,5425,1,0.3394433960158949,2.448792083798936,0.04779586692337656,359.9444902009003,False,,,receipt LOCK JUP-1 (resub)
359.6053245826622,Ceres,launch,DATA,Ceres->Relay B,5435,1,0.3394433943072386,2.448792071472703,0.04779586668863478,359.94476797696944,False,,,SETTLE JUP-1 (recorded answer)
359.60560236044,Ceres,launch,DACK,Ceres->Relay B,5436,1,0.3394433925986391,2.4487920591464682,0.04779586645389289,359.94504575303864,False,,,DACK LOCK JUP-1 (resub)
359.62663538988505,Ceres,receipt,,Relay B->Ceres,5432,,,,,,,,,
359.6269131659545,Ceres,receipt,,Relay B->Ceres,5433,,,,,,,,,
359.6561023427844,Jupiter,launch,DATA,Jupiter->Relay B,5427,2,0.34924395147731957,2.5194946601705523,0.04914138109479527,,True,,,LOCK JUP-1 (resub)
359.9051890340035,Ceres,arrive,DATA,Relay B->Ceres,5424,,,,,,,,,
359.9051890340035,Ceres,deliver,,,,,,,,,,,18,LOCK JUP-1 (resub)
359.9051890340035,Ceres,enqueue,DATA,,5437,,,,,,,1,,SETTLE JUP-1 (recorded answer)
359.9051890340035,Ceres,enqueue,DACK,,5438,,,,,,,1,,DACK LOCK JUP-1 (resub)
359.9054668117813,Ceres,launch,RCPT,Ceres->Relay B,5424,1,0.3394415480793782,2.4487787525267586,0.04779561304149338,360.2449083598607,False,,,receipt LOCK JUP-1 (resub)
359.9057445895591,Ceres,launch,DATA,Ceres->Relay B,5437,1,0.33944154637066504,2.448778740199965,0.04779561280674083,360.24518613592977,False,,,SETTLE JUP-1 (recorded answer)
359.9060223673369,Ceres,launch,DACK,Ceres->Relay B,5438,1,0.33944154466195187,2.4487787278731696,0.04779561257198828,360.24546391199885,False,,,DACK LOCK JUP-1 (resub)
359.9444902009003,Relay B,receipt,,Ceres->Relay B,5425,,,,,,,,,
359.94476797696944,Relay B,arrive,DATA,Ceres->Relay B,5435,,,,,,,,,
359.94504575303864,Relay B,arrive,DACK,Ceres->Relay B,5436,,,,,,,,,
359.94504575474724,Relay B,launch,RCPT,Relay B->Ceres,5435,1,0.3394044062785042,2.448510806385288,0.04779051023799308,360.28445016102575,False,,,receipt SETTLE JUP-1 (recorded answer)
359.94532353252504,Relay B,launch,DATA,Relay B->Jupiter,5435,1,0.34924083113764937,2.5194721496044283,0.04914095300738264,,True,,,SETTLE JUP-1 (recorded answer)
359.94532353252504,Relay B,launch,RCPT,Relay B->Ceres,5436,1,0.33940440456996157,2.4485107940594384,0.04779051000325729,360.284727937095,False,,,receipt DACK LOCK JUP-1 (resub)
359.94560131030283,Relay B,launch,DACK,Relay B->Jupiter,5436,1,0.34924083406195905,2.5194721707006136,0.04914095340857261,,True,,,DACK LOCK JUP-1 (resub)
360.2449083598607,Relay B,receipt,,Ceres->Relay B,5424,,,,,,,,,
360.24518613592977,Relay B,arrive,DATA,Ceres->Relay B,5437,,,,,,,,,
360.24546391199885,Relay B,arrive,DACK,Ceres->Relay B,5438,,,,,,,,,
360.24546391370757,Relay B,launch,RCPT,Relay B->Ceres,5437,1,0.3394025584109954,2.448497475610911,0.0477902563641619,360.58486647211856,False,,,receipt SETTLE JUP-1 (recorded answer)
360.24574169148536,Relay B,launch,DATA,Relay B->Jupiter,5437,1,0.3492439940703207,2.519494967442359,0.04914138693823622,,True,,,SETTLE JUP-1 (recorded answer)
360.24574169148536,Relay B,launch,RCPT,Relay B->Ceres,5438,1,0.3394025567023391,2.4484974632845042,0.04779025612941534,360.5851442481877,False,,,receipt DACK LOCK JUP-1 (resub)
360.24601946926316,Relay B,launch,DACK,Relay B->Jupiter,5438,1,0.34924399699514197,2.519494988542617,0.04914138733950346,,True,,,DACK LOCK JUP-1 (resub)
360.28445016102575,Ceres,receipt,,Relay B->Ceres,5435,,,,,,,,,
360.284727937095,Ceres,receipt,,Relay B->Ceres,5436,,,,,,,,,
360.3571149424773,Jupiter,endpoint retry,DATA,,,,,,,,,2,,LOCK JUP-1 (resub)
360.3571149424773,Jupiter,enqueue,DATA,,5439,,,,,,,2,,LOCK JUP-1 (resub)
360.3573927202551,Jupiter,launch,DATA,Jupiter->Relay B,5439,1,0.3492513384450717,2.5195479507882053,0.04914239453111724,,True,,,LOCK JUP-1 (resub)
360.58486647211856,Ceres,receipt,,Relay B->Ceres,5437,,,,,,,,,
360.5851442481877,Ceres,receipt,,Relay B->Ceres,5438,,,,,,,,,
360.67739412497474,Jupiter,launch,DATA,Jupiter->Relay B,5434,2,0.34925471025121624,2.51957227546864,0.049142857117152605,,True,,,LOCK JUP-1 (resub)
360.68586819868324,Relay B,launch,DATA,Relay B->Jupiter,5428,2,0.3492486290152783,2.5195284045831117,0.04914202281788915,,True,,,SETTLE JUP-1 (recorded answer)
360.686145982306,Relay B,launch,DACK,Relay B->Jupiter,5429,2,0.3492486319410091,2.519528425689778,0.049142023219278075,,True,,,DACK LOCK JUP-1 (resub)
360.92321478888596,Relay B,launch,DATA,Relay B->Jupiter,5430,2,0.3492511290413063,2.5195464401202132,0.049142365802513854,,True,,,SETTLE JUP-1 (recorded answer)
360.92349257250953,Relay B,launch,DACK,Relay B->Jupiter,5431,2,0.3492511319674918,2.5195464612300977,0.04914236620396373,,True,,,DACK LOCK JUP-1 (resub)
360.98625030815816,Relay B,launch,DATA,Relay B->Jupiter,5432,2,0.34925179307293774,2.519551230536991,0.049142456902596776,,True,,,SETTLE JUP-1 (recorded answer)
360.9865280917821,Relay B,launch,DACK,Relay B->Jupiter,5433,2,0.34925179599923695,2.519551251647731,0.04914245730406286,,True,,,DACK LOCK JUP-1 (resub)
361.3548680235168,Jupiter,launch,DATA,Jupiter->Relay B,5427,3,0.3492618509758927,2.5196237896542892,0.049143836769275584,,True,,,LOCK JUP-1 (resub)
361.37836493204475,Jupiter,enqueue,DATA,,5440,,,,,,,1,,LOCK JUP-1 (resub)
361.37864270982254,Jupiter,launch,DATA,Jupiter->Relay B,5440,1,0.34926210162274174,2.5196255978555437,0.049143871156061114,,True,,,LOCK JUP-1 (resub)
361.64408297257813,Relay B,launch,DATA,Relay B->Jupiter,5435,2,0.3492587244470542,2.519601234438279,0.049143407833855735,,True,,,SETTLE JUP-1 (recorded answer)
361.64436075620455,Relay B,launch,DACK,Relay B->Jupiter,5436,2,0.34925872737460395,2.5196012555579346,0.049143408235491015,,True,,,DACK LOCK JUP-1 (resub)
361.9445074574038,Relay B,launch,DATA,Relay B->Jupiter,5437,2,0.34926189089804893,2.519624077658261,0.049143842246282654,,True,,,SETTLE JUP-1 (recorded answer)
361.94478524103124,Relay B,launch,DACK,Relay B->Jupiter,5438,2,0.3492618938261671,2.5196240987819873,0.049143842647995095,,True,,,DACK LOCK JUP-1 (resub)
362.05617317492306,Jupiter,launch,DATA,Jupiter->Relay B,5439,2,0.34926924615712096,2.5196771395248967,0.049144851329799843,,True,,,LOCK JUP-1 (resub)
362.37618132325497,Jupiter,launch,DATA,Jupiter->Relay B,5434,3,0.3492726217110089,2.5197014912420226,0.049145314428799214,,True,,,LOCK JUP-1 (resub)
362.3846432344916,Relay B,launch,DATA,Relay B->Jupiter,5428,3,0.34926653099756777,2.5196575519842437,0.049144478831449234,,True,,,SETTLE JUP-1 (recorded answer)
362.38492102396583,Relay B,launch,DACK,Relay B->Jupiter,5429,3,0.3492665339265386,2.5196575731143795,0.04914447923328347,,True,,,DACK LOCK JUP-1 (resub)
362.62199482474637,Relay B,launch,DATA,Relay B->Jupiter,5430,3,0.3492690338031821,2.5196756075738698,0.04914482219652894,,True,,,SETTLE JUP-1 (recorded answer)
362.6222726142223,Relay B,launch,DACK,Relay B->Jupiter,5431,3,0.3492690367326077,2.519675628707224,0.04914482259842412,,True,,,DACK LOCK JUP-1 (resub)
362.68503167208183,Relay B,launch,DATA,Relay B->Jupiter,5432,3,0.349269698573039,2.519680403316245,0.04914491339765392,,True,,,SETTLE JUP-1 (recorded answer)
362.68530946155835,Relay B,launch,DACK,Relay B->Jupiter,5433,3,0.3492697015025783,2.5196804244504527,0.049144913799565315,,True,,,DACK LOCK JUP-1 (resub)
362.7571353088164,Jupiter,endpoint retry,DATA,,,,,,,,,2,,LOCK JUP-1 (resub)
362.7571353088164,Jupiter,enqueue,DATA,,5441,,,,,,,2,,LOCK JUP-1 (resub)
362.75741308659417,Jupiter,launch,DATA,Jupiter->Relay B,5441,1,0.34927664397611125,2.5197305084247157,0.049145866251121606,,True,,,LOCK JUP-1 (resub)
363.0,Jupiter,endpoint reset,,,,,,,,,,,,
363.0,Jupiter,enqueue,SYN,,5442,,,,,,,1,,SYN Jupiter-Ceres
363.0002777777778,Jupiter,launch,SYN,Jupiter->Relay B,5442,1,0.3492792068831818,2.519748997594026,0.04914621786111795,,True,,,SYN Jupiter-Ceres
363.0536695032464,Jupiter,launch,DATA,Jupiter->Relay B,5427,4,0.34927977036983293,2.519753062665614,0.04914629516688873,,True,,,LOCK JUP-1 (resub)
363.0774446908458,Jupiter,launch,DATA,Jupiter->Relay B,5440,2,0.34928002129510105,2.519754872875495,0.049146329591783555,,True,,,LOCK JUP-1 (resub)
363.34287819925004,Relay B,launch,DATA,Relay B->Jupiter,5435,3,0.3492766376509735,2.5197304627940076,0.04914586538335863,,True,,,SETTLE JUP-1 (recorded answer)
363.34315598873155,Relay B,launch,DACK,Relay B->Jupiter,5436,3,0.34927664058176333,2.5197304839371295,0.049145865785439224,,True,,,DACK LOCK JUP-1 (resub)
363.6433090169777,Relay B,launch,DATA,Relay B->Jupiter,5437,3,0.3492798076201211,2.5197533313945417,0.04914630027732669,,True,,,SETTLE JUP-1 (recorded answer)
363.64358680646137,Relay B,launch,DACK,Relay B->Jupiter,5438,3,0.3492798105514794,2.5197533525417355,0.049146300679484334,,True,,,DACK LOCK JUP-1 (resub)
363.7549894450151,Jupiter,launch,DATA,Jupiter->Relay B,5439,3,0.34928717376402574,2.5198064717856767,0.049147310851539894,,True,,,LOCK JUP-1 (resub)
364.0750043444548,Jupiter,launch,DATA,Jupiter->Relay B,5434,4,0.34929055306537293,2.5198308505378963,0.049147774463469074,364.42429489752016,False,,,LOCK JUP-1 (resub)
364.0834540742645,Relay B,launch,DATA,Relay B->Jupiter,5428,4,0.3492844528738033,2.519786842903559,0.049146937567959736,364.4327385271383,False,,,SETTLE JUP-1 (recorded answer)
364.0837318695967,Relay B,launch,DACK,Relay B->Jupiter,5429,4,0.34928445580607104,2.519786864057162,0.04914693797023906,364.4330163254028,False,,,DACK LOCK JUP-1 (resub)
364.1362143088278,Ceres,endpoint retry,DATA,,,,,,,,,4,,SETTLE JUP-1
364.1362143088278,Ceres,enqueue,DATA,,5443,,,,,,,4,,SETTLE JUP-1
364.1364920866056,Ceres,launch,DATA,Ceres->Relay B,5443,1,0.33941551335573195,2.4485909343930174,0.04779203620975747,364.4759075999613,False,,,SETTLE JUP-1
364.3208106701305,Relay B,launch,DATA,Relay B->Jupiter,5430,4,0.34928695845889024,2.519804918544523,0.049147281313468905,364.6700976285894,False,,,SETTLE JUP-1 (recorded answer)
364.3210884654653,Relay B,launch,DACK,Relay B->Jupiter,5431,4,0.34928696139161275,2.5198049397013422,0.04914728171580929,364.67037542685694,False,,,DACK LOCK JUP-1 (resub)
364.3838488470057,Relay B,launch,DATA,Relay B->Jupiter,5432,4,0.3492876239669158,2.5198097196121796,0.04914737261562918,364.7331364709726,False,,,SETTLE JUP-1 (recorded answer)
364.3841266423413,Relay B,launch,DACK,Relay B->Jupiter,5433,4,0.34928762689969517,2.5198097407698543,0.049147373017985774,364.733414269241,False,,,DACK LOCK JUP-1 (resub)
364.42429489752016,Relay B,arrive,DATA,Jupiter->Relay B,5434,,,,,,,,,
364.42457267529795,Relay B,launch,RCPT,Relay B->Jupiter,5434,1,0.34928805391166406,2.519812821293751,0.04914743160046875,364.7738607292096,False,,,receipt LOCK JUP-1 (resub)
364.42485045307575,Relay B,launch,DATA,Relay B->Ceres,5434,1,0.33937684233916343,2.448311956276018,0.04778672329124101,364.7642272954149,False,,,LOCK JUP-1 (resub)
364.4327385271383,Jupiter,arrive,DATA,Relay B->Jupiter,5428,,,,,,,,,
364.4330163049161,Jupiter,launch,RCPT,Jupiter->Relay B,5428,1,0.3492943344297714,2.5198581298287173,0.04914829323481529,364.7823106393459,False,,,receipt SETTLE JUP-1 (recorded answer)
364.4330163254028,Jupiter,arrive,DACK,Relay B->Jupiter,5429,,,,,,,,,
364.4332941031806,Jupiter,launch,RCPT,Jupiter->Relay B,5429,1,0.3492943373642561,2.5198581509984246,0.049148293637400364,364.7825884405448,False,,,receipt DACK LOCK JUP-1 (resub)
364.4562441523242,Jupiter,launch,DATA,Jupiter->Relay B,5441,2,0.34929457979495737,2.5198598999274764,0.04914832689684323,364.80553873211915,False,,,LOCK JUP-1 (resub)
364.4759075999613,Relay B,arrive,DATA,Ceres->Relay B,5443,,,,,,,,,
364.4761853777391,Relay B,launch,RCPT,Relay B->Ceres,5443,1,0.33937652637035853,2.4483096768328823,0.04778667988091967,364.8155619041095,False,,,receipt SETTLE JUP-1
364.4764631555169,Relay B,launch,DATA,Relay B->Jupiter,5443,1,0.34928860176540866,2.519816773587195,0.04914750676143331,364.8257517572823,False,,,SETTLE JUP-1
364.6700976285894,Jupiter,arrive,DATA,Relay B->Jupiter,5430,,,,,,,,,
364.6703754063672,Jupiter,launch,RCPT,Jupiter->Relay B,5430,1,0.3492968419222393,2.5198762192296345,0.04914863724150775,365.01967224828945,False,,,receipt SETTLE JUP-1 (recorded answer)
364.67037542685694,Jupiter,arrive,DACK,Relay B->Jupiter,5431,,,,,,,,,
364.67065320463473,Jupiter,launch,RCPT,Jupiter->Relay B,5431,1,0.34929684485712187,2.519876240402559,0.04914863764415389,365.01995004949185,False,,,receipt DACK LOCK JUP-1 (resub)
364.69911396932196,Jupiter,launch,SYN,Jupiter->Relay B,5442,2,0.34929714554596103,2.5198784096139653,0.04914867889610541,365.0484111148679,False,,,SYN Jupiter-Ceres
364.7331364709726,Jupiter,arrive,DATA,Relay B->Jupiter,5432,,,,,,,,,
364.7334142487504,Jupiter,launch,RCPT,Jupiter->Relay B,5432,1,0.3492975079367966,2.519881023951718,0.04914872861303421,365.0827117566872,False,,,receipt SETTLE JUP-1 (recorded answer)
364.733414269241,Jupiter,arrive,DACK,Relay B->Jupiter,5433,,,,,,,,,
364.7336920470188,Jupiter,launch,RCPT,Jupiter->Relay B,5433,1,0.34929751087179284,2.519881045125497,0.049148729015696446,365.0829895578906,False,,,receipt DACK LOCK JUP-1 (resub)
364.75222904398606,Jupiter,hop abandoned,DATA,Jupiter->Relay B,5427,,,,,,,,,
364.7642272954149,Ceres,arrive,DATA,Relay B->Ceres,5434,,,,,,,,,
364.7642272954149,Ceres,deliver,,,,,,,,,,,20,LOCK JUP-1 (resub)
364.7642272954149,Ceres,enqueue,DACK,,5444,,,,,,,1,,DACK LOCK JUP-1 (resub)
364.7645050731927,Ceres,launch,RCPT,Ceres->Relay B,5434,1,0.33941164758709874,2.448563046198064,0.047791505102382725,365.1039167207798,False,,,receipt LOCK JUP-1 (resub)
364.7647828509705,Ceres,launch,DACK,Ceres->Relay B,5444,1,0.339411645877135,2.44856303386219,0.0477915048674562,365.10419449684764,False,,,DACK LOCK JUP-1 (resub)
364.7738607292096,Jupiter,receipt,,Relay B->Jupiter,5434,,,,,,,,,
364.7762825112138,Jupiter,launch,DATA,Jupiter->Relay B,5440,3,0.34929796086157694,2.5198842914144373,0.04914879075045375,365.1255804720754,False,,,LOCK JUP-1 (resub)
364.7823106393459,Relay B,receipt,,Jupiter->Relay B,5428,,,,,,,,,
364.7825884405448,Relay B,receipt,,Jupiter->Relay B,5429,,,,,,,,,
364.80553873211915,Relay B,arrive,DATA,Jupiter->Relay B,5441,,,,,,,,,
364.80581650989694,Relay B,launch,RCPT,Relay B->Jupiter,5441,1,0.34929207946487395,2.519841862197012,0.04914798387265751,365.1551085893618,False,,,receipt LOCK JUP-1 (resub)
364.80609428767474,Relay B,launch,DATA,Relay B->Ceres,5441,1,0.33937449570731815,2.448295027345801,0.04778640089214414,365.14546878338206,False,,,LOCK JUP-1 (resub)
364.8155619041095,Ceres,receipt,,Relay B->Ceres,5443,,,,,,,,,
364.8257517572823,Jupiter,arrive,DATA,Relay B->Jupiter,5443,,,,,,,,,
364.8260295350601,Jupiter,launch,RCPT,Jupiter->Relay B,5443,1,0.34929848647948347,2.519888083295735,0.049148862860749376,365.1753280215396,False,,,receipt SETTLE JUP-1
365.01967224828945,Relay B,receipt,,Jupiter->Relay B,5430,,,,,,,,,
365.01995004949185,Relay B,receipt,,Jupiter->Relay B,5431,,,,,,,,,
365.0417092523298,Relay B,launch,DATA,Relay B->Jupiter,5435,4,0.3492945707482136,2.5198598346631287,0.049148325655708924,365.391003823078,False,,,SETTLE JUP-1 (recorded answer)
365.0419870476729,Relay B,launch,DACK,Relay B->Jupiter,5436,4,0.3492945736822435,2.51985985582972,0.049148326058234715,365.3912816213551,False,,,DACK LOCK JUP-1 (resub)
365.0484111148679,Relay B,arrive,SYN,Jupiter->Relay B,5442,,,,,,,,,
365.0486888926457,Relay B,launch,RCPT,Relay B->Jupiter,5442,1,0.3492946444665108,2.5198603664772925,0.049148335769236606,365.3979835371122,False,,,receipt SYN Jupiter-Ceres
365.0489666704235,Relay B,launch,SYN,Relay B->Ceres,5442,1,0.33937300070869014,2.4482842422166926,0.047786195497189876,365.3883396711322,False,,,SYN Jupiter-Ceres
365.0827117566872,Relay B,receipt,,Jupiter->Relay B,5432,,,,,,,,,
365.0829895578906,Relay B,receipt,,Jupiter->Relay B,5433,,,,,,,,,
365.1039167207798,Relay B,receipt,,Ceres->Relay B,5434,,,,,,,,,
365.10419449684764,Relay B,arrive,DACK,Ceres->Relay B,5444,,,,,,,,,
365.10447227462544,Relay B,launch,RCPT,Relay B->Ceres,5444,1,0.3393726590367123,2.4482817773475776,0.04778614855554075,365.44384493366215,False,,,receipt DACK LOCK JUP-1 (resub)
365.10475005240323,Relay B,launch,DACK,Relay B->Jupiter,5444,1,0.3492952365911606,2.5198646381473186,0.04914841700372419,365.4540452889944,False,,,DACK LOCK JUP-1 (resub)
365.1255804720754,Relay B,arrive,DATA,Jupiter->Relay B,5440,,,,,,,,,
365.1258582498532,Relay B,launch,RCPT,Relay B->Jupiter,5440,1,0.34929545954400965,2.51986624656002,0.049148447590959043,365.4751537093972,False,,,receipt LOCK JUP-1 (resub)
365.126136027631,Relay B,launch,DATA,Relay B->Ceres,5440,1,0.33937252568188114,2.448280815307281,0.04778613023417866,365.4655085533129,False,,,LOCK JUP-1 (resub)
365.14546878338206,Ceres,arrive,DATA,Relay B->Ceres,5441,,,,,,,,,
365.14546878338206,Ceres,deliver,,,,,,,,,,,11,LOCK JUP-1 (resub)
365.14546878338206,Ceres,enqueue,DACK,,5445,,,,,,,1,,DACK LOCK JUP-1 (resub)
365.14574656115985,Ceres,launch,RCPT,Ceres->Relay B,5441,1,0.33940930065466546,2.4485461150995396,0.047791182663611265,365.4851558618145,False,,,receipt LOCK JUP-1 (resub)
365.14602433893765,Ceres,launch,DACK,Ceres->Relay B,5445,1,0.33940929894458804,2.4485461027629523,0.047791182428671086,365.48543363788224,False,,,DACK LOCK JUP-1 (resub)
365.1551085893618,Jupiter,receipt,,Relay B->Jupiter,5441,,,,,,,,,
365.1753280215396,Relay B,receipt,,Jupiter->Relay B,5443,,,,,,,,,
365.34214640999573,Relay B,launch,DATA,Relay B->Jupiter,5437,4,0.34929774423534354,2.519882728642715,0.049148761031185706,365.6914441542311,False,,,SETTLE JUP-1 (recorded answer)
365.3424242053421,Relay B,launch,DACK,Relay B->Jupiter,5438,4,0.3492977471699419,2.519882749813376,0.04914876143378866,365.69172195251207,False,,,DACK LOCK JUP-1 (resub)
365.3883396711322,Ceres,arrive,SYN,Relay B->Ceres,5442,,,,,,,,,
365.3883396711322,Ceres,enqueue,SYNACK,,5446,,,,,,,1,,SYN-ACK Ceres-Jupiter
365.38861744891,Ceres,launch,RCPT,Ceres->Relay B,5442,1,0.339407805464532,2.4485353285890414,0.047790977243380994,365.72802525437453,False,,,receipt SYN Jupiter-Ceres
365.3888952266878,Ceres,launch,SYNACK,Ceres->Relay B,5446,1,0.3394078037543977,2.448535316252,0.047790977008432156,365.7283030304422,False,,,SYN-ACK Ceres-Jupiter
365.391003823078,Jupiter,arrive,DATA,Relay B->Jupiter,5435,,,,,,,,,
365.3912816008558,Jupiter,launch,RCPT,Jupiter->Relay B,5435,1,0.3493044600045323,2.5199311771398736,0.04914968237701034,365.7405860608603,False,,,receipt SETTLE JUP-1 (recorded answer)
365.3912816213551,Jupiter,arrive,DACK,Relay B->Jupiter,5436,,,,,,,,,
365.3915593991329,Jupiter,launch,RCPT,Jupiter->Relay B,5436,1,0.34930446294083595,2.5199311983225674,0.049149682779841664,365.74086386207375,False,,,receipt DACK LOCK JUP-1 (resub)
365.3979835371122,Jupiter,receipt,,Relay B->Jupiter,5442,,,,,,,,,
365.44384493366215,Ceres,receipt,,Relay B->Ceres,5444,,,,,,,,,
365.45384157032095,Jupiter,launch,DATA,Jupiter->Relay B,5439,4,0.3493051212645355,2.51993594756206,0.04914977309615498,365.8031466915855,False,,,LOCK JUP-1 (resub)
365.4540452889944,Jupiter,arrive,DACK,Relay B->Jupiter,5444,,,,,,,,,
365.4543230667722,Jupiter,launch,RCPT,Jupiter->Relay B,5444,1,0.34930512635406785,2.519935984278633,0.049149773794394225,365.80362819312626,False,,,receipt DACK LOCK JUP-1 (resub)
365.4655085533129,Ceres,arrive,DATA,Relay B->Ceres,5440,,,,,,,,,
365.4655085533129,Ceres,deliver,,,,,,,,,,,21,LOCK JUP-1 (resub)
365.4655085533129,Ceres,enqueue,DACK,,5447,,,,,,,1,,DACK LOCK JUP-1 (resub)
365.46578633109067,Ceres,launch,RCPT,Ceres->Relay B,5440,1,0.33940733037695736,2.4485319012407016,0.047790911972338534,365.8051936614676,False,,,receipt LOCK JUP-1 (resub)
365.46606410886847,Ceres,launch,DACK,Ceres->Relay B,5447,1,0.3394073286668231,2.448531888903515,0.04779091173738692,365.8054714375353,False,,,DACK LOCK JUP-1 (resub)
365.4751537093972,Jupiter,receipt,,Relay B->Jupiter,5440,,,,,,,,,
365.4851558618145,Relay B,receipt,,Ceres->Relay B,5441,,,,,,,,,
365.48543363788224,Relay B,arrive,DACK,Ceres->Relay B,5445,,,,,,,,,
365.48571141566003,Relay B,launch,RCPT,Relay B->Ceres,5445,1,0.33937031219215896,2.4482648468829606,0.04778582612702775,365.8250817278522,False,,,receipt DACK LOCK JUP-1 (resub)
365.48598919343783,Relay B,launch,DACK,Relay B->Jupiter,5445,1,0.3492992638480814,2.51989369134124,0.04914896950907233,365.8352884572859,False,,,DACK LOCK JUP-1 (resub)
365.6914441542311,Jupiter,arrive,DATA,Relay B->Jupiter,5437,,,,,,,,,
365.6917219320089,Jupiter,launch,RCPT,Jupiter->Relay B,5437,1,0.34930763590591596,2.519954088536254,0.04915011808308101,366.0410295679148,False,,,receipt SETTLE JUP-1 (recorded answer)
365.69172195251207,Jupiter,arrive,DACK,Relay B->Jupiter,5438,,,,,,,,,
365.69199973028987,Jupiter,launch,RCPT,Jupiter->Relay B,5438,1,0.34930763884278804,2.519954109723017,0.0491501184859896,366.04130736913265,False,,,receipt DACK LOCK JUP-1 (resub)
365.72802525437453,Relay B,receipt,,Ceres->Relay B,5442,,,,,,,,,
365.7283030304422,Relay B,arrive,SYNACK,Ceres->Relay B,5446,,,,,,,,,
365.72858080822,Relay B,launch,RCPT,Relay B->Ceres,5446,1,0.33936881705801625,2.4482540607763825,0.047785620713334365,366.067949625278,False,,,receipt SYN-ACK Ceres-Jupiter
365.7288585859978,Relay B,launch,SYNACK,Relay B->Jupiter,5446,1,0.3493018299350297,2.5199122034510006,0.04914932155417995,366.0781604159328,False,,,SYN-ACK Ceres-Jupiter
365.7405860608603,Relay B,receipt,,Jupiter->Relay B,5435,,,,,,,,,
365.74086386207375,Relay B,receipt,,Jupiter->Relay B,5436,,,,,,,,,
365.8031466915855,Relay B,arrive,DATA,Jupiter->Relay B,5439,,,,,,,,,
365.8034244693633,Relay B,launch,RCPT,Relay B->Jupiter,5439,1,0.34930261785638095,2.519917887625504,0.04914942965019753,366.15272708721966,False,,,receipt LOCK JUP-1 (resub)
365.80362819312626,Relay B,receipt,,Jupiter->Relay B,5444,,,,,,,,,
365.8037022471411,Relay B,launch,DATA,Relay B->Ceres,5439,1,0.33936835458996484,2.4482507244673073,0.047785557175702764,366.14307060173104,False,,,LOCK JUP-1 (resub)
365.8051936614676,Relay B,receipt,,Ceres->Relay B,5440,,,,,,,,,
365.8054714375353,Relay B,arrive,DACK,Ceres->Relay B,5447,,,,,,,,,
365.8057492153131,Relay B,launch,RCPT,Relay B->Ceres,5447,1,0.3393683419882336,2.448250633556398,0.04778555544436913,366.1451175573013,False,,,receipt DACK LOCK JUP-1 (resub)
365.8060269930909,Relay B,launch,DACK,Relay B->Jupiter,5447,1,0.3493026453573407,2.519918086021387,0.0491494334230943,366.1553296384482,False,,,DACK LOCK JUP-1 (resub)
365.8250817278522,Ceres,receipt,,Relay B->Ceres,5445,,,,,,,,,
365.8352884572859,Jupiter,arrive,DACK,Relay B->Jupiter,5445,,,,,,,,,
365.8355662350637,Jupiter,launch,RCPT,Jupiter->Relay B,5445,1,0.34930915667456475,2.519965059573556,0.04915032671924857,366.1848753917383,False,,,receipt DACK LOCK JUP-1 (resub)
366.0410295679148,Relay B,receipt,,Jupiter->Relay B,5437,,,,,,,,,
366.04130736913265,Relay B,receipt,,Jupiter->Relay B,5438,,,,,,,,,
366.067949625278,Ceres,receipt,,Relay B->Ceres,5446,,,,,,,,,
366.0781604159328,Jupiter,arrive,SYNACK,Relay B->Jupiter,5446,,,,,,,,,
366.0781604159328,Jupiter,enqueue,ACK,,5448,,,,,,,1,,ACK Jupiter-Ceres
366.0781604159328,Jupiter,enqueue,DATA,,5449,,,,,,,1,,LOCK JUP-1 (resub)
366.0781604159328,Jupiter,enqueue,DATA,,5450,,,,,,,1,,LOCK JUP-1 (resub)
366.0781604159328,Jupiter,enqueue,DATA,,5451,,,,,,,1,,LOCK JUP-1 (resub)
366.0784381937106,Jupiter,launch,RCPT,Jupiter->Relay B,5446,1,0.34931172471317495,2.5199835857628083,0.049150679031603195,366.4277499184238,False,,,receipt SYN-ACK Ceres-Jupiter
366.0787159714884,Jupiter,launch,ACK,Jupiter->Relay B,5448,1,0.3493117276505018,2.5199836069532493,0.04915067943458151,366.4280276991389,False,,,ACK Jupiter-Ceres
366.0789937492662,Jupiter,launch,DATA,Jupiter->Relay B,5449,1,0.3493117305878286,2.519983628143693,0.04915067983755994,366.42830547985403,False,,,LOCK JUP-1 (resub)
366.079271527044,Jupiter,launch,DATA,Jupiter->Relay B,5450,1,0.3493117335252123,2.5199836493341397,0.04915068024053837,366.4285832605692,False,,,LOCK JUP-1 (resub)
366.0795493048218,Jupiter,launch,DATA,Jupiter->Relay B,5451,1,0.3493117364625391,2.5199836705245913,0.04915068064351691,366.42886104128434,False,,,LOCK JUP-1 (resub)
366.14307060173104,Ceres,arrive,DATA,Relay B->Ceres,5439,,,,,,,,,
366.14307060173104,Ceres,deliver,,,,,,,,,,,10,LOCK JUP-1 (resub)
366.14307060173104,Ceres,enqueue,DACK,,5452,,,,,,,1,,DACK LOCK JUP-1 (resub)
366.14334837950884,Ceres,launch,RCPT,Ceres->Relay B,5439,1,0.33940315875076976,2.4485018065466346,0.04779033884334216,366.4827515382596,False,,,receipt LOCK JUP-1 (resub)
366.14362615728663,Ceres,launch,DACK,Ceres->Relay B,5452,1,0.339403157040465,2.4485017942081844,0.047790338608366345,366.4830293143271,False,,,DACK LOCK JUP-1 (resub)
366.1451175573013,Ceres,receipt,,Relay B->Ceres,5447,,,,,,,,,
366.15272708721966,Jupiter,receipt,,Relay B->Jupiter,5439,,,,,,,,,
366.1553296384482,Jupiter,arrive,DACK,Relay B->Jupiter,5447,,,,,,,,,
366.155607416226,Jupiter,launch,RCPT,Jupiter->Relay B,5447,1,0.349312540755534,2.5199894728067562,0.0491507909854314,366.50491995698155,False,,,receipt DACK LOCK JUP-1 (resub)
366.1783649320447,Jupiter,enqueue,DATA,,5453,,,,,,,1,,LOCK JUP-1 (resub)
366.1786427098225,Jupiter,launch,DATA,Jupiter->Relay B,5453,1,0.3493127843549928,2.5199912301670744,0.049150824405124194,366.5279554941775,False,,,LOCK JUP-1 (resub)
366.1848753917383,Relay B,receipt,,Jupiter->Relay B,5445,,,,,,,,,
366.4277499184238,Relay B,receipt,,Jupiter->Relay B,5446,,,,,,,,,
366.4280276991389,Relay B,arrive,ACK,Jupiter->Relay B,5448,,,,,,,,,
366.4283054769167,Relay B,launch,RCPT,Relay B->Jupiter,5448,1,0.34930922231421846,2.5199655331074187,0.04915033572443883,366.7776146992309,False,,,receipt ACK Jupiter-Ceres
366.42830547985403,Relay B,arrive,DATA,Jupiter->Relay B,5449,,,,,,,,,
366.4285832546945,Relay B,launch,ACK,Relay B->Ceres,5448,1,0.33936450744835156,2.448222970650031,0.04778502862384293,366.76794776214285,False,,,ACK Jupiter-Ceres
366.42858325763183,Relay B,launch,RCPT,Relay B->Jupiter,5449,1,0.3493092252507495,2.5199655542916797,0.0491503361272998,366.7778924828826,False,,,receipt LOCK JUP-1 (resub)
366.4285832605692,Relay B,arrive,DATA,Jupiter->Relay B,5450,,,,,,,,,
366.4288610354096,Relay B,launch,DATA,Relay B->Ceres,5449,1,0.3393645057380468,2.448222958311937,0.04778502838887255,366.7682255411477,False,,,LOCK JUP-1 (resub)
366.428861038347,Relay B,launch,RCPT,Relay B->Jupiter,5450,1,0.34930922818722365,2.5199655754759434,0.049150336530160876,366.77817026653423,False,,,receipt LOCK JUP-1 (resub)
366.42886104128434,Relay B,arrive,DATA,Jupiter->Relay B,5451,,,,,,,,,
366.4291388161248,Relay B,launch,DATA,Relay B->Ceres,5450,1,0.33936450402779883,2.4482229459738454,0.04778502815390229,366.7685033201526,False,,,LOCK JUP-1 (resub)
366.42913881906213,Relay B,launch,RCPT,Relay B->Jupiter,5451,1,0.3493092311236978,2.5199655966602124,0.049150336933021954,366.77844805018583,False,,,receipt LOCK JUP-1 (resub)
366.4294165968399,Relay B,launch,DATA,Relay B->Ceres,5451,1,0.3393645023175509,2.448222933635748,0.04778502791893191,366.7687810991575,False,,,LOCK JUP-1 (resub)
366.4827515382596,Relay B,receipt,,Ceres->Relay B,5439,,,,,,,,,
366.4830293143271,Relay B,arrive,DACK,Ceres->Relay B,5452,,,,,,,,,
366.4833070921049,Relay B,launch,RCPT,Relay B->Ceres,5452,1,0.3393641705183086,2.448220539989592,0.04778498233361661,366.8226712626232,False,,,receipt DACK LOCK JUP-1 (resub)
366.4835848698827,Relay B,launch,DACK,Relay B->Jupiter,5452,1,0.3493098066972493,2.5199697489280624,0.049150415896668354,366.83289467657994,False,,,DACK LOCK JUP-1 (resub)
366.50491995698155,Relay B,receipt,,Jupiter->Relay B,5447,,,,,,,,,
366.5279554941775,Relay B,arrive,DATA,Jupiter->Relay B,5453,,,,,,,,,
366.5282332719553,Relay B,launch,RCPT,Relay B->Jupiter,5453,1,0.3493102787103908,2.519973154096956,0.04915048065273464,366.8775435506657,False,,,receipt LOCK JUP-1 (resub)
366.5285110497331,Relay B,launch,DATA,Relay B->Ceres,5453,1,0.3393638921992306,2.4482185321570253,0.047784944095849435,366.8678749419323,False,,,LOCK JUP-1 (resub)
366.76794776214285,Ceres,arrive,ACK,Relay B->Ceres,5448,,,,,,,,,
366.76794776214285,Ceres,enqueue,DATA,,5454,,,,,,,1,,SETTLE JUP-1 (recorded answer)
366.76794776214285,Ceres,enqueue,DATA,,5455,,,,,,,1,,SETTLE JUP-1 (recorded answer)
366.76794776214285,Ceres,enqueue,DATA,,5456,,,,,,,1,,SETTLE JUP-1 (recorded answer)
366.76794776214285,Ceres,enqueue,DATA,,5457,,,,,,,1,,SETTLE JUP-1 (recorded answer)
366.76822553992065,Ceres,launch,RCPT,Ceres->Relay B,5448,1,0.3393993111163809,2.448474049174626,0.04778981022643958,367.10762485103703,False,,,receipt ACK Jupiter-Ceres
366.7682255411477,Ceres,arrive,DATA,Relay B->Ceres,5449,,,,,,,,,
366.7682255411477,Ceres,deliver,,,,,,,,,,,0,LOCK JUP-1 (resub)
366.7682255411477,Ceres,enqueue,DATA,,5458,,,,,,,1,,SETTLE JUP-1 (recorded answer)
366.7682255411477,Ceres,enqueue,DACK,,5459,,,,,,,1,,DACK LOCK JUP-1 (resub)
366.76850331769845,Ceres,launch,DATA,Ceres->Relay B,5454,1,0.33939930940590557,2.448474036835005,0.047789809991441334,367.10790262710435,False,,,SETTLE JUP-1 (recorded answer)
366.7685033201526,Ceres,arrive,DATA,Relay B->Ceres,5450,,,,,,,,,
366.7685033201526,Ceres,deliver,,,,,,,,,,,1,LOCK JUP-1 (resub)
366.7685033201526,Ceres,enqueue,DATA,,5460,,,,,,,1,,SETTLE JUP-1 (recorded answer)
366.7685033201526,Ceres,enqueue,DACK,,5461,,,,,,,1,,DACK LOCK JUP-1 (resub)
366.76878109547624,Ceres,launch,DATA,Ceres->Relay B,5455,1,0.33939930769543025,2.448474024495384,0.04778980975644309,367.1081804031717,False,,,SETTLE JUP-1 (recorded answer)
366.7687810991575,Ceres,arrive,DATA,Relay B->Ceres,5451,,,,,,,,,
366.7687810991575,Ceres,deliver,,,,,,,,,,,2,LOCK JUP-1 (resub)
366.7687810991575,Ceres,enqueue,DATA,,5462,,,,,,,1,,SETTLE JUP-1 (recorded answer)
366.7687810991575,Ceres,enqueue,DACK,,5463,,,,,,,1,,DACK LOCK JUP-1 (resub)
366.76905887325404,Ceres,launch,DATA,Ceres->Relay B,5456,1,0.33939930598495494,2.4484740121557635,0.04778980952144485,367.108458179239,False,,,SETTLE JUP-1 (recorded answer)
366.76933665103184,Ceres,launch,DATA,Ceres->Relay B,5457,1,0.3393993042744796,2.4484739998161436,0.047789809286446605,367.1087359553063,False,,,SETTLE JUP-1 (recorded answer)
366.76961442880963,Ceres,launch,RCPT,Ceres->Relay B,5449,1,0.3393993025640043,2.4484739874765253,0.04778980905144836,367.10901373137364,False,,,receipt LOCK JUP-1 (resub)
366.76989220658743,Ceres,launch,DATA,Ceres->Relay B,5458,1,0.339399300853529,2.4484739751369,0.04778980881645001,367.10929150744096,False,,,SETTLE JUP-1 (recorded answer)
366.7701699843652,Ceres,launch,DACK,Ceres->Relay B,5459,1,0.33939929914305367,2.44847396279728,0.047789808581451765,367.1095692835083,False,,,DACK LOCK JUP-1 (resub)
366.770447762143,Ceres,launch,RCPT,Ceres->Relay B,5450,1,0.33939929743257835,2.4484739504576556,0.04778980834645341,367.1098470595756,False,,,receipt LOCK JUP-1 (resub)
366.7707255399208,Ceres,launch,DATA,Ceres->Relay B,5460,1,0.33939929572210303,2.4484739381180347,0.04778980811145517,367.1101248356429,False,,,SETTLE JUP-1 (recorded answer)
366.7710033176986,Ceres,launch,DACK,Ceres->Relay B,5461,1,0.3393992940116277,2.4484739257784107,0.047789807876456925,367.11040261171024,False,,,DACK LOCK JUP-1 (resub)
366.7712810954764,Ceres,launch,RCPT,Ceres->Relay B,5451,1,0.3393992923011524,2.4484739134387863,0.04778980764145857,367.11068038777756,False,,,receipt LOCK JUP-1 (resub)
366.7715588732542,Ceres,launch,DATA,Ceres->Relay B,5462,1,0.3393992905906771,2.448473901099161,0.047789807406460216,367.1109581638449,False,,,SETTLE JUP-1 (recorded answer)
366.771836651032,Ceres,launch,DACK,Ceres->Relay B,5463,1,0.3393992888801449,2.4484738887595356,0.04778980717146186,367.11123593991215,False,,,DACK LOCK JUP-1 (resub)
366.7776146992309,Jupiter,receipt,,Relay B->Jupiter,5448,,,,,,,,,
366.7778924828826,Jupiter,receipt,,Relay B->Jupiter,5449,,,,,,,,,
366.77817026653423,Jupiter,receipt,,Relay B->Jupiter,5450,,,,,,,,,
366.77844805018583,Jupiter,receipt,,Relay B->Jupiter,5451,,,,,,,,,
366.8226712626232,Ceres,receipt,,Relay B->Ceres,5452,,,,,,,,,
366.83289467657994,Jupiter,arrive,DACK,Relay B->Jupiter,5452,,,,,,,,,
366.83317245435774,Jupiter,launch,RCPT,Jupiter->Relay B,5452,1,0.3493197075401895,2.5200411749923877,0.04915177420456929,367.1824921618979,False,,,receipt DACK LOCK JUP-1 (resub)
366.8678749419323,Ceres,arrive,DATA,Relay B->Ceres,5453,,,,,,,,,
366.8678749419323,Ceres,deliver,,,,,,,,,,,3,LOCK JUP-1 (resub)
366.8678749419323,Ceres,enqueue,DATA,,5464,,,,,,,1,,SETTLE JUP-1 (recorded answer)
366.8678749419323,Ceres,enqueue,DACK,,5465,,,,,,,1,,DACK LOCK JUP-1 (resub)
366.8681527197101,Ceres,launch,RCPT,Ceres->Relay B,5453,1,0.3393986957884749,2.4484696101131402,0.04778972568804418,367.2075514154986,False,,,receipt LOCK JUP-1 (resub)
366.8684304974879,Ceres,launch,DATA,Ceres->Relay B,5464,1,0.33939869407794276,2.4484695977733333,0.047789725453042387,367.20782919156585,False,,,SETTLE JUP-1 (recorded answer)
366.8687082752657,Ceres,launch,DACK,Ceres->Relay B,5465,1,0.33939869236746745,2.4484695854335286,0.04778972521804059,367.20810696763317,False,,,DACK LOCK JUP-1 (resub)
366.8775435506657,Jupiter,receipt,,Relay B->Jupiter,5453,,,,,,,,,
367.10762485103703,Relay B,receipt,,Ceres->Relay B,5448,,,,,,,,,
367.10790262710435,Relay B,arrive,DATA,Ceres->Relay B,5454,,,,,,,,,
367.1081804031717,Relay B,arrive,DATA,Ceres->Relay B,5455,,,,,,,,,
367.10818040488215,Relay B,launch,RCPT,Relay B->Ceres,5454,1,0.3393603230280746,2.4481927836576363,0.04778445373354745,367.4475407279102,False,,,receipt SETTLE JUP-1 (recorded answer)
367.108458179239,Relay B,arrive,DATA,Ceres->Relay B,5456,,,,,,,,,
367.10845818265994,Relay B,launch,DATA,Relay B->Jupiter,5454,1,0.3493164139470082,2.5200174145511696,0.049151322352994464,367.45777459660695,False,,,SETTLE JUP-1 (recorded answer)
367.10845818265994,Relay B,launch,RCPT,Relay B->Ceres,5455,1,0.33936032131765614,2.4481927713184057,0.04778445349855531,367.4478185039776,False,,,receipt SETTLE JUP-1 (recorded answer)
367.1087359553063,Relay B,arrive,DATA,Ceres->Relay B,5457,,,,,,,,,
367.10873596043774,Relay B,launch,DATA,Relay B->Jupiter,5455,1,0.34931641688478976,2.5200174357444194,0.04915132275602596,367.45805237732253,False,,,SETTLE JUP-1 (recorded answer)
367.10873596043774,Relay B,launch,RCPT,Relay B->Ceres,5456,1,0.33936031960723767,2.4481927589791743,0.047784453263563176,367.448096280045,False,,,receipt SETTLE JUP-1 (recorded answer)
367.10901373137364,Relay B,receipt,,Ceres->Relay B,5449,,,,,,,,,
367.10901373821554,Relay B,launch,DATA,Relay B->Jupiter,5456,1,0.3493164198225145,2.5200174569376936,0.0491513231590579,367.45833015803805,False,,,SETTLE JUP-1 (recorded answer)
367.10901373821554,Relay B,launch,RCPT,Relay B->Ceres,5457,1,0.3393603178968192,2.448192746639938,0.04778445302857082,367.44837405611236,False,,,receipt SETTLE JUP-1 (recorded answer)
367.10929150744096,Relay B,arrive,DATA,Ceres->Relay B,5458,,,,,,,,,
367.10929151599333,Relay B,launch,DATA,Relay B->Jupiter,5457,1,0.3493164227602392,2.5200174781309324,0.049151323562089066,367.4586079387536,False,,,SETTLE JUP-1 (recorded answer)
367.1095692835083,Relay B,arrive,DACK,Ceres->Relay B,5459,,,,,,,,,
367.10956928521875,Relay B,launch,RCPT,Relay B->Ceres,5458,1,0.33936031447598225,2.448192721961851,0.04778445255859365,367.44892959969474,False,,,receipt SETTLE JUP-1 (recorded answer)
367.1098470595756,Relay B,receipt,,Ceres->Relay B,5450,,,,,,,,,
367.10984706299655,Relay B,launch,DATA,Relay B->Jupiter,5458,1,0.34931642863563184,2.520017520516808,0.04915132436814018,367.4591634916322,False,,,SETTLE JUP-1 (recorded answer)
367.10984706299655,Relay B,launch,RCPT,Relay B->Ceres,5459,1,0.3393603127655638,2.4481927096226155,0.04778445232360151,367.4492073757621,False,,,receipt DACK LOCK JUP-1 (resub)
367.1101248356429,Relay B,arrive,DATA,Ceres->Relay B,5460,,,,,,,,,
367.11012484077435,Relay B,launch,DACK,Relay B->Jupiter,5459,1,0.34931643157335657,2.5200175417100783,0.04915132477117201,367.4594412723477,False,,,DACK LOCK JUP-1 (resub)
367.11040261171024,Relay B,arrive,DACK,Ceres->Relay B,5461,,,,,,,,,
367.1104026134207,Relay B,launch,RCPT,Relay B->Ceres,5460,1,0.3393603093447837,2.448192684944371,0.047784451853621346,367.4497629227655,False,,,receipt SETTLE JUP-1 (recorded answer)
367.11068038777756,Relay B,receipt,,Ceres->Relay B,5451,,,,,,,,,
367.1106803911985,Relay B,launch,DATA,Relay B->Jupiter,5460,1,0.349316437448806,2.520017584096237,0.049151325577228455,367.4599968286473,False,,,SETTLE JUP-1 (recorded answer)
367.1106803911985,Relay B,launch,RCPT,Relay B->Ceres,5461,1,0.3393603076343652,2.4481926726051344,0.0477844516186291,367.4500406988329,False,,,receipt DACK LOCK JUP-1 (resub)
367.1109581638449,Relay B,arrive,DATA,Ceres->Relay B,5462,,,,,,,,,
367.1109581689763,Relay B,launch,DACK,Relay B->Jupiter,5461,1,0.34931644038653076,2.520017605289518,0.04915132598026062,367.46027460936284,False,,,DACK LOCK JUP-1 (resub)
367.11123593991215,Relay B,arrive,DACK,Ceres->Relay B,5463,,,,,,,,,
367.1112359416227,Relay B,launch,RCPT,Relay B->Ceres,5462,1,0.33936030421352825,2.4481926479268856,0.04778445114864882,367.4505962458362,False,,,receipt SETTLE JUP-1 (recorded answer)
367.1115137194005,Relay B,launch,DATA,Relay B->Jupiter,5462,1,0.3493164462619802,2.520017647675699,0.049151326786317395,367.46083016566246,False,,,SETTLE JUP-1 (recorded answer)
367.1115137194005,Relay B,launch,RCPT,Relay B->Ceres,5463,1,0.3393603025031098,2.4481926355876467,0.04778445091365646,367.4508740219036,False,,,receipt DACK LOCK JUP-1 (resub)
367.1117914971783,Relay B,launch,DACK,Relay B->Jupiter,5463,1,0.34931644919970495,2.5200176688689906,0.04915132718934967,367.461107946378,False,,,DACK LOCK JUP-1 (resub)
367.1824921618979,Relay B,receipt,,Jupiter->Relay B,5452,,,,,,,,,
367.2075514154986,Relay B,receipt,,Ceres->Relay B,5453,,,,,,,,,
367.20782919156585,Relay B,arrive,DATA,Ceres->Relay B,5464,,,,,,,,,
367.20810696763317,Relay B,arrive,DACK,Ceres->Relay B,5465,,,,,,,,,
367.20810696934365,Relay B,launch,RCPT,Relay B->Ceres,5464,1,0.3393597077232471,2.448188344762513,0.04778436919784479,367.5474666770669,False,,,receipt SETTLE JUP-1 (recorded answer)
367.20838474712144,Relay B,launch,DATA,Relay B->Jupiter,5464,1,0.3493174707896287,2.5200250387614322,0.04915146734238829,367.55770221791107,False,,,SETTLE JUP-1 (recorded answer)
367.20838474712144,Relay B,launch,RCPT,Relay B->Ceres,5465,1,0.33935970601277177,2.4481883324230957,0.0477843689628491,367.5477444531342,False,,,receipt DACK LOCK JUP-1 (resub)
367.20866252489924,Relay B,launch,DACK,Relay B->Jupiter,5465,1,0.3493174737275808,2.520025059956037,0.04915146774544554,367.5579799986268,False,,,DACK LOCK JUP-1 (resub)
367.4475407279102,Ceres,receipt,,Relay B->Ceres,5454,,,,,,,,,
367.4478185039776,Ceres,receipt,,Relay B->Ceres,5455,,,,,,,,,
367.448096280045,Ceres,receipt,,Relay B->Ceres,5456,,,,,,,,,
367.44837405611236,Ceres,receipt,,Relay B->Ceres,5457,,,,,,,,,
367.44892959969474,Ceres,receipt,,Relay B->Ceres,5458,,,,,,,,,
367.4492073757621,Ceres,receipt,,Relay B->Ceres,5459,,,,,,,,,
367.4497629227655,Ceres,receipt,,Relay B->Ceres,5460,,,,,,,,,
367.4500406988329,Ceres,receipt,,Relay B->Ceres,5461,,,,,,,,,
367.4505962458362,Ceres,receipt,,Relay B->Ceres,5462,,,,,,,,,
367.4508740219036,Ceres,receipt,,Relay B->Ceres,5463,,,,,,,,,
367.45777459660695,Jupiter,arrive,DATA,Relay B->Jupiter,5454,,,,,,,,,
367.45777459660695,Jupiter,deliver,,,,,,,,,,,0,SETTLE JUP-1 (recorded answer)
367.45777459660695,Jupiter,enqueue,DACK,,5466,,,,,,,1,,DACK SETTLE JUP-1 (recorded answer)
367.45805237438475,Jupiter,launch,RCPT,Jupiter->Relay B,5454,1,0.34932631981132545,2.520088876840196,0.04915268134848372,367.8073786941961,False,,,receipt SETTLE JUP-1 (recorded answer)
367.45805237732253,Jupiter,arrive,DATA,Relay B->Jupiter,5455,,,,,,,,,
367.45805237732253,Jupiter,deliver,,,,,,,,,,,1,SETTLE JUP-1 (recorded answer)
367.45805237732253,Jupiter,enqueue,DACK,,5467,,,,,,,1,,DACK SETTLE JUP-1 (recorded answer)
367.45833015216255,Jupiter,launch,DACK,Jupiter->Relay B,5466,1,0.34932632275126707,2.520088898049324,0.04915268175181653,367.8076564749138,False,,,DACK SETTLE JUP-1 (recorded answer)
367.45833015803805,Jupiter,arrive,DATA,Relay B->Jupiter,5456,,,,,,,,,
367.45833015803805,Jupiter,deliver,,,,,,,,,,,2,SETTLE JUP-1 (recorded answer)
367.45833015803805,Jupiter,enqueue,DACK,,5468,,,,,,,1,,DACK SETTLE JUP-1 (recorded answer)
367.45860792994034,Jupiter,launch,RCPT,Jupiter->Relay B,5455,1,0.3493263256912087,2.5200889192584586,0.04915268215514956,367.80793425563155,False,,,receipt SETTLE JUP-1 (recorded answer)
367.4586079387536,Jupiter,arrive,DATA,Relay B->Jupiter,5457,,,,,,,,,
367.4586079387536,Jupiter,deliver,,,,,,,,,,,3,SETTLE JUP-1 (recorded answer)
367.4586079387536,Jupiter,enqueue,DACK,,5469,,,,,,,1,,DACK SETTLE JUP-1 (recorded answer)
367.45888570771814,Jupiter,launch,DACK,Jupiter->Relay B,5467,1,0.3493263286311503,2.5200889404675957,0.0491526825584826,367.8082120363493,False,,,DACK SETTLE JUP-1 (recorded answer)
367.45916348549594,Jupiter,launch,RCPT,Jupiter->Relay B,5456,1,0.34932633157109194,2.5200889616767363,0.04915268296181563,367.808489817067,False,,,receipt SETTLE JUP-1 (recorded answer)
367.4591634916322,Jupiter,arrive,DATA,Relay B->Jupiter,5458,,,,,,,,,
367.4591634916322,Jupiter,deliver,,,,,,,,,,,4,SETTLE JUP-1 (recorded answer)
367.4591634916322,Jupiter,enqueue,DACK,,5470,,,,,,,1,,DACK SETTLE JUP-1 (recorded answer)
367.45944126327373,Jupiter,launch,DACK,Jupiter->Relay B,5468,1,0.34932633451103356,2.520088982885881,0.049152683365148886,367.80876759778477,False,,,DACK SETTLE JUP-1 (recorded answer)
367.4594412723477,Jupiter,arrive,DACK,Relay B->Jupiter,5459,,,,,,,,,
367.4594412723477,Jupiter,data acknowledged,,,,,,,,,,,0,LOCK JUP-1 (resub)
367.4597190410515,Jupiter,launch,RCPT,Jupiter->Relay B,5457,1,0.3493263374509752,2.5200890040950292,0.04915268376848203,367.8090453785025,False,,,receipt SETTLE JUP-1 (recorded answer)
367.4599968188293,Jupiter,launch,DACK,Jupiter->Relay B,5469,1,0.3493263403909168,2.520089025304182,0.0491526841718154,367.80932315922024,False,,,DACK SETTLE JUP-1 (recorded answer)
367.4599968286473,Jupiter,arrive,DATA,Relay B->Jupiter,5460,,,,,,,,,
367.4599968286473,Jupiter,deliver,,,,,,,,,,,5,SETTLE JUP-1 (recorded answer)
367.4599968286473,Jupiter,enqueue,DACK,,5471,,,,,,,1,,DACK SETTLE JUP-1 (recorded answer)
367.4602745966071,Jupiter,launch,RCPT,Jupiter->Relay B,5458,1,0.34932634333085844,2.5200890465133376,0.049152684575148764,367.809600939938,False,,,receipt SETTLE JUP-1 (recorded answer)
367.46027460936284,Jupiter,arrive,DACK,Relay B->Jupiter,5461,,,,,,,,,
367.46027460936284,Jupiter,data acknowledged,,,,,,,,,,,1,LOCK JUP-1 (resub)
367.4605523743849,Jupiter,launch,DACK,Jupiter->Relay B,5470,1,0.34932634627080006,2.520089067722497,0.04915268497848224,367.8098787206557,False,,,DACK SETTLE JUP-1 (recorded answer)
367.4608301521627,Jupiter,launch,RCPT,Jupiter->Relay B,5459,1,0.3493263492107417,2.5200890889316607,0.04915268538181572,367.81015650137346,False,,,receipt DACK LOCK JUP-1 (resub)
367.46083016566246,Jupiter,arrive,DATA,Relay B->Jupiter,5462,,,,,,,,,
367.46083016566246,Jupiter,deliver,,,,,,,,,,,6,SETTLE JUP-1 (recorded answer)
367.46083016566246,Jupiter,enqueue,DACK,,5472,,,,,,,1,,DACK SETTLE JUP-1 (recorded answer)
367.4611079299405,Jupiter,launch,RCPT,Jupiter->Relay B,5460,1,0.3493263521506833,2.520089110140828,0.04915268578514931,367.8104342820912,False,,,receipt SETTLE JUP-1 (recorded answer)
367.461107946378,Jupiter,arrive,DACK,Relay B->Jupiter,5463,,,,,,,,,
367.461107946378,Jupiter,data acknowledged,,,,,,,,,,,2,LOCK JUP-1 (resub)
367.4613857077183,Jupiter,launch,DACK,Jupiter->Relay B,5471,1,0.34932635509062493,2.520089131349998,0.04915268618848301,367.81071206280893,False,,,DACK SETTLE JUP-1 (recorded answer)
367.4616634854961,Jupiter,launch,RCPT,Jupiter->Relay B,5461,1,0.34932635803056655,2.5200891525591738,0.04915268659181671,367.81098984352667,False,,,receipt DACK LOCK JUP-1 (resub)
367.4619412632739,Jupiter,launch,RCPT,Jupiter->Relay B,5462,1,0.3493263609705082,2.5200891737683517,0.04915268699515052,367.8112676242444,False,,,receipt SETTLE JUP-1 (recorded answer)
367.4622190410517,Jupiter,launch,DACK,Jupiter->Relay B,5472,1,0.3493263639104498,2.5200891949775337,0.04915268739848444,367.81154540496215,False,,,DACK SETTLE JUP-1 (recorded answer)
367.4624968188295,Jupiter,launch,RCPT,Jupiter->Relay B,5463,1,0.3493263668503914,2.520089216186721,0.04915268780181836,367.8118231856799,False,,,receipt DACK LOCK JUP-1 (resub)
367.5474666770669,Ceres,receipt,,Relay B->Ceres,5464,,,,,,,,,
367.5477444531342,Ceres,receipt,,Relay B->Ceres,5465,,,,,,,,,
367.55770221791107,Jupiter,arrive,DATA,Relay B->Jupiter,5464,,,,,,,,,
367.55770221791107,Jupiter,deliver,,,,,,,,,,,7,SETTLE JUP-1 (recorded answer)
367.55770221791107,Jupiter,enqueue,DACK,,5473,,,,,,,1,,DACK SETTLE JUP-1 (recorded answer)
367.55797999568887,Jupiter,launch,RCPT,Jupiter->Relay B,5464,1,0.3493273774569161,2.520096506843324,0.04915282644783292,367.9073073731458,False,,,receipt SETTLE JUP-1 (recorded answer)
367.5579799986268,Jupiter,arrive,DACK,Relay B->Jupiter,5465,,,,,,,,,
367.5579799986268,Jupiter,data acknowledged,,,,,,,,,,,3,LOCK JUP-1 (resub)
367.55825777346666,Jupiter,launch,DACK,Jupiter->Relay B,5473,1,0.3493273803970851,2.5200965280538066,0.04915282685119149,367.90758515386375,False,,,DACK SETTLE JUP-1 (recorded answer)
367.55853555124446,Jupiter,launch,RCPT,Jupiter->Relay B,5465,1,0.34932738333719726,2.520096549264292,0.04915282725455017,367.90786293458166,False,,,receipt DACK LOCK JUP-1 (resub)
367.8073786941961,Relay B,receipt,,Jupiter->Relay B,5454,,,,,,,,,
367.8076564749138,Relay B,arrive,DACK,Jupiter->Relay B,5466,,,,,,,,,
367.8079342526916,Relay B,launch,RCPT,Relay B->Jupiter,5466,1,0.34932381315826433,2.520070793494678,0.04915233745840952,368.1572580658499,False,,,receipt DACK SETTLE JUP-1 (recorded answer)
367.80793425563155,Relay B,receipt,,Jupiter->Relay B,5455,,,,,,,,,
367.8082120304694,Relay B,launch,DACK,Relay B->Ceres,5466,1,0.3393560123382713,2.4481616857392243,0.04778386149493585,368.1475680428077,False,,,DACK SETTLE JUP-1 (recorded answer)
367.8082120363493,Relay B,arrive,DACK,Jupiter->Relay B,5467,,,,,,,,,
367.8084898141271,Relay B,launch,RCPT,Relay B->Jupiter,5467,1,0.3493238190364423,2.5200708359005835,0.04915233826484067,368.1578136331635,False,,,receipt DACK SETTLE JUP-1 (recorded answer)
367.808489817067,Relay B,receipt,,Jupiter->Relay B,5456,,,,,,,,,
367.8087675919049,Relay B,launch,DACK,Relay B->Ceres,5467,1,0.33935600891703643,2.448161661057881,0.0477838610248964,368.1481236008219,False,,,DACK SETTLE JUP-1 (recorded answer)
367.80876759778477,Relay B,arrive,DACK,Jupiter->Relay B,5468,,,,,,,,,
367.80904537556256,Relay B,launch,RCPT,Relay B->Jupiter,5468,1,0.3493238249145634,2.520070878306503,0.049152339071272144,368.1583692004771,False,,,receipt DACK SETTLE JUP-1 (recorded answer)
367.8090453785025,Relay B,receipt,,Jupiter->Relay B,5457,,,,,,,,,
367.80932315334036,Relay B,launch,DACK,Relay B->Ceres,5468,1,0.3393560054958016,2.4481616363765393,0.04778386055485695,368.14867915883616,False,,,DACK SETTLE JUP-1 (recorded answer)
367.80932315922024,Relay B,arrive,DACK,Jupiter->Relay B,5469,,,,,,,,,
367.80960093699804,Relay B,launch,RCPT,Relay B->Jupiter,5469,1,0.3493238307927413,2.5200709207124365,0.04915233987770373,368.1589247677908,False,,,receipt DACK SETTLE JUP-1 (recorded answer)
367.809600939938,Relay B,receipt,,Jupiter->Relay B,5458,,,,,,,,,
367.80987871477583,Relay B,launch,DACK,Relay B->Ceres,5469,1,0.33935600207456673,2.448161611695193,0.0477838600848175,368.1492347168504,False,,,DACK SETTLE JUP-1 (recorded answer)
367.8098787206557,Relay B,arrive,DACK,Jupiter->Relay B,5470,,,,,,,,,
367.8101564984335,Relay B,launch,RCPT,Relay B->Jupiter,5470,1,0.34932383667091926,2.5200709631183873,0.049152340684135765,368.15948033510443,False,,,receipt DACK SETTLE JUP-1 (recorded answer)
367.81015650137346,Relay B,receipt,,Jupiter->Relay B,5459,,,,,,,,,
367.8104342762113,Relay B,launch,DACK,Relay B->Ceres,5470,1,0.33935599865327504,2.4481615870138405,0.047783859614777824,368.1497902748646,False,,,DACK SETTLE JUP-1 (recorded answer)
367.8104342820912,Relay B,receipt,,Jupiter->Relay B,5460,,,,,,,,,
367.81071206280893,Relay B,arrive,DACK,Jupiter->Relay B,5471,,,,,,,,,
367.8109898405867,Relay B,launch,RCPT,Relay B->Jupiter,5471,1,0.3493238454881862,2.52007102672734,0.04915234189378426,368.1603136860749,False,,,receipt DACK SETTLE JUP-1 (recorded answer)
367.81098984352667,Relay B,receipt,,Jupiter->Relay B,5461,,,,,,,,,
367.8112676183645,Relay B,launch,DACK,Relay B->Ceres,5471,1,0.3393559935214512,2.4481615499918132,0.04778385890971837,368.150623611886,False,,,DACK SETTLE JUP-1 (recorded answer)
367.8112676242444,Relay B,receipt,,Jupiter->Relay B,5462,,,,,,,,,
367.81154540496215,Relay B,arrive,DACK,Jupiter->Relay B,5472,,,,,,,,,
367.81182318273994,Relay B,launch,RCPT,Relay B->Jupiter,5472,1,0.3493238543054531,2.5200710903363266,0.049152343103433305,368.1611470370454,False,,,receipt DACK SETTLE JUP-1 (recorded answer)
367.8118231856799,Relay B,receipt,,Jupiter->Relay B,5463,,,,,,,,,
367.81210096051774,Relay B,launch,DACK,Relay B->Ceres,5472,1,0.3393559883895705,2.4481615129697833,0.04778385820465891,368.1514569489073,False,,,DACK SETTLE JUP-1 (recorded answer)
367.9073073731458,Relay B,receipt,,Jupiter->Relay B,5464,,,,,,,,,
367.90758515386375,Relay B,arrive,DACK,Jupiter->Relay B,5473,,,,,,,,,
367.90786293164155,Relay B,launch,RCPT,Relay B->Jupiter,5473,1,0.3493248704957068,2.5200784212748966,0.04915248251553839,368.25718780213725,False,,,receipt DACK SETTLE JUP-1 (recorded answer)
367.90786293458166,Relay B,receipt,,Jupiter->Relay B,5465,,,,,,,,,
367.90814070941934,Relay B,launch,DACK,Relay B->Ceres,5473,1,0.33935539695517036,2.4481572462796506,0.047783776948431056,368.2474961063745,False,,,DACK SETTLE JUP-1 (recorded answer)
368.1475680428077,Ceres,arrive,DACK,Relay B->Ceres,5466,,,,,,,,,
368.1475680428077,Ceres,data acknowledged,,,,,,,,,,,0,SETTLE JUP-1 (recorded answer)
368.1478458205855,Ceres,launch,RCPT,Ceres->Relay B,5466,1,0.33939081491826073,2.4484127564144895,0.047788642953908944,368.48723663550373,False,,,receipt DACK SETTLE JUP-1 (recorded answer)
368.1481236008219,Ceres,arrive,DACK,Relay B->Ceres,5467,,,,,,,,,
368.1481236008219,Ceres,data acknowledged,,,,,,,,,,,1,SETTLE JUP-1 (recorded answer)
368.1484013785997,Ceres,launch,RCPT,Ceres->Relay B,5467,1,0.33939081149657113,2.4484127317299866,0.04778864248381165,368.4877921900963,False,,,receipt DACK SETTLE JUP-1 (recorded answer)
368.14867915883616,Ceres,arrive,DACK,Relay B->Ceres,5468,,,,,,,,,
368.14867915883616,Ceres,data acknowledged,,,,,,,,,,,2,SETTLE JUP-1 (recorded answer)
368.14895693661396,Ceres,launch,RCPT,Ceres->Relay B,5468,1,0.33939080807488153,2.4484127070454793,0.047788642013714244,368.48834774468884,False,,,receipt DACK SETTLE JUP-1 (recorded answer)
368.1492347168504,Ceres,arrive,DACK,Relay B->Ceres,5469,,,,,,,,,
368.1492347168504,Ceres,data acknowledged,,,,,,,,,,,3,SETTLE JUP-1 (recorded answer)
368.1495124946282,Ceres,launch,RCPT,Ceres->Relay B,5469,1,0.3393908046532488,2.44841268236097,0.04778864154361684,368.48890329928145,False,,,receipt DACK SETTLE JUP-1 (recorded answer)
368.1497902748646,Ceres,arrive,DACK,Relay B->Ceres,5470,,,,,,,,,
368.1497902748646,Ceres,data acknowledged,,,,,,,,,,,4,SETTLE JUP-1 (recorded answer)
368.1500680526424,Ceres,launch,RCPT,Ceres->Relay B,5470,1,0.3393908012315592,2.448412657676463,0.04778864107351943,368.48945885387394,False,,,receipt DACK SETTLE JUP-1 (recorded answer)
368.150623611886,Ceres,arrive,DACK,Relay B->Ceres,5471,,,,,,,,,
368.150623611886,Ceres,data acknowledged,,,,,,,,,,,5,SETTLE JUP-1 (recorded answer)
368.1509013896638,Ceres,launch,RCPT,Ceres->Relay B,5471,1,0.33939079609899636,2.448412620649691,0.04778864036837327,368.49029218576277,False,,,receipt DACK SETTLE JUP-1 (recorded answer)
368.1514569489073,Ceres,arrive,DACK,Relay B->Ceres,5472,,,,,,,,,
368.1514569489073,Ceres,data acknowledged,,,,,,,,,,,6,SETTLE JUP-1 (recorded answer)
368.1517347266851,Ceres,launch,RCPT,Ceres->Relay B,5472,1,0.3393907909664904,2.4484125836229174,0.047788639663226884,368.4911255176516,False,,,receipt DACK SETTLE JUP-1 (recorded answer)
368.1572580658499,Jupiter,receipt,,Relay B->Jupiter,5466,,,,,,,,,
368.1578136331635,Jupiter,receipt,,Relay B->Jupiter,5467,,,,,,,,,
368.1583692004771,Jupiter,receipt,,Relay B->Jupiter,5468,,,,,,,,,
368.1589247677908,Jupiter,receipt,,Relay B->Jupiter,5469,,,,,,,,,
368.15948033510443,Jupiter,receipt,,Relay B->Jupiter,5470,,,,,,,,,
368.1603136860749,Jupiter,receipt,,Relay B->Jupiter,5471,,,,,,,,,
368.1611470370454,Jupiter,receipt,,Relay B->Jupiter,5472,,,,,,,,,
368.2474961063745,Ceres,arrive,DACK,Relay B->Ceres,5473,,,,,,,,,
368.2474961063745,Ceres,data acknowledged,,,,,,,,,,,7,SETTLE JUP-1 (recorded answer)
368.2477738841523,Ceres,launch,RCPT,Ceres->Relay B,5473,1,0.33939019945637483,2.448408316386314,0.047788558397000025,368.5871640836087,False,,,receipt DACK SETTLE JUP-1 (recorded answer)
368.25718780213725,Jupiter,receipt,,Relay B->Jupiter,5473,,,,,,,,,
368.48723663550373,Relay B,receipt,,Ceres->Relay B,5466,,,,,,,,,
368.4877921900963,Relay B,receipt,,Ceres->Relay B,5467,,,,,,,,,
368.48834774468884,Relay B,receipt,,Ceres->Relay B,5468,,,,,,,,,
368.48890329928145,Relay B,receipt,,Ceres->Relay B,5469,,,,,,,,,
368.48945885387394,Relay B,receipt,,Ceres->Relay B,5470,,,,,,,,,
368.49029218576277,Relay B,receipt,,Ceres->Relay B,5471,,,,,,,,,
368.4911255176516,Relay B,receipt,,Ceres->Relay B,5472,,,,,,,,,
368.5871640836087,Relay B,receipt,,Ceres->Relay B,5473,,,,,,,,,
384.0255952618383,Ceres,endpoint retry,DATA,,,,,,,,,2,,SETTLE JUP-1 (recorded answer)
384.0255952618383,Ceres,enqueue,DATA,,5474,,,,,,,2,,SETTLE JUP-1 (recorded answer)
384.0258730396161,Ceres,launch,DATA,Ceres->Relay B,5474,1,0.3392929045627966,2.4477064174305374,0.0477751911788451,384.3651659441789,False,,,SETTLE JUP-1 (recorded answer)
384.2629403923202,Ceres,endpoint retry,DATA,,,,,,,,,2,,SETTLE JUP-1 (recorded answer)
384.2629403923202,Ceres,enqueue,DATA,,5475,,,,,,,2,,SETTLE JUP-1 (recorded answer)
384.263218170098,Ceres,launch,DATA,Ceres->Relay B,5475,1,0.3392914392133548,2.4476958461951632,0.047774989854972194,384.60250960931137,False,,,SETTLE JUP-1 (recorded answer)
384.3259755239048,Ceres,endpoint retry,DATA,,,,,,,,,2,,SETTLE JUP-1 (recorded answer)
384.3259755239048,Ceres,enqueue,DATA,,5476,,,,,,,2,,SETTLE JUP-1 (recorded answer)
384.3262533016826,Ceres,launch,DATA,Ceres->Relay B,5476,1,0.33929105003079485,2.4476930385777362,0.04777493638529995,384.6655443517134,False,,,SETTLE JUP-1 (recorded answer)
384.3651659441789,Relay B,arrive,DATA,Ceres->Relay B,5474,,,,,,,,,
384.3654437219567,Relay B,launch,RCPT,Relay B->Ceres,5474,1,0.33925392219464356,2.4474251931794337,0.04776983538960844,384.70469764415134,False,,,receipt SETTLE JUP-1 (recorded answer)
384.3657214997345,Relay B,launch,DATA,Relay B->Jupiter,5474,1,0.3494999303711097,2.5213413276741647,0.04917649884052455,384.7152214301056,False,,,SETTLE JUP-1 (recorded answer)
384.60250960931137,Relay B,arrive,DATA,Ceres->Relay B,5475,,,,,,,,,
384.60278738708917,Relay B,launch,RCPT,Relay B->Ceres,5475,1,0.33925245690068095,2.4474146223441853,0.047769634072223455,384.94203984398985,False,,,receipt SETTLE JUP-1 (recorded answer)
384.60306516486696,Relay B,launch,DATA,Relay B->Jupiter,5475,1,0.3495024683410861,2.521359636944377,0.04917684701814895,384.95256763320805,False,,,SETTLE JUP-1 (recorded answer)
384.6655443517134,Relay B,arrive,DATA,Ceres->Relay B,5476,,,,,,,,,
384.6658221294912,Relay B,launch,RCPT,Relay B->Ceres,5476,1,0.33925206773284344,2.44741181483303,0.047769580604274386,385.005074197224,False,,,receipt SETTLE JUP-1 (recorded answer)
384.666099907269,Relay B,launch,DATA,Relay B->Jupiter,5476,1,0.34950314244991887,2.5213645000594096,0.04917693949739177,385.0156030497189,False,,,SETTLE JUP-1 (recorded answer)
384.70469764415134,Ceres,receipt,,Relay B->Ceres,5474,,,,,,,,,
384.7152214301056,Jupiter,arrive,DATA,Relay B->Jupiter,5474,,,,,,,,,
384.7154992078834,Jupiter,launch,RCPT,Jupiter->Relay B,5474,1,0.3495099749078463,2.5214137903654357,0.049177876824122335,385.06500918279124,False,,,receipt SETTLE JUP-1 (recorded answer)
384.94203984398985,Ceres,receipt,,Relay B->Ceres,5475,,,,,,,,,
384.95256763320805,Jupiter,arrive,DATA,Relay B->Jupiter,5475,,,,,,,,,
384.95284541098584,Jupiter,launch,RCPT,Jupiter->Relay B,5475,1,0.34951251478497625,2.521432113394123,0.049178225262879294,385.3023579257708,False,,,receipt SETTLE JUP-1 (recorded answer)
384.98380414223186,Ceres,endpoint retry,DATA,,,,,,,,,2,,SETTLE JUP-1 (recorded answer)
384.98380414223186,Ceres,enqueue,DATA,,5477,,,,,,,2,,SETTLE JUP-1 (recorded answer)
384.98408192000966,Ceres,launch,DATA,Ceres->Relay B,5477,1,0.3392869883376193,2.4476637369554983,0.047774378350354474,385.3233689083473,False,,,SETTLE JUP-1 (recorded answer)
385.005074197224,Ceres,receipt,,Relay B->Ceres,5476,,,,,,,,,
385.0156030497189,Jupiter,arrive,DATA,Relay B->Jupiter,5476,,,,,,,,,
385.0158808274967,Jupiter,launch,RCPT,Jupiter->Relay B,5476,1,0.34951318940028386,2.521436980163188,0.04917831781147486,385.36539401689697,False,,,receipt SETTLE JUP-1 (recorded answer)
385.06500918279124,Relay B,receipt,,Jupiter->Relay B,5474,,,,,,,,,
385.28422677911993,Ceres,endpoint retry,DATA,,,,,,,,,2,,SETTLE JUP-1 (recorded answer)
385.28422677911993,Ceres,enqueue,DATA,,5478,,,,,,,2,,SETTLE JUP-1 (recorded answer)
385.28450455689773,Ceres,launch,DATA,Ceres->Relay B,5478,1,0.3392851332756095,2.4476503542792223,0.04777412348377563,385.62378969017334,False,,,SETTLE JUP-1 (recorded answer)
385.3023579257708,Relay B,receipt,,Jupiter->Relay B,5475,,,,,,,,,
385.3233689083473,Relay B,arrive,DATA,Ceres->Relay B,5477,,,,,,,,,
385.3236466861251,Relay B,launch,RCPT,Relay B->Ceres,5477,1,0.3392480061934293,2.4473825143201564,0.047769022587317744,385.6628946923185,False,,,receipt SETTLE JUP-1 (recorded answer)
385.32392446390287,Relay B,launch,DATA,Relay B->Jupiter,5477,1,0.34951017898532655,2.521415262608871,0.04917790482095452,385.6734346428882,False,,,SETTLE JUP-1 (recorded answer)
385.36539401689697,Relay B,receipt,,Jupiter->Relay B,5476,,,,,,,,,
385.62378969017334,Relay B,arrive,DATA,Ceres->Relay B,5478,,,,,,,,,
385.62406746795114,Relay B,launch,RCPT,Relay B->Ceres,5478,1,0.339246151201678,2.4473691321506763,0.04776876772895711,385.9633136191528,False,,,receipt SETTLE JUP-1 (recorded answer)
385.62434524572893,Relay B,launch,DATA,Relay B->Jupiter,5478,1,0.3495133934601995,2.52143845228011,0.0491783458058882,385.97385863918913,False,,,SETTLE JUP-1 (recorded answer)
385.6628946923185,Ceres,receipt,,Relay B->Ceres,5477,,,,,,,,,
385.6734346428882,Jupiter,arrive,DATA,Relay B->Jupiter,5477,,,,,,,,,
385.673712420666,Jupiter,launch,RCPT,Jupiter->Relay B,5477,1,0.34952023122156106,2.5214877808457494,0.049179283858793,386.02323265188755,False,,,receipt SETTLE JUP-1 (recorded answer)
385.9633136191528,Ceres,receipt,,Relay B->Ceres,5478,,,,,,,,,
385.97385863918913,Jupiter,arrive,DATA,Relay B->Jupiter,5478,,,,,,,,,
385.9741364169669,Jupiter,launch,RCPT,Jupiter->Relay B,5478,1,0.34952344811051717,2.5215109879319075,0.049179725174256284,386.32365986507745,False,,,receipt SETTLE JUP-1 (recorded answer)
386.02323265188755,Relay B,receipt,,Jupiter->Relay B,5477,,,,,,,,,
386.32365986507745,Relay B,receipt,,Jupiter->Relay B,5478,,,,,,,,,
389.51528920573674,Ceres,endpoint attempts exhausted: status unknown,DATA,,,,,,,,,,12,SETTLE JUP-1
389.51528920573674,Ceres,status unknown,,,,,,,,,,,,SETTLE JUP-1
409.4048475983728,Ceres,endpoint retry,DATA,,,,,,,,,3,,SETTLE JUP-1 (recorded answer)
409.4048475983728,Ceres,enqueue,DATA,,5479,,,,,,,3,,SETTLE JUP-1 (recorded answer)
409.4051253761506,Ceres,launch,DATA,Ceres->Relay B,5479,1,0.33913591773648477,2.446573892532247,0.047753622568480925,409.74426129388706,False,,,SETTLE JUP-1 (recorded answer)
409.64219487409576,Ceres,endpoint retry,DATA,,,,,,,,,3,,SETTLE JUP-1 (recorded answer)
409.64219487409576,Ceres,enqueue,DATA,,5480,,,,,,,3,,SETTLE JUP-1 (recorded answer)
409.64247265187356,Ceres,launch,DATA,Ceres->Relay B,5480,1,0.33913444675908977,2.446563280695817,0.04775342046680353,409.98160709863265,False,,,SETTLE JUP-1 (recorded answer)
409.7052305755329,Ceres,endpoint retry,DATA,,,,,,,,,3,,SETTLE JUP-1 (recorded answer)
409.7052305755329,Ceres,enqueue,DATA,,5481,,,,,,,3,,SETTLE JUP-1 (recorded answer)
409.7055083533107,Ceres,launch,DATA,Ceres->Relay B,5481,1,0.33913405608177527,2.446560462295404,0.04775336679055897,410.04464240939245,False,,,SETTLE JUP-1 (recorded answer)
409.74426129388706,Relay B,arrive,DATA,Ceres->Relay B,5479,,,,,,,,,
409.74453907166486,Relay B,launch,RCPT,Relay B->Ceres,5479,1,0.3390969413479752,2.446292711419199,0.04774826747949745,410.08363601301284,False,,,receipt SETTLE JUP-1 (recorded answer)
409.74481684944266,Relay B,launch,DATA,Relay B->Jupiter,5479,1,0.3497734667118948,2.523314657053316,0.04921402385901197,410.09459031615455,False,,,SETTLE JUP-1 (recorded answer)
409.98160709863265,Relay B,arrive,DATA,Ceres->Relay B,5480,,,,,,,,,
409.98188487641045,Relay B,launch,RCPT,Relay B->Ceres,5480,1,0.33909547042696886,2.4462820999895563,0.04774806538443077,410.3209803468374,False,,,receipt SETTLE JUP-1 (recorded answer)
409.98216265418824,Relay B,launch,DATA,Relay B->Jupiter,5480,1,0.3497760453183787,2.5233332594807876,0.04921437759748937,410.3319386995066,False,,,SETTLE JUP-1 (recorded answer)
410.04464240939245,Relay B,arrive,DATA,Ceres->Relay B,5481,,,,,,,,,
410.04492018717025,Relay B,launch,RCPT,Relay B->Ceres,5481,1,0.339095079764661,2.446279281697191,0.04774801170994214,410.3840152669349,False,,,receipt SETTLE JUP-1 (recorded answer)
410.04519796494804,Relay B,launch,DATA,Relay B->Jupiter,5481,1,0.3497767302194461,2.5233382004527667,0.04921447155358716,410.3949746951675,False,,,SETTLE JUP-1 (recorded answer)
410.08363601301284,Ceres,receipt,,Relay B->Ceres,5479,,,,,,,,,
410.09459031615455,Jupiter,arrive,DATA,Relay B->Jupiter,5479,,,,,,,,,
410.09486809393235,Jupiter,launch,RCPT,Jupiter->Relay B,5479,1,0.3497837151729186,2.5233885908831772,0.04921542976294446,410.44465180910527,False,,,receipt SETTLE JUP-1 (recorded answer)
410.3209803468374,Ceres,receipt,,Relay B->Ceres,5480,,,,,,,,,
410.3319386995066,Jupiter,arrive,DATA,Relay B->Jupiter,5480,,,,,,,,,
410.3322164772844,Jupiter,launch,RCPT,Jupiter->Relay B,5480,1,0.34978629568644237,2.5234072070682623,0.049215783762509235,410.68200277297086,False,,,receipt SETTLE JUP-1 (recorded answer)
410.3630651435444,Ceres,endpoint retry,DATA,,,,,,,,,3,,SETTLE JUP-1 (recorded answer)
410.3630651435444,Ceres,enqueue,DATA,,5482,,,,,,,3,,SETTLE JUP-1 (recorded answer)
410.3633429213222,Ceres,launch,DATA,Ceres->Relay B,5482,1,0.33912997879008344,2.446531048143404,0.04775280659984993,410.7024729001123,False,,,SETTLE JUP-1 (recorded answer)
410.3840152669349,Ceres,receipt,,Relay B->Ceres,5481,,,,,,,,,
410.3949746951675,Jupiter,arrive,DATA,Relay B->Jupiter,5481,,,,,,,,,
410.3952524729453,Jupiter,launch,RCPT,Jupiter->Relay B,5481,1,0.34978698109398465,2.523412151694045,0.04921587778794756,410.7450394540393,False,,,receipt SETTLE JUP-1 (recorded answer)
410.44465180910527,Relay B,receipt,,Jupiter->Relay B,5479,,,,,,,,,
410.6634904992582,Ceres,endpoint retry,DATA,,,,,,,,,3,,SETTLE JUP-1 (recorded answer)
410.6634904992582,Ceres,enqueue,DATA,,5483,,,,,,,3,,SETTLE JUP-1 (recorded answer)
410.663768277036,Ceres,launch,DATA,Ceres->Relay B,5483,1,0.33912811660451325,2.4465176140763694,0.047752550748763056,411.0028963936405,False,,,SETTLE JUP-1 (recorded answer)
410.68200277297086,Relay B,receipt,,Jupiter->Relay B,5480,,,,,,,,,
410.7024729001123,Relay B,arrive,DATA,Ceres->Relay B,5482,,,,,,,,,
410.7027506778901,Relay B,launch,RCPT,Relay B->Ceres,5482,1,0.3390910026292886,2.446249868673032,0.047747451537562546,411.0418416805194,False,,,receipt SETTLE JUP-1 (recorded answer)
410.7030284556679,Relay B,launch,DATA,Relay B->Jupiter,5482,1,0.34978387937843536,2.5233897754846812,0.04921545228896074,411.0528123350463,False,,,SETTLE JUP-1 (recorded answer)
410.7450394540393,Relay B,receipt,,Jupiter->Relay B,5481,,,,,,,,,
411.0028963936405,Relay B,arrive,DATA,Ceres->Relay B,5483,,,,,,,,,
411.0031741714183,Relay B,launch,RCPT,Relay B->Ceres,5483,1,0.33908914051511374,2.4462364351212225,0.04774719569484931,411.34226331193344,False,,,receipt SETTLE JUP-1 (recorded answer)
411.0034519491961,Relay B,launch,DATA,Relay B->Jupiter,5483,1,0.34978714528512,2.5234133361918385,0.0492159003119812,411.35323909448124,False,,,SETTLE JUP-1 (recorded answer)
411.0418416805194,Ceres,receipt,,Relay B->Ceres,5482,,,,,,,,,
411.0528123350463,Jupiter,arrive,DATA,Relay B->Jupiter,5482,,,,,,,,,
411.0530901128241,Jupiter,launch,RCPT,Jupiter->Relay B,5482,1,0.3497941355385592,2.523463764856668,0.049216859246951405,411.4028842483627,False,,,receipt SETTLE JUP-1 (recorded answer)
411.34226331193344,Ceres,receipt,,Relay B->Ceres,5483,,,,,,,,,
411.35323909448124,Jupiter,arrive,DATA,Relay B->Jupiter,5483,,,,,,,,,
411.35351687225904,Jupiter,launch,RCPT,Jupiter->Relay B,5483,1,0.34979740385909963,2.5234873429776505,0.04921730760044407,411.70331427611814,False,,,receipt SETTLE JUP-1 (recorded answer)
411.4028842483627,Relay B,receipt,,Jupiter->Relay B,5482,,,,,,,,,
411.70331427611814,Relay B,receipt,,Jupiter->Relay B,5483,,,,,,,,,
434.7843330339362,Ceres,endpoint retry,DATA,,,,,,,,,4,,SETTLE JUP-1 (recorded answer)
434.7843330339362,Ceres,enqueue,DATA,,5484,,,,,,,4,,SETTLE JUP-1 (recorded answer)
434.784610811714,Ceres,launch,DATA,Ceres->Relay B,5484,1,0.33897832919291204,2.4454370267616885,0.04773197079609748,435.1235891409069,False,,,SETTLE JUP-1 (recorded answer)
435.02168252491737,Ceres,endpoint retry,DATA,,,,,,,,,4,,SETTLE JUP-1 (recorded answer)
435.02168252491737,Ceres,enqueue,DATA,,5485,,,,,,,4,,SETTLE JUP-1 (recorded answer)
435.02196030269516,Ceres,launch,DATA,Ceres->Relay B,5485,1,0.33897685258904175,2.445426374334981,0.04773176791676814,435.3609371552842,False,,,SETTLE JUP-1 (recorded answer)
435.084718814802,Ceres,endpoint retry,DATA,,,,,,,,,4,,SETTLE JUP-1 (recorded answer)
435.084718814802,Ceres,enqueue,DATA,,5486,,,,,,,4,,SETTLE JUP-1 (recorded answer)
435.0849965925798,Ceres,launch,DATA,Ceres->Relay B,5486,1,0.33897646041742746,2.4454235451544477,0.04773171403399168,435.4239730529972,False,,,SETTLE JUP-1 (recorded answer)
435.1235891409069,Relay B,arrive,DATA,Ceres->Relay B,5484,,,,,,,,,
435.1238669186847,Relay B,launch,RCPT,Relay B->Ceres,5484,1,0.3389393588828966,2.445155889499702,0.04772661642051623,435.4628062775676,False,,,receipt SETTLE JUP-1 (recorded answer)
435.1241446964625,Relay B,launch,DATA,Relay B->Jupiter,5484,1,0.35005134357169254,2.5253192995433698,0.049252142814192434,435.4741960400342,False,,,SETTLE JUP-1 (recorded answer)
435.3609371552842,Relay B,arrive,DATA,Ceres->Relay B,5485,,,,,,,,,
435.361214933062,Relay B,launch,RCPT,Relay B->Ceres,5485,1,0.3389378823363245,2.4451452374864573,0.04772641354792073,435.7001528153983,False,,,receipt SETTLE JUP-1 (recorded answer)
435.3614927108398,Relay B,launch,DATA,Relay B->Jupiter,5485,1,0.3500539627254966,2.525338194484818,0.04925250210062648,435.7115466735653,False,,,SETTLE JUP-1 (recorded answer)
435.4239730529972,Relay B,arrive,DATA,Ceres->Relay B,5486,,,,,,,,,
435.424250830775,Relay B,launch,RCPT,Relay B->Ceres,5486,1,0.33893749017994423,2.445142408415741,0.04772635966693284,435.76318832095495,False,,,receipt SETTLE JUP-1 (recorded answer)
435.4245286085528,Relay B,launch,DATA,Relay B->Jupiter,5486,1,0.3500546583951518,2.5253432131428846,0.04925259753015365,435.77458326694796,False,,,SETTLE JUP-1 (recorded answer)
435.4628062775676,Ceres,receipt,,Relay B->Ceres,5484,,,,,,,,,
435.4741960400342,Jupiter,arrive,DATA,Relay B->Jupiter,5484,,,,,,,,,
435.474473817812,Jupiter,launch,RCPT,Jupiter->Relay B,5484,1,0.3500617959437591,2.5253947044156373,0.04925357663352592,435.82453561375576,False,,,receipt SETTLE JUP-1 (recorded answer)
435.7001528153983,Ceres,receipt,,Relay B->Ceres,5485,,,,,,,,,
435.7115466735653,Jupiter,arrive,DATA,Relay B->Jupiter,5485,,,,,,,,,
435.7118244513431,Jupiter,launch,RCPT,Jupiter->Relay B,5485,1,0.35006441700443247,2.525413613113761,0.04925393618100016,436.0618888683475,False,,,receipt SETTLE JUP-1 (recorded answer)
435.7425595265481,Ceres,endpoint retry,DATA,,,,,,,,,4,,SETTLE JUP-1 (recorded answer)
435.7425595265481,Ceres,enqueue,DATA,,5487,,,,,,,4,,SETTLE JUP-1 (recorded answer)
435.7428373043259,Ceres,launch,DATA,Ceres->Relay B,5487,1,0.33897236753136895,2.4453940185025775,0.0477311516879424,436.0818096718573,False,,,SETTLE JUP-1 (recorded answer)
435.76318832095495,Ceres,receipt,,Relay B->Ceres,5486,,,,,,,,,
435.77458326694796,Jupiter,arrive,DATA,Relay B->Jupiter,5486,,,,,,,,,
435.77486104472575,Jupiter,launch,RCPT,Jupiter->Relay B,5486,1,0.35006511318056255,2.525418635425382,0.049254031679855426,436.1249261579063,False,,,receipt SETTLE JUP-1 (recorded answer)
435.82453561375576,Relay B,receipt,,Jupiter->Relay B,5484,,,,,,,,,
436.04298768970415,Ceres,endpoint retry,DATA,,,,,,,,,4,,SETTLE JUP-1 (recorded answer)
436.04298768970415,Ceres,enqueue,DATA,,5488,,,,,,,4,,SETTLE JUP-1 (recorded answer)
436.04326546748194,Ceres,launch,DATA,Ceres->Relay B,5488,1,0.33897049822405734,2.4453805330584384,0.04773089485254056,436.382235965706,False,,,SETTLE JUP-1 (recorded answer)
436.0618888683475,Relay B,receipt,,Jupiter->Relay B,5485,,,,,,,,,
436.0818096718573,Relay B,arrive,DATA,Ceres->Relay B,5487,,,,,,,,,
436.0820874496351,Relay B,launch,RCPT,Relay B->Ceres,5487,1,0.3389333974528199,2.4451128829101982,0.047725797339553844,436.4210208470879,False,,,receipt SETTLE JUP-1 (recorded answer)
436.0823652274129,Relay B,launch,DATA,Relay B->Jupiter,5487,1,0.35006191993056746,2.525395598873741,0.04925359364158266,436.43242714734345,False,,,SETTLE JUP-1 (recorded answer)
436.1249261579063,Relay B,receipt,,Jupiter->Relay B,5486,,,,,,,,,
436.382235965706,Relay B,arrive,DATA,Ceres->Relay B,5488,,,,,,,,,
436.3825137434838,Relay B,launch,RCPT,Relay B->Ceres,5488,1,0.33893152821809736,2.4450993979897273,0.04772554051268152,436.7214452717019,False,,,receipt SETTLE JUP-1 (recorded answer)
436.3827915212616,Relay B,launch,DATA,Relay B->Jupiter,5488,1,0.3500652371560591,2.5254195298020607,0.049254048686355745,436.73285675841765,False,,,SETTLE JUP-1 (recorded answer)
436.4210208470879,Ceres,receipt,,Relay B->Ceres,5487,,,,,,,,,
436.43242714734345,Jupiter,arrive,DATA,Relay B->Jupiter,5487,,,,,,,,,
436.43270492512124,Jupiter,launch,RCPT,Jupiter->Relay B,5487,1,0.35007238000110874,2.525471059284343,0.049255028514783916,436.78277730512235,False,,,receipt SETTLE JUP-1 (recorded answer)
436.7214452717019,Ceres,receipt,,Relay B->Ceres,5488,,,,,,,,,
436.73285675841765,Jupiter,arrive,DATA,Relay B->Jupiter,5488,,,,,,,,,
436.73313453619545,Jupiter,launch,RCPT,Jupiter->Relay B,5488,1,0.35007569964034246,2.5254950076252958,0.04925548388996959,437.0832102358358,False,,,receipt SETTLE JUP-1 (recorded answer)
436.78277730512235,Relay B,receipt,,Jupiter->Relay B,5487,,,,,,,,,
437.0832102358358,Relay B,receipt,,Jupiter->Relay B,5488,,,,,,,,,
460.1640590461321,Ceres,endpoint attempts exhausted: status unknown,DATA,,,,,,,,,,13,SETTLE JUP-1 (recorded answer)
460.1640590461321,Ceres,status unknown,,,,,,,,,,,,SETTLE JUP-1 (recorded answer)
460.4014108222131,Ceres,endpoint attempts exhausted: status unknown,DATA,,,,,,,,,,14,SETTLE JUP-1 (recorded answer)
460.4014108222131,Ceres,status unknown,,,,,,,,,,,,SETTLE JUP-1 (recorded answer)
460.4644477190938,Ceres,endpoint attempts exhausted: status unknown,DATA,,,,,,,,,,15,SETTLE JUP-1 (recorded answer)
460.4644477190938,Ceres,status unknown,,,,,,,,,,,,SETTLE JUP-1 (recorded answer)
461.12229476813866,Ceres,endpoint attempts exhausted: status unknown,DATA,,,,,,,,,,16,SETTLE JUP-1 (recorded answer)
461.12229476813866,Ceres,status unknown,,,,,,,,,,,,SETTLE JUP-1 (recorded answer)
461.42272582713105,Ceres,endpoint attempts exhausted: status unknown,DATA,,,,,,,,,,17,SETTLE JUP-1 (recorded answer)
461.42272582713105,Ceres,status unknown,,,,,,,,,,,,SETTLE JUP-1 (recorded answer)
