t,actor,what,kind,link,pid,n,flight,d,p_loss,arrival,failed,attempt,seq,label
-72.0,Jupiter,enqueue,SYN,,1,,,,,,,1,,SYN Jupiter-Ceres
-71.99972222222222,Jupiter,launch,SYN,Jupiter->Relay B,1,1,0.3453354902818262,2.4912984750402623,0.04860501816209628,-71.65438673194039,False,,,SYN Jupiter-Ceres
-71.65438673194039,Relay B,arrive,SYN,Jupiter->Relay B,1,,,,,,,,,
-71.65410895416261,Relay B,launch,RCPT,Relay B->Jupiter,1,1,0.34533434057171064,2.491290180870821,0.04860486034145939,-71.3087746135909,False,,,receipt SYN Jupiter-Ceres
-71.65383117638483,Relay B,launch,SYN,Relay B->Ceres,1,1,0.3419720934917194,2.467034460682894,0.048143212888684284,-71.31185908289311,False,,,SYN Jupiter-Ceres
-71.31185908289311,Ceres,arrive,SYN,Relay B->Ceres,1,,,,,,,,,
-71.31185908289311,Ceres,enqueue,SYNACK,,2,,,,,,,1,,SYN-ACK Ceres-Jupiter
-71.31158130511533,Ceres,launch,RCPT,Ceres->Relay B,1,1,0.34200723200284244,2.467287954812277,0.04814803867860218,-70.96957407311248,False,,,receipt SYN Jupiter-Ceres
-71.31130352733754,Ceres,launch,SYNACK,Ceres->Relay B,2,1,0.34200723040616765,2.4672879432935537,0.04814803845931981,-70.96929629693138,False,,,SYN-ACK Ceres-Jupiter
-71.3087746135909,Jupiter,receipt,,Relay B->Jupiter,1,,,,,,,,,
-70.96957407311248,Relay B,receipt,,Ceres->Relay B,1,,,,,,,,,
-70.96929629693138,Relay B,arrive,SYNACK,Ceres->Relay B,2,,,,,,,,,
-70.9690185191536,Relay B,launch,RCPT,Relay B->Ceres,2,1,0.3419681574473259,2.4670060655087185,0.04814267232574565,-70.62705036170627,False,,,receipt SYN-ACK Ceres-Jupiter
-70.96874074137581,Relay B,launch,SYNACK,Relay B->Jupiter,2,1,0.34533952349113406,2.4913275711756997,0.04860557180028002,-70.62340121788468,False,,,SYN-ACK Ceres-Jupiter
-70.62705036170627,Ceres,receipt,,Relay B->Ceres,2,,,,,,,,,
-70.62340121788468,Jupiter,arrive,SYNACK,Relay B->Jupiter,2,,,,,,,,,
-70.62340121788468,Jupiter,enqueue,ACK,,3,,,,,,,1,,ACK Jupiter-Ceres
-70.6231234401069,Jupiter,launch,RCPT,Jupiter->Relay B,2,1,0.3453459081211747,2.4913736307888183,0.04860644821706206,-70.27777753198572,False,,,receipt SYN-ACK Ceres-Jupiter
-70.62284566232911,Jupiter,launch,ACK,Jupiter->Relay B,3,1,0.34534591022467964,2.491373645963785,0.04860644850580942,-70.27749975210443,False,,,ACK Jupiter-Ceres
-70.27777753198572,Relay B,receipt,,Jupiter->Relay B,2,,,,,,,,,
-70.27749975210443,Relay B,arrive,ACK,Jupiter->Relay B,3,,,,,,,,,
-70.27722197432665,Relay B,launch,RCPT,Relay B->Jupiter,3,1,0.3453447562425964,2.491365320975809,0.04860629009899864,-69.93187721808405,False,,,receipt ACK Jupiter-Ceres
-70.27694419654887,Relay B,launch,ACK,Relay B->Ceres,3,1,0.34196417921907596,2.4669773660142846,0.048142125969107274,-69.93498001732979,False,,,ACK Jupiter-Ceres
-69.93498001732979,Ceres,arrive,ACK,Relay B->Ceres,3,,,,,,,,,
-69.93470223955201,Ceres,launch,RCPT,Ceres->Relay B,3,1,0.3419993167113091,2.4672308527932696,0.048146951624605694,-69.5927029228407,False,,,receipt ACK Jupiter-Ceres
-69.93187721808405,Jupiter,receipt,,Relay B->Jupiter,3,,,,,,,,,
-69.5927029228407,Relay B,receipt,,Ceres->Relay B,3,,,,,,,,,
0.0002777777777777778,Jupiter,enqueue,DATA,,4,,,,,,,1,,LOCK JUP-1
0.0005555555555555556,Jupiter,launch,DATA,Jupiter->Relay B,4,1,0.34589808165864444,2.4953570878343982,0.048682241904752455,0.34645363721419997,False,,,LOCK JUP-1
0.34645363721419997,Relay B,arrive,DATA,Jupiter->Relay B,4,,,,,,,,,
0.34673141499197774,Relay B,launch,RCPT,Relay B->Jupiter,4,1,0.34589670864436567,2.4953471827175595,0.048682053446462814,0.6926281236363434,False,,,receipt LOCK JUP-1
0.3470091927697555,Relay B,launch,DATA,Relay B->Ceres,4,1,0.341555854164019,2.464031652018431,0.04808604629594482,0.6885650469337745,False,,,LOCK JUP-1
0.6885650469337745,Ceres,arrive,DATA,Relay B->Ceres,4,,,,,,,,,
0.6885650469337745,Ceres,deliver,,,,,,,,,,,0,LOCK JUP-1
0.6885650469337745,Ceres,enqueue,DATA,,5,,,,,,,1,,COMMIT JUP-1
0.6885650469337745,Ceres,enqueue,DACK,,6,,,,,,,1,,DACK LOCK JUP-1
0.6888428247115523,Ceres,launch,RCPT,Ceres->Relay B,4,1,0.3415909391098573,2.4642847597203583,0.04809086501881332,1.0304337638214096,False,,,receipt LOCK JUP-1
0.6891206024893302,Ceres,launch,DATA,Ceres->Relay B,5,1,0.3415909374944295,2.4642847480664365,0.0480908647969438,1.0307115399837596,False,,,COMMIT JUP-1
0.689398380267108,Ceres,launch,DACK,Ceres->Relay B,6,1,0.34159093587900147,2.4642847364125116,0.04809086457507428,1.0309893161461094,False,,,DACK LOCK JUP-1
0.6926281236363434,Jupiter,receipt,,Relay B->Jupiter,4,,,,,,,,,
1.0304337638214096,Relay B,receipt,,Ceres->Relay B,4,,,,,,,,,
1.0307115399837596,Relay B,arrive,DATA,Ceres->Relay B,5,,,,,,,,,
1.0309893161461094,Relay B,arrive,DACK,Ceres->Relay B,6,,,,,,,,,
1.0309893177615375,Relay B,launch,RCPT,Relay B->Ceres,5,1,0.34155187676522925,2.464002958507865,0.04808550002072631,1.3725411945267667,False,,,receipt COMMIT JUP-1
1.0312670955393153,Relay B,launch,DATA,Relay B->Jupiter,5,1,0.3459022282786832,2.4953870021306956,0.04868281106460792,1.3771693238179985,False,,,COMMIT JUP-1
1.0312670955393153,Relay B,launch,RCPT,Relay B->Ceres,6,1,0.3415518751498403,2.4640029468542233,0.0480854997988609,1.3728189706891556,False,,,receipt DACK LOCK JUP-1
1.031544873317093,Relay B,launch,DACK,Relay B->Jupiter,6,1,0.3459022305191568,2.495387018293784,0.04868281137213237,1.37744710383625,False,,,DACK LOCK JUP-1
1.3725411945267667,Ceres,receipt,,Relay B->Ceres,5,,,,,,,,,
1.3728189706891556,Ceres,receipt,,Relay B->Ceres,6,,,,,,,,,
1.3771693238179985,Jupiter,arrive,DATA,Relay B->Jupiter,5,,,,,,,,,
1.3771693238179985,Jupiter,deliver,,,,,,,,,,,0,COMMIT JUP-1
1.3771693238179985,Jupiter,enqueue,DACK,,7,,,,,,,1,,DACK COMMIT JUP-1
1.3774471015957763,Jupiter,launch,RCPT,Jupiter->Relay B,5,1,0.34590919165226897,2.495437236880624,0.048683766847749554,1.7233562932480453,False,,,receipt COMMIT JUP-1
1.37744710383625,Jupiter,arrive,DACK,Relay B->Jupiter,6,,,,,,,,,
1.37744710383625,Jupiter,data acknowledged,,,,,,,,,,,0,LOCK JUP-1
1.3777248793735541,Jupiter,launch,DACK,Jupiter->Relay B,7,1,0.3459091938949568,2.495437253059689,0.04868376715557765,1.723634073268511,False,,,DACK COMMIT JUP-1
1.378002657151332,Jupiter,launch,RCPT,Jupiter->Relay B,6,1,0.3459091961376455,2.4954372692387583,0.04868376746340597,1.7239118532889774,False,,,receipt DACK LOCK JUP-1
1.7233562932480453,Relay B,receipt,,Jupiter->Relay B,5,,,,,,,,,
1.723634073268511,Relay B,arrive,DACK,Jupiter->Relay B,7,,,,,,,,,
1.7239118510462887,Relay B,launch,RCPT,Relay B->Jupiter,7,1,0.3459078166112435,2.495427317142551,0.048683578111573644,2.0698196676575322,False,,,receipt DACK COMMIT JUP-1
1.7239118532889774,Relay B,receipt,,Jupiter->Relay B,6,,,,,,,,,
1.7241896288240666,Relay B,launch,DACK,Relay B->Ceres,7,1,0.3415478453032783,2.4639738749781013,0.04808494631989135,2.065737474127345,False,,,DACK COMMIT JUP-1
2.065737474127345,Ceres,arrive,DACK,Relay B->Ceres,7,,,,,,,,,
2.065737474127345,Ceres,data acknowledged,,,,,,,,,,,0,COMMIT JUP-1
2.0660152519051227,Ceres,launch,RCPT,Ceres->Relay B,7,1,0.34158292921889855,2.4642269752478905,0.04808976490683359,2.4075981811240212,False,,,receipt DACK COMMIT JUP-1
2.0698196676575322,Jupiter,receipt,,Relay B->Jupiter,7,,,,,,,,,
2.4075981811240212,Relay B,receipt,,Ceres->Relay B,7,,,,,,,,,
24.00027777777778,Ceres,enqueue,DATA,,8,,,,,,,1,,PRINT h24
24.000555555555557,Ceres,launch,DATA,Ceres->Relay B,8,1,0.3414551143944706,2.463304901246965,0.04807221011138596,24.342010669950028,False,,,PRINT h24
24.342010669950028,Relay B,arrive,DATA,Ceres->Relay B,8,,,,,,,,,
24.342288447727807,Relay B,launch,RCPT,Relay B->Ceres,8,1,0.3414160577927774,2.463023141464803,0.04806684579693732,24.683704505520584,False,,,receipt PRINT h24
24.342566225505585,Relay B,launch,DATA,Relay B->Jupiter,8,1,0.3460921362426852,2.496757024715781,0.0487088772281824,24.68865836174827,False,,,PRINT h24
24.683704505520584,Ceres,receipt,,Relay B->Ceres,8,,,,,,,,,
24.68865836174827,Jupiter,arrive,DATA,Relay B->Jupiter,8,,,,,,,,,
24.68865836174827,Jupiter,deliver,,,,,,,,,,,1,PRINT h24
24.68865836174827,Jupiter,enqueue,DACK,,9,,,,,,,1,,DACK PRINT h24
24.68893613952605,Jupiter,launch,RCPT,Jupiter->Relay B,8,1,0.34609928700308856,2.4968086113003922,0.048709858704875986,25.035035426529138,False,,,receipt PRINT h24
24.689213917303828,Jupiter,launch,DACK,Jupiter->Relay B,9,1,0.3460992892907129,2.496808627803623,0.048709859018863155,25.03531320659454,False,,,DACK PRINT h24
25.035035426529138,Relay B,receipt,,Jupiter->Relay B,8,,,,,,,,,
25.03531320659454,Relay B,arrive,DACK,Jupiter->Relay B,9,,,,,,,,,
25.03559098437232,Relay B,launch,RCPT,Relay B->Jupiter,9,1,0.3460978397481185,2.4967981706008193,0.04870966006216382,25.381688824120438,False,,,receipt DACK PRINT h24
25.0358687621501,Relay B,launch,DACK,Relay B->Ceres,9,1,0.3414120089801713,2.462993932764988,0.048066289702179965,25.37728077113027,False,,,DACK PRINT h24
25.37728077113027,Ceres,arrive,DACK,Relay B->Ceres,9,,,,,,,,,
25.37728077113027,Ceres,data acknowledged,,,,,,,,,,,1,PRINT h24
25.37755854890805,Ceres,launch,RCPT,Ceres->Relay B,9,1,0.3414470754249841,2.4632469069979384,0.04807110598399966,25.719005624333033,False,,,receipt DACK PRINT h24
25.381688824120438,Jupiter,receipt,,Relay B->Jupiter,9,,,,,,,,,
25.719005624333033,Relay B,receipt,,Ceres->Relay B,9,,,,,,,,,
48.000277777777775,Ceres,enqueue,DATA,,10,,,,,,,1,,PRINT h48
48.00055555555555,Ceres,launch,DATA,Ceres->Relay B,10,1,0.3413147477380605,2.46229227657648,0.0480529310048704,48.34187030329361,False,,,PRINT h48
48.34187030329361,Relay B,arrive,DATA,Ceres->Relay B,10,,,,,,,,,
48.342148081071386,Relay B,launch,RCPT,Relay B->Ceres,10,1,0.34127569547174375,2.462010548070308,0.04804756717724501,48.68342377654313,False,,,receipt PRINT h48
48.34242585884916,Relay B,launch,DATA,Relay B->Jupiter,10,1,0.3462915904303472,2.498195915092073,0.0487362529071067,48.68871744927951,False,,,PRINT h48
48.68342377654313,Ceres,receipt,,Relay B->Ceres,10,,,,,,,,,
48.68871744927951,Jupiter,arrive,DATA,Relay B->Jupiter,10,,,,,,,,,
48.68871744927951,Jupiter,deliver,,,,,,,,,,,2,PRINT h48
48.68871744927951,Jupiter,enqueue,DACK,,11,,,,,,,1,,DACK PRINT h48
48.68899522705728,Jupiter,launch,RCPT,Jupiter->Relay B,10,1,0.34629893411506885,2.498248893459676,0.0487372608345823,49.03529416117235,False,,,receipt PRINT h48
48.68927300483506,Jupiter,launch,DACK,Jupiter->Relay B,11,1,0.346298936448882,2.498248910296148,0.0487372611549004,49.03557194128394,False,,,DACK PRINT h48
49.03529416117235,Relay B,receipt,,Jupiter->Relay B,10,,,,,,,,,
49.03557194128394,Relay B,arrive,DACK,Jupiter->Relay B,11,,,,,,,,,
49.035849719061716,Relay B,launch,RCPT,Relay B->Jupiter,11,1,0.3462974125335663,2.498237916558145,0.048737051996211034,49.38214713159528,False,,,receipt DACK PRINT h48
49.03612749683949,Relay B,launch,DACK,Relay B->Ceres,11,1,0.34127162873644323,2.4619812100736524,0.04804700860953526,49.377399125575934,False,,,DACK PRINT h48
49.377399125575934,Ceres,arrive,DACK,Relay B->Ceres,11,,,,,,,,,
49.377399125575934,Ceres,data acknowledged,,,,,,,,,,,2,PRINT h48
49.37767690335371,Ceres,launch,RCPT,Ceres->Relay B,11,1,0.34130667713093743,2.4622340540890857,0.048051822509700526,49.71898358048465,False,,,receipt DACK PRINT h48
49.38214713159528,Jupiter,receipt,,Relay B->Jupiter,11,,,,,,,,,
49.71898358048465,Relay B,receipt,,Ceres->Relay B,11,,,,,,,,,
72.00027777777778,Ceres,enqueue,DATA,,12,,,,,,,1,,PRINT h72
72.00055555555556,Ceres,launch,DATA,Ceres->Relay B,12,1,0.34117384182079036,2.4612757616027476,0.048033577439142494,72.34172939737635,False,,,PRINT h72
72.34172939737635,Relay B,arrive,DATA,Ceres->Relay B,12,,,,,,,,,
72.34200717515414,Relay B,launch,RCPT,Relay B->Ceres,12,1,0.341134793977119,2.460994065002188,0.04802821410993252,72.68314196913126,False,,,receipt PRINT h72
72.34228495293192,Relay B,launch,DATA,Relay B->Jupiter,12,1,0.34649503266398085,2.499663575789251,0.048764175145586064,72.6887799855959,False,,,PRINT h72
72.68314196913126,Ceres,receipt,,Relay B->Ceres,12,,,,,,,,,
72.6887799855959,Jupiter,arrive,DATA,Relay B->Jupiter,12,,,,,,,,,
72.6887799855959,Jupiter,deliver,,,,,,,,,,,3,PRINT h72
72.6887799855959,Jupiter,enqueue,DACK,,13,,,,,,,1,,DACK PRINT h72
72.68905776337368,Jupiter,launch,RCPT,Jupiter->Relay B,12,1,0.3465025692746053,2.499717945951227,0.04876520952194119,73.03556033264829,False,,,receipt PRINT h72
72.68933554115146,Jupiter,launch,DACK,Jupiter->Relay B,13,1,0.3465025716545398,2.499717963120428,0.048765209848580016,73.035838112806,False,,,DACK PRINT h72
73.03556033264829,Relay B,receipt,,Jupiter->Relay B,12,,,,,,,,,
73.035838112806,Relay B,arrive,DACK,Jupiter->Relay B,13,,,,,,,,,
73.03611589058379,Relay B,launch,RCPT,Relay B->Jupiter,13,1,0.3465009733876627,2.4997064329998677,0.0487649904915185,73.38261686397145,False,,,receipt DACK PRINT h72
73.03639366836157,Relay B,launch,DACK,Relay B->Ceres,13,1,0.3411307092583371,2.460964597270175,0.04802765306077783,73.3775243776199,False,,,DACK PRINT h72
73.3775243776199,Ceres,arrive,DACK,Relay B->Ceres,13,,,,,,,,,
73.3775243776199,Ceres,data acknowledged,,,,,,,,,,,3,PRINT h72
73.37780215539769,Ceres,launch,RCPT,Ceres->Relay B,13,1,0.34116573953818374,2.4612173106040847,0.04803246457073018,73.71896789493587,False,,,receipt DACK PRINT h72
73.38261686397145,Jupiter,receipt,,Relay B->Jupiter,13,,,,,,,,,
73.71896789493587,Relay B,receipt,,Ceres->Relay B,13,,,,,,,,,
96.00027777777778,Ceres,enqueue,DATA,,14,,,,,,,1,,PRINT h96
96.00055555555556,Ceres,launch,DATA,Ceres->Relay B,14,1,0.34103239678469777,2.460255357350562,0.04801414942918858,96.34158795234026,False,,,PRINT h96
96.34158795234026,Relay B,arrive,DATA,Ceres->Relay B,14,,,,,,,,,
96.34186573011804,Relay B,launch,RCPT,Relay B->Ceres,14,1,0.3409933534510259,2.459973693285766,0.04800878660999741,96.68285908356907,False,,,receipt PRINT h96
96.34214350789583,Relay B,launch,DATA,Relay B->Jupiter,14,1,0.34670245670230315,2.5011599617816382,0.048792643038869765,96.68884596459813,False,,,PRINT h96
96.68285908356907,Ceres,receipt,,Relay B->Ceres,14,,,,,,,,,
96.68884596459813,Jupiter,arrive,DATA,Relay B->Jupiter,14,,,,,,,,,
96.68884596459813,Jupiter,deliver,,,,,,,,,,,4,PRINT h96
96.68884596459813,Jupiter,enqueue,DACK,,15,,,,,,,1,,DACK PRINT h96
96.68912374237591,Jupiter,launch,RCPT,Jupiter->Relay B,14,1,0.34671018623939176,2.501215723742126,0.04879370386201931,97.0358339286153,False,,,receipt PRINT h96
96.6894015201537,Jupiter,launch,DACK,Jupiter->Relay B,15,1,0.3467101886653694,2.5012157412435267,0.0487937041949682,97.03611170881906,False,,,DACK PRINT h96
97.0358339286153,Relay B,receipt,,Jupiter->Relay B,14,,,,,,,,,
97.03611170881906,Relay B,arrive,DACK,Jupiter->Relay B,15,,,,,,,,,
97.03638948659685,Relay B,launch,RCPT,Relay B->Jupiter,15,1,0.346708516068432,2.501203674895536,0.04879347464321693,97.38309800266528,False,,,receipt DACK PRINT h96
97.03666726437463,Relay B,launch,DACK,Relay B->Ceres,15,1,0.3409892506875991,2.4599440953771863,0.04800822307085262,97.37765651506223,False,,,DACK PRINT h96
97.37765651506223,Ceres,arrive,DACK,Relay B->Ceres,15,,,,,,,,,
97.37765651506223,Ceres,data acknowledged,,,,,,,,,,,4,PRINT h96
97.37793429284001,Ceres,launch,RCPT,Ceres->Relay B,15,1,0.34102426278857934,2.460196677566107,0.04801303218204267,97.71895855562859,False,,,receipt DACK PRINT h96
97.38309800266528,Jupiter,receipt,,Relay B->Jupiter,15,,,,,,,,,
97.71895855562859,Relay B,receipt,,Ceres->Relay B,15,,,,,,,,,
120.00027777777778,Ceres,enqueue,DATA,,16,,,,,,,1,,PRINT h120
120.00055555555556,Ceres,launch,DATA,Ceres->Relay B,16,1,0.3408904127747405,2.459231064865608,0.04799464699037681,120.3414459683303,False,,,PRINT h120
120.3414459683303,Relay B,arrive,DATA,Ceres->Relay B,16,,,,,,,,,
120.34172374610809,Relay B,launch,RCPT,Relay B->Ceres,16,1,0.3408513740384933,2.4589494339672697,0.047989284692819156,120.68257512014658,False,,,receipt PRINT h120
120.34200152388587,Relay B,launch,DATA,Relay B->Jupiter,16,1,0.3469138561589631,2.5026850269974155,0.04882165566146801,120.68891538004483,False,,,PRINT h120
120.68257512014658,Ceres,receipt,,Relay B->Ceres,16,,,,,,,,,
120.68891538004483,Jupiter,arrive,DATA,Relay B->Jupiter,16,,,,,,,,,
120.68891538004483,Jupiter,deliver,,,,,,,,,,,5,PRINT h120
120.68891538004483,Jupiter,enqueue,DACK,,17,,,,,,,1,,DACK PRINT h120
120.68919315782261,Jupiter,launch,RCPT,Jupiter->Relay B,16,1,0.3469217786220895,2.502742180753309,0.04882274292914468,121.0361149364447,False,,,receipt PRINT h120
120.6894709356004,Jupiter,launch,DACK,Jupiter->Relay B,17,1,0.34692178109405347,2.5027421985863714,0.048822743268392754,121.03639271669445,False,,,DACK PRINT h120
121.0361149364447,Relay B,receipt,,Jupiter->Relay B,16,,,,,,,,,
121.03639271669445,Relay B,arrive,DACK,Jupiter->Relay B,17,,,,,,,,,
121.03667049447223,Relay B,launch,RCPT,Relay B->Jupiter,17,1,0.34692003418889783,2.502729596168568,0.04882250352569861,121.38359052866113,False,,,receipt DACK PRINT h120
121.03694827225002,Relay B,launch,DACK,Relay B->Ceres,17,1,0.34084725316890285,2.4589197054382566,0.04798871865508736,121.37779552541892,False,,,DACK PRINT h120
121.37779552541892,Ceres,arrive,DACK,Relay B->Ceres,17,,,,,,,,,
121.37779552541892,Ceres,data acknowledged,,,,,,,,,,,5,PRINT h120
121.3780733031967,Ceres,launch,RCPT,Ceres->Relay B,17,1,0.34088224702682624,2.459172156019254,0.04799352535897472,121.71895555022353,False,,,receipt DACK PRINT h120
121.38359052866113,Jupiter,receipt,,Relay B->Jupiter,17,,,,,,,,,
121.71895555022353,Relay B,receipt,,Ceres->Relay B,17,,,,,,,,,
144.00027777777777,Ceres,enqueue,DATA,,18,,,,,,,1,,PRINT h144
144.00055555555554,Ceres,launch,DATA,Ceres->Relay B,18,1,0.3407478899387968,2.458202885214764,0.04797507013846314,144.34130344549433,False,,,PRINT h144
144.34130344549433,Relay B,arrive,DATA,Ceres->Relay B,18,,,,,,,,,
144.3415812232721,Relay B,launch,RCPT,Relay B->Ceres,18,1,0.34070885588747046,2.4579212881140964,0.047969708374164255,144.68229007915957,False,,,receipt PRINT h144
144.34185900104987,Relay B,launch,DATA,Relay B->Jupiter,18,1,0.3471292245037887,2.5042387243268664,0.04885121206731713,144.68898822555366,False,,,PRINT h144
144.68229007915957,Ceres,receipt,,Relay B->Ceres,18,,,,,,,,,
144.68898822555366,Jupiter,arrive,DATA,Relay B->Jupiter,18,,,,,,,,,
144.68898822555366,Jupiter,deliver,,,,,,,,,,,6,PRINT h144
144.68898822555366,Jupiter,enqueue,DACK,,19,,,,,,,1,,DACK PRINT h144
144.68926600333143,Jupiter,launch,RCPT,Jupiter->Relay B,18,1,0.3471373398915034,2.5042972698678034,0.048852325777071104,145.03640334322293,False,,,receipt PRINT h144
144.6895437811092,Jupiter,launch,DACK,Jupiter->Relay B,19,1,0.34713734240935423,2.5042972880319763,0.04885232612260737,145.03668112351855,False,,,DACK PRINT h144
145.03640334322293,Relay B,receipt,,Jupiter->Relay B,18,,,,,,,,,
145.03668112351855,Relay B,arrive,DACK,Jupiter->Relay B,19,,,,,,,,,
145.03695890129632,Relay B,launch,RCPT,Relay B->Jupiter,19,1,0.3471355212182061,2.504284149704462,0.048852076192781424,145.38409442251452,False,,,receipt DACK PRINT h144
145.03723667907408,Relay B,launch,DACK,Relay B->Ceres,19,1,0.34070471684981385,2.4578914285181566,0.047969139829197927,145.3779413959239,False,,,DACK PRINT h144
145.3779413959239,Ceres,arrive,DACK,Relay B->Ceres,19,,,,,,,,,
145.3779413959239,Ceres,data acknowledged,,,,,,,,,,,6,PRINT h144
145.37821917370167,Ceres,launch,RCPT,Ceres->Relay B,19,1,0.34073969240060364,2.458143747028849,0.0479739441172512,145.71895886610227,False,,,receipt DACK PRINT h144
145.38409442251452,Jupiter,receipt,,Relay B->Jupiter,19,,,,,,,,,
145.71895886610227,Relay B,receipt,,Ceres->Relay B,19,,,,,,,,,
168.00027777777777,Ceres,enqueue,DATA,,20,,,,,,,1,,PRINT h168
168.00055555555554,Ceres,launch,DATA,Ceres->Relay B,20,1,0.3406048284277574,2.457170819486379,0.047955418889596424,168.3411603839833,False,,,PRINT h168
168.3411603839833,Relay B,arrive,DATA,Ceres->Relay B,20,,,,,,,,,
168.34143816176106,Relay B,launch,RCPT,Relay B->Ceres,20,1,0.34056579914891927,2.4568892568151295,0.047950057670193114,168.68200396090998,False,,,receipt PRINT h168
168.34171593953883,Relay B,launch,DATA,Relay B->Jupiter,20,1,0.34734855506386,2.505821005630733,0.048881311289947105,168.6890644946027,False,,,PRINT h168
168.68200396090998,Ceres,receipt,,Relay B->Ceres,20,,,,,,,,,
168.6890644946027,Jupiter,arrive,DATA,Relay B->Jupiter,20,,,,,,,,,
168.6890644946027,Jupiter,deliver,,,,,,,,,,,7,PRINT h168
168.6890644946027,Jupiter,enqueue,DACK,,21,,,,,,,1,,DACK PRINT h168
168.68934227238046,Jupiter,launch,RCPT,Jupiter->Relay B,20,1,0.34735686337373295,2.505880942939102,0.04888245143914649,169.0366991357542,False,,,receipt PRINT h168
168.68962005015823,Jupiter,launch,DACK,Jupiter->Relay B,21,1,0.347356865937428,2.505880961433821,0.048882451790959514,169.03697691609565,False,,,DACK PRINT h168
169.0366991357542,Relay B,receipt,,Jupiter->Relay B,20,,,,,,,,,
169.03697691609565,Relay B,arrive,DACK,Jupiter->Relay B,21,,,,,,,,,
169.03725469387342,Relay B,launch,RCPT,Relay B->Jupiter,21,1,0.347354970482769,2.5058672873591834,0.04888219167787711,169.3846096643562,False,,,receipt DACK PRINT h168
169.0375324716512,Relay B,launch,DACK,Relay B->Ceres,21,1,0.34056164188095295,2.456859265703164,0.047949486609293546,169.37809411353214,False,,,DACK PRINT h168
169.37809411353214,Ceres,arrive,DACK,Relay B->Ceres,21,,,,,,,,,
169.37809411353214,Ceres,data acknowledged,,,,,,,,,,,7,PRINT h168
169.3783718913099,Ceres,launch,RCPT,Ceres->Relay B,21,1,0.34059659906057504,2.457111451681743,0.047954288472991435,169.7189684903705,False,,,receipt DACK PRINT h168
169.3846096643562,Jupiter,receipt,,Relay B->Jupiter,21,,,,,,,,,
169.7189684903705,Relay B,receipt,,Ceres->Relay B,21,,,,,,,,,
192.00027777777777,Ceres,enqueue,DATA,,22,,,,,,,1,,PRINT h192
192.00055555555554,Ceres,launch,DATA,Ceres->Relay B,22,1,0.3404612283954691,2.456134868790587,0.04793569326032476,192.341016783951,False,,,PRINT h192
192.341016783951,Relay B,arrive,DATA,Ceres->Relay B,22,,,,,,,,,
192.34129456172877,Relay B,launch,RCPT,Relay B->Ceres,22,1,0.3404222039767717,2.4558533411810117,0.047930332597464265,192.68171676570554,False,,,receipt PRINT h192
192.34157233950654,Relay B,launch,DATA,Relay B->Jupiter,22,1,0.34757184102474525,2.5074318217487384,0.048911952342651555,192.6891441805313,False,,,PRINT h192
192.68171676570554,Ceres,receipt,,Relay B->Ceres,22,,,,,,,,,
192.6891441805313,Jupiter,arrive,DATA,Relay B->Jupiter,22,,,,,,,,,
192.6891441805313,Jupiter,deliver,,,,,,,,,,,8,PRINT h192
192.6891441805313,Jupiter,enqueue,DACK,,23,,,,,,,1,,DACK PRINT h192
192.68942195830905,Jupiter,launch,RCPT,Jupiter->Relay B,22,1,0.34758034225333745,2.507493150799667,0.04891311892848238,193.0370023005624,False,,,receipt PRINT h192
192.68969973608682,Jupiter,launch,DACK,Jupiter->Relay B,23,1,0.347580344862763,2.5074931696243574,0.048913119286560724,193.03728008094959,False,,,DACK PRINT h192
193.0370023005624,Relay B,receipt,,Jupiter->Relay B,22,,,,,,,,,
193.03728008094959,Relay B,arrive,DACK,Jupiter->Relay B,23,,,,,,,,,
193.03755785872735,Relay B,launch,RCPT,Relay B->Jupiter,23,1,0.34757837516752943,2.507478959967669,0.04891284899416115,193.38513623389488,False,,,receipt DACK PRINT h192
193.03783563650512,Relay B,launch,DACK,Relay B->Ceres,23,1,0.34041802841588265,2.455823218101376,0.047929759011883344,193.378253664921,False,,,DACK PRINT h192
193.378253664921,Ceres,arrive,DACK,Relay B->Ceres,23,,,,,,,,,
193.378253664921,Ceres,data acknowledged,,,,,,,,,,,8,PRINT h192
193.37853144269877,Ceres,launch,RCPT,Ceres->Relay B,23,1,0.3404529671604166,2.456075271086592,0.04793455844271377,193.7189844098592,False,,,receipt DACK PRINT h192
193.38513623389488,Jupiter,receipt,,Relay B->Jupiter,23,,,,,,,,,
193.7189844098592,Relay B,receipt,,Ceres->Relay B,23,,,,,,,,,
216.00027777777777,Ceres,enqueue,DATA,,24,,,,,,,1,,PRINT h216
216.00055555555554,Ceres,launch,DATA,Ceres->Relay B,24,1,0.340317089998905,2.4550950342595903,0.04791589326760082,216.34087264555444,False,,,PRINT h216
216.34087264555444,Relay B,arrive,DATA,Ceres->Relay B,24,,,,,,,,,
216.3411504233322,Relay B,launch,RCPT,Relay B->Ceres,24,1,0.3402780705280577,2.4548135423444677,0.04791053317294136,216.68142849386027,False,,,receipt PRINT h216
216.34142820110998,Relay B,launch,DATA,Relay B->Jupiter,24,1,0.34779907543168065,2.5090711225082254,0.048943134218661366,216.68922727654166,False,,,PRINT h216
216.68142849386027,Ceres,receipt,,Relay B->Ceres,24,,,,,,,,,
216.68922727654166,Jupiter,arrive,DATA,Relay B->Jupiter,24,,,,,,,,,
216.68922727654166,Jupiter,deliver,,,,,,,,,,,9,PRINT h216
216.68922727654166,Jupiter,enqueue,DACK,,25,,,,,,,1,,DACK PRINT h216
216.68950505431943,Jupiter,launch,RCPT,Jupiter->Relay B,24,1,0.3478077695745583,2.5091338432695798,0.04894432723812736,217.03731282389398,False,,,receipt PRINT h216
216.6897828320972,Jupiter,launch,DACK,Jupiter->Relay B,25,1,0.3478077722296291,2.509133862423656,0.04894432760245915,217.03759060432682,False,,,DACK PRINT h216
217.03731282389398,Relay B,receipt,,Jupiter->Relay B,24,,,,,,,,,
217.03759060432682,Relay B,arrive,DACK,Jupiter->Relay B,25,,,,,,,,,
217.0378683821046,Relay B,launch,RCPT,Relay B->Jupiter,25,1,0.34780572831701306,2.509119117352474,0.048944047134746094,217.3856741104216,False,,,receipt DACK PRINT h216
217.03814615988236,Relay B,launch,DACK,Relay B->Ceres,25,1,0.3402738766112918,2.454783286842968,0.047909957053881236,217.37842003649365,False,,,DACK PRINT h216
217.37842003649365,Ceres,arrive,DACK,Relay B->Ceres,25,,,,,,,,,
217.37842003649365,Ceres,data acknowledged,,,,,,,,,,,9,PRINT h216
217.37869781427142,Ceres,launch,RCPT,Ceres->Relay B,25,1,0.3403087968568457,2.455035206374164,0.04791475404334222,217.71900661112826,False,,,receipt DACK PRINT h216
217.3856741104216,Jupiter,receipt,,Relay B->Jupiter,25,,,,,,,,,
217.71900661112826,Relay B,receipt,,Ceres->Relay B,25,,,,,,,,,
240.00027777777777,Ceres,enqueue,DATA,,26,,,,,,,1,,PRINT h240
264.0,Ceres,launch,DATA,Ceres->Relay B,26,1,0.34002720212390614,2.4530037426278346,0.047876070724298336,264.3400272021239,False,,,PRINT h240
264.0002777777778,Ceres,enqueue,DATA,,27,,,,,,,1,,PRINT h264
264.0005555555556,Ceres,launch,DATA,Ceres->Relay B,27,1,0.3400271987562178,2.4530037183329503,0.04787607026166352,264.3405827543118,False,,,PRINT h264
264.3400272021239,Relay B,arrive,DATA,Ceres->Relay B,26,,,,,,,,,
264.3403049799017,Relay B,launch,RCPT,Relay B->Ceres,26,1,0.3399881928120294,2.452722324001125,0.04787071180104474,264.68029317271373,False,,,receipt PRINT h240
264.3405827543118,Relay B,arrive,DATA,Ceres->Relay B,27,,,,,,,,,
264.3405827576795,Relay B,launch,DATA,Relay B->Jupiter,26,1,0.34826535558249816,2.512434932661913,0.04900711556126336,264.688848113262,False,,,PRINT h240
264.3408605320896,Relay B,launch,RCPT,Relay B->Ceres,27,1,0.33998818944445475,2.452722299707107,0.0478707113384238,264.68084872153406,False,,,receipt PRINT h264
264.3411383098674,Relay B,launch,DATA,Relay B->Jupiter,27,1,0.34826536107033235,2.512434972251918,0.04900711631425958,264.68940367093774,False,,,PRINT h264
264.68029317271373,Ceres,receipt,,Relay B->Ceres,26,,,,,,,,,
264.68084872153406,Ceres,receipt,,Relay B->Ceres,27,,,,,,,,,
264.688848113262,Jupiter,arrive,DATA,Relay B->Jupiter,26,,,,,,,,,
264.688848113262,Jupiter,deliver,,,,,,,,,,,10,PRINT h240
264.688848113262,Jupiter,enqueue,DACK,,28,,,,,,,1,,DACK PRINT h240
264.6891258910398,Jupiter,launch,RCPT,Jupiter->Relay B,26,1,0.3482744355320051,2.512500436686426,0.04900836143767151,265.0374003265718,False,,,receipt PRINT h240
264.6894036688176,Jupiter,launch,DACK,Jupiter->Relay B,28,1,0.3482744382781675,2.5125004564974565,0.04900836181447399,265.03767810709576,False,,,DACK PRINT h240
264.68940367093774,Jupiter,arrive,DATA,Relay B->Jupiter,27,,,,,,,,,
264.68940367093774,Jupiter,deliver,,,,,,,,,,,11,PRINT h264
264.68940367093774,Jupiter,enqueue,DACK,,29,,,,,,,1,,DACK PRINT h264
264.68968144871553,Jupiter,launch,RCPT,Jupiter->Relay B,27,1,0.3482744410243299,2.512500476308644,0.049008362191279464,265.03795588973986,False,,,receipt PRINT h264
264.68995922649333,Jupiter,launch,DACK,Jupiter->Relay B,29,1,0.3482744437704355,2.512500496119683,0.04900836256808205,265.03823367026376,False,,,DACK PRINT h264
265.0374003265718,Relay B,receipt,,Jupiter->Relay B,26,,,,,,,,,
265.03767810709576,Relay B,arrive,DACK,Jupiter->Relay B,28,,,,,,,,,
265.03795588487355,Relay B,launch,RCPT,Relay B->Jupiter,28,1,0.3482722460035461,2.512484641122276,0.04900806100863542,265.3862281308771,False,,,receipt DACK PRINT h240
265.03795588973986,Relay B,receipt,,Jupiter->Relay B,27,,,,,,,,,
265.03823366265135,Relay B,launch,DACK,Relay B->Ceres,28,1,0.3399839619936529,2.4526918022865085,0.047870130588499094,265.378217624645,False,,,DACK PRINT h240
265.03823367026376,Relay B,arrive,DACK,Jupiter->Relay B,29,,,,,,,,,
265.03851144804156,Relay B,launch,RCPT,Relay B->Jupiter,29,1,0.34827225149416563,2.5124846807321166,0.049008061762008115,265.3867836995357,False,,,receipt DACK PRINT h264
265.03878922581936,Relay B,launch,DACK,Relay B->Ceres,29,1,0.3399839586256803,2.452691777989397,0.04787013012581898,265.37877318444504,False,,,DACK PRINT h264
265.378217624645,Ceres,arrive,DACK,Relay B->Ceres,28,,,,,,,,,
265.378217624645,Ceres,data acknowledged,,,,,,,,,,,10,PRINT h240
265.3784954024228,Ceres,launch,RCPT,Ceres->Relay B,28,1,0.34001884505056523,2.4529434535331864,0.047874922669812414,265.71851424747337,False,,,receipt DACK PRINT h240
265.37877318444504,Ceres,arrive,DACK,Relay B->Ceres,29,,,,,,,,,
265.37877318444504,Ceres,data acknowledged,,,,,,,,,,,11,PRINT h264
265.37905096222283,Ceres,launch,RCPT,Ceres->Relay B,29,1,0.3400188416821379,2.4529434292329593,0.04787492220707534,265.719069803905,False,,,receipt DACK PRINT h264
265.3862281308771,Jupiter,receipt,,Relay B->Jupiter,28,,,,,,,,,
265.3867836995357,Jupiter,receipt,,Relay B->Jupiter,29,,,,,,,,,
265.71851424747337,Relay B,receipt,,Ceres->Relay B,28,,,,,,,,,
265.719069803905,Relay B,receipt,,Ceres->Relay B,29,,,,,,,,,
288.0002777777778,Ceres,enqueue,DATA,,30,,,,,,,1,,SETTLE JUP-1
288.0005555555556,Ceres,launch,DATA,Ceres->Relay B,30,1,0.33988144623964445,2.4519522393147852,0.0478560472844306,,True,,,SETTLE JUP-1
289.6805962258127,Ceres,launch,DATA,Ceres->Relay B,30,2,0.3398712231769423,2.451878488712056,0.04785464285958685,,True,,,SETTLE JUP-1
291.36061644994436,Ceres,launch,DATA,Ceres->Relay B,30,3,0.33986099760386423,2.4518047199992257,0.047853238087802175,,True,,,SETTLE JUP-1
293.0406162229299,Ceres,launch,DATA,Ceres->Relay B,30,4,0.3398507695205808,2.4517309331776302,0.04785183296910023,,True,,,SETTLE JUP-1
294.72031776197105,Ceres,hop abandoned,DATA,Ceres->Relay B,30,,,,,,,,,
313.3783649320452,Jupiter,enqueue,DATA,,31,,,,,,,1,,LOCK JUP-1 (resub)
313.378642709823,Jupiter,launch,DATA,Jupiter->Relay B,31,1,0.3487638551437158,2.516031178144096,0.04907551317877257,313.7274065649667,False,,,LOCK JUP-1 (resub)
313.37871613232744,Ceres,endpoint retry,DATA,,,,,,,,,2,,SETTLE JUP-1
313.37871613232744,Ceres,enqueue,DATA,,32,,,,,,,2,,SETTLE JUP-1
313.37899391010524,Ceres,launch,DATA,Ceres->Relay B,32,1,0.3397267375243018,2.4508361490274004,0.04783479347486341,,True,,,SETTLE JUP-1
313.7274065649667,Relay B,arrive,DATA,Jupiter->Relay B,31,,,,,,,,,
313.7276843427445,Relay B,launch,RCPT,Relay B->Jupiter,31,1,0.3487615124748231,2.51601427780325,0.049075191759759385,314.07644585521933,False,,,receipt LOCK JUP-1 (resub)
313.7279621205223,Relay B,launch,DATA,Relay B->Ceres,31,1,0.33968768428258045,2.4505544134845474,0.047829428284120845,,True,,,LOCK JUP-1 (resub)
314.07644585521933,Jupiter,receipt,,Relay B->Jupiter,31,,,,,,,,,
315.05872516293164,Ceres,launch,DATA,Ceres->Relay B,32,2,0.3397164765569869,2.4507621249757405,0.04783338381129121,,True,,,SETTLE JUP-1
315.40761526686526,Relay B,launch,DATA,Relay B->Ceres,31,2,0.3396774240902687,2.45048039502377,0.04782801871907527,,True,,,LOCK JUP-1 (resub)
315.7783649320452,Jupiter,enqueue,DATA,,33,,,,,,,1,,LOCK JUP-1 (resub)
315.778642709823,Jupiter,launch,DATA,Jupiter->Relay B,33,1,0.348788396409077,2.516208222260912,0.04907888028452989,316.12743110623205,False,,,LOCK JUP-1 (resub)
316.12743110623205,Relay B,arrive,DATA,Jupiter->Relay B,33,,,,,,,,,
316.12770888400985,Relay B,launch,RCPT,Relay B->Jupiter,33,1,0.3487860463295078,2.516191268458715,0.04907855784990389,316.47649493033936,False,,,receipt LOCK JUP-1 (resub)
316.12798666178765,Relay B,launch,DATA,Relay B->Ceres,33,1,0.33967302288169776,2.450448644090289,0.0478274140718985,,True,,,LOCK JUP-1 (resub)
316.47649493033936,Jupiter,receipt,,Relay B->Jupiter,33,,,,,,,,,
316.7384358938234,Ceres,launch,DATA,Ceres->Relay B,32,3,0.3397062130821382,2.450688082834281,0.04783197380114146,,True,,,SETTLE JUP-1
317.0872478928236,Relay B,launch,DATA,Relay B->Ceres,31,3,0.33966716139104847,2.4504063584776374,0.047826608807534976,,True,,,LOCK JUP-1 (resub)
317.80761048532884,Relay B,launch,DATA,Relay B->Ceres,33,2,0.3396627591073411,2.4503745997880353,0.047826004011759404,,True,,,LOCK JUP-1 (resub)
318.17836493204516,Jupiter,enqueue,DATA,,34,,,,,,,1,,LOCK JUP-1 (resub)
318.17864270982295,Jupiter,launch,DATA,Jupiter->Relay B,34,1,0.34881297677992507,2.5163855484904407,0.049082252743684385,318.5274556866029,False,,,LOCK JUP-1 (resub)
318.4181260977655,Ceres,launch,DATA,Ceres->Relay B,32,4,0.3396959470999832,2.450614022604384,0.04783056344443848,,True,,,SETTLE JUP-1
318.5274556866029,Relay B,arrive,DATA,Jupiter->Relay B,34,,,,,,,,,
318.5277334643807,Relay B,launch,RCPT,Relay B->Jupiter,34,1,0.3488106192899636,2.516368541228696,0.04908192929348887,318.87654408367064,False,,,receipt LOCK JUP-1 (resub)
318.52801124215847,Relay B,launch,DATA,Relay B->Ceres,34,1,0.339658356106213,2.4503428359228026,0.04782539911703754,,True,,,LOCK JUP-1 (resub)
318.7668599933835,Relay B,launch,DATA,Relay B->Ceres,31,4,0.3396568961850335,2.4503323038474965,0.047825198549524384,,True,,,LOCK JUP-1 (resub)
318.87654408367064,Jupiter,receipt,,Relay B->Jupiter,34,,,,,,,,,
319.4872137813213,Relay B,launch,DATA,Relay B->Ceres,33,3,0.3396524928263034,2.4503005374023528,0.047824593605160226,,True,,,LOCK JUP-1 (resub)
320.09751799196545,Ceres,hop abandoned,DATA,Ceres->Relay B,32,,,,,,,,,
320.2076057321487,Relay B,launch,DATA,Relay B->Ceres,34,2,0.3396480887501525,2.4502687657813764,0.047823988561845665,,True,,,LOCK JUP-1 (resub)
320.44617378575356,Relay B,hop abandoned,DATA,Relay B->Ceres,31,,,,,,,,,
320.57836493204513,Jupiter,enqueue,DATA,,35,,,,,,,1,,LOCK JUP-1 (resub)
320.57864270982293,Jupiter,launch,DATA,Jupiter->Relay B,35,1,0.3488375962485861,2.5165631567769102,0.04908563055511839,320.9274803060715,False,,,LOCK JUP-1 (resub)
320.9274803060715,Relay B,arrive,DATA,Jupiter->Relay B,35,,,,,,,,,
320.9277580838493,Relay B,launch,RCPT,Relay B->Jupiter,35,1,0.3488352313485166,2.516546096057424,0.04908530608939676,321.27659331519783,False,,,receipt LOCK JUP-1 (resub)
320.9280358616271,Relay B,launch,DATA,Relay B->Ceres,35,1,0.3396436839562966,2.4502369889833515,0.047823383419557386,,True,,,LOCK JUP-1 (resub)
321.1667965447517,Relay B,launch,DATA,Relay B->Ceres,33,4,0.33964222403881195,2.450226456934597,0.04782318285212528,,True,,,LOCK JUP-1 (resub)
321.27659331519783,Jupiter,receipt,,Relay B->Jupiter,35,,,,,,,,,
321.8871796874268,Relay B,launch,DATA,Relay B->Ceres,34,3,0.33963781888763833,2.450194677558454,0.04782257766022846,,True,,,LOCK JUP-1 (resub)
322.6076010073175,Relay B,launch,DATA,Relay B->Ceres,35,2,0.3396334130187597,2.45016289300506,0.047821972369353705,,True,,,LOCK JUP-1 (resub)
322.84608099282934,Relay B,hop abandoned,DATA,Relay B->Ceres,33,,,,,,,,,
322.9783649320451,Jupiter,enqueue,DATA,,36,,,,,,,1,,LOCK JUP-1 (resub)
322.9786427098229,Jupiter,launch,DATA,Jupiter->Relay B,36,1,0.3488622548072726,2.516741047064454,0.04908901371771224,323.3275049646302,False,,,LOCK JUP-1 (resub)
323.3275049646302,Relay B,arrive,DATA,Jupiter->Relay B,36,,,,,,,,,
323.327782742408,Relay B,launch,RCPT,Relay B->Jupiter,36,1,0.34885988249732236,2.5167239328890356,0.04908868823650803,323.6766426249053,False,,,receipt LOCK JUP-1 (resub)
323.3280605201858,Relay B,launch,DATA,Relay B->Ceres,36,1,0.33962900643211924,2.4501311032731996,0.047821366979477586,,True,,,LOCK JUP-1 (resub)
323.56673310297987,Relay B,launch,DATA,Relay B->Ceres,34,4,0.3396275465188978,2.4501205712553866,0.047821166412210014,,True,,,LOCK JUP-1 (resub)
323.6766426249053,Jupiter,receipt,,Relay B->Jupiter,36,,,,,,,,,
324.2871456111328,Relay B,launch,DATA,Relay B->Ceres,35,3,0.33962313957511014,2.4500887789472046,0.047820560972758996,,True,,,LOCK JUP-1 (resub)
325.0075963108278,Relay B,launch,DATA,Relay B->Ceres,36,2,0.3396187319135038,2.450056981460351,0.04781995543430262,,True,,,LOCK JUP-1 (resub)
325.24598819601766,Relay B,hop abandoned,DATA,Relay B->Ceres,34,,,,,,,,,
325.3783649320451,Jupiter,enqueue,DATA,,37,,,,,,,1,,LOCK JUP-1 (resub)
325.3786427098229,Jupiter,launch,DATA,Jupiter->Relay B,37,1,0.34888695244825385,2.5169192192971104,0.04909240223034461,325.72752966227114,False,,,LOCK JUP-1 (resub)
325.72752966227114,Relay B,arrive,DATA,Jupiter->Relay B,37,,,,,,,,,
325.72780744004893,Relay B,launch,RCPT,Relay B->Jupiter,37,1,0.34888457272865026,2.51690205166757,0.049092075733701224,326.0766920127776,False,,,receipt LOCK JUP-1 (resub)
325.72808521782673,Relay B,launch,DATA,Relay B->Ceres,37,1,0.33961432353385135,2.4500251787936085,0.047819349796817234,,True,,,LOCK JUP-1 (resub)
325.96666966806083,Relay B,launch,DATA,Relay B->Ceres,35,4,0.33961286362551846,2.4500146468111397,0.0478191492297978,,True,,,LOCK JUP-1 (resub)
326.0766920127776,Jupiter,receipt,,Relay B->Jupiter,37,,,,,,,,,
326.6871115524326,Relay B,launch,DATA,Relay B->Ceres,36,3,0.33960845488900304,2.4499828415698772,0.047818543542771486,,True,,,LOCK JUP-1 (resub)
327.40759164267223,Relay B,launch,DATA,Relay B->Ceres,37,2,0.33960404543444156,2.449951031148518,0.04781793775671206,,True,,,LOCK JUP-1 (resub)
327.64589539531187,Relay B,hop abandoned,DATA,Relay B->Ceres,35,,,,,,,,,
327.77836493204506,Jupiter,enqueue,DATA,,38,,,,,,,1,,LOCK JUP-1 (resub)
327.77864270982286,Jupiter,launch,DATA,Jupiter->Relay B,38,1,0.34891168916374227,2.5170976734188235,0.04909579609189185,328.1275543989866,False,,,LOCK JUP-1 (resub)
328.1275543989866,Relay B,arrive,DATA,Jupiter->Relay B,38,,,,,,,,,
328.1278321767644,Relay B,launch,RCPT,Relay B->Jupiter,38,1,0.34890930203476955,2.517080452336976,0.04909546857985303,328.47674147879917,False,,,receipt LOCK JUP-1 (resub)
328.1281099545422,Relay B,launch,DATA,Relay B->Ceres,38,1,0.3395996352616635,2.449919215545854,0.04781733187159609,,True,,,LOCK JUP-1 (resub)
328.3666062399884,Relay B,launch,DATA,Relay B->Ceres,36,4,0.3395981753588444,2.4499086836031245,0.04781713130490839,,True,,,LOCK JUP-1 (resub)
328.47674147879917,Jupiter,receipt,,Relay B->Jupiter,38,,,,,,,,,
329.0870775113189,Relay B,launch,DATA,Relay B->Ceres,37,3,0.3395937648294307,2.4498768654277367,0.047816525370285246,,True,,,LOCK JUP-1 (resub)
329.8075870028433,Relay B,launch,DATA,Relay B->Ceres,38,2,0.3395893535818004,2.449845042070838,0.04781591933660145,,True,,,LOCK JUP-1 (resub)
330.0458025907061,Relay B,hop abandoned,DATA,Relay B->Ceres,36,,,,,,,,,
330.17836493204504,Jupiter,enqueue,DATA,,39,,,,,,,1,,LOCK JUP-1 (resub)
330.17864270982284,Jupiter,launch,DATA,Jupiter->Relay B,39,1,0.34893646494600716,2.5172764093734394,0.04909919530122897,330.52757917476885,False,,,LOCK JUP-1 (resub)
330.52757917476885,Relay B,arrive,DATA,Jupiter->Relay B,39,,,,,,,,,
330.52785695254664,Relay B,launch,RCPT,Relay B->Jupiter,39,1,0.3489340704078927,2.5172591348411,0.049098866773838123,330.87679102295454,False,,,receipt LOCK JUP-1 (resub)
330.52813473032444,Relay B,launch,DATA,Relay B->Ceres,39,1,0.33958494161572617,2.4498132135312067,0.04781531320383359,,True,,,LOCK JUP-1 (resub)
330.76654281875557,Relay B,launch,DATA,Relay B->Ceres,37,4,0.3395834817190462,2.4498026816326166,0.04781511263756133,,True,,,LOCK JUP-1 (resub)
330.87679102295454,Jupiter,receipt,,Relay B->Jupiter,39,,,,,,,,,
331.4870434877847,Relay B,launch,DATA,Relay B->Ceres,38,3,0.3395790693966205,2.4497708505220643,0.04781450645532004,,True,,,LOCK JUP-1 (resub)
332.2075823913337,Relay B,launch,DATA,Relay B->Ceres,39,2,0.33957465635569406,2.44973901422858,0.047813900173990564,,True,,,LOCK JUP-1 (resub)
332.44570978219366,Relay B,hop abandoned,DATA,Relay B->Ceres,37,,,,,,,,,
332.578364932045,Jupiter,enqueue,DATA,,40,,,,,,,1,,LOCK JUP-1 (resub)
332.5786427098228,Jupiter,launch,DATA,Jupiter->Relay B,40,1,0.3489612797871473,2.517455427104712,0.049102599857228646,332.92760398960996,False,,,LOCK JUP-1 (resub)
332.92760398960996,Relay B,arrive,DATA,Jupiter->Relay B,40,,,,,,,,,
332.92788176738776,Relay B,launch,RCPT,Relay B->Jupiter,40,1,0.3489588778401753,2.5174380991236984,0.04910227031452963,333.27684064522794,False,,,receipt LOCK JUP-1 (resub)
332.92815954516556,Relay B,launch,DATA,Relay B->Ceres,40,1,0.33957024259620994,2.449707172750945,0.04781329379354937,,True,,,LOCK JUP-1 (resub)
333.16647940435575,Relay B,launch,DATA,Relay B->Ceres,38,4,0.3395687827062943,2.449696640900891,0.04781309322777605,,True,,,LOCK JUP-1 (resub)
333.27684064522794,Jupiter,receipt,,Relay B->Jupiter,40,,,,,,,,,
333.8870094818229,Relay B,launch,DATA,Relay B->Ceres,39,3,0.33956436859068617,2.449664796854132,0.04781248679789529,,True,,,LOCK JUP-1 (resub)
334.6075778081358,Relay B,launch,DATA,Relay B->Ceres,40,2,0.3395599537564067,2.449632947623022,0.04781188026889871,,True,,,LOCK JUP-1 (resub)
334.84561696976834,Relay B,hop abandoned,DATA,Relay B->Ceres,38,,,,,,,,,
334.978364932045,Jupiter,enqueue,DATA,,41,,,,,,,1,,LOCK JUP-1 (resub)
334.9786427098228,Jupiter,launch,DATA,Jupiter->Relay B,41,1,0.34898613367948883,2.517634726556298,0.04910600975876189,335.3276288435023,False,,,LOCK JUP-1 (resub)
335.3276288435023,Relay B,arrive,DATA,Jupiter->Relay B,41,,,,,,,,,
335.3279066212801,Relay B,launch,RCPT,Relay B->Jupiter,41,1,0.3489837243238867,2.517617345128432,0.04910567920079845,335.67689034560397,False,,,receipt LOCK JUP-1 (resub)
335.3281843990579,Relay B,launch,DATA,Relay B->Ceres,41,1,0.33955553820334217,2.449601093206341,0.047811273640762986,,True,,,LOCK JUP-1 (resub)
335.56641599678204,Relay B,launch,DATA,Relay B->Ceres,39,4,0.33955407832075934,2.449590561409222,0.0478110730755722,,True,,,LOCK JUP-1 (resub)
335.67689034560397,Jupiter,receipt,,Relay B->Jupiter,41,,,,,,,,,
336.2869754934264,Relay B,launch,DATA,Relay B->Ceres,40,3,0.3395496624117982,2.449558704425223,0.04781046639803066,,True,,,LOCK JUP-1 (resub)
337.00757325324236,Relay B,launch,DATA,Relay B->Ceres,41,2,0.339545245784052,2.449526842255446,0.04780985962134576,,True,,,LOCK JUP-1 (resub)
337.24552415342356,Relay B,hop abandoned,DATA,Relay B->Ceres,39,,,,,,,,,
337.378364932045,Jupiter,enqueue,DATA,,42,,,,,,,1,,LOCK JUP-1 (resub)
337.37864270982277,Jupiter,launch,DATA,Jupiter->Relay B,42,1,0.34901102661507366,2.51781430767176,0.04910942500469784,337.72765373643784,False,,,LOCK JUP-1 (resub)
337.72765373643784,Relay B,arrive,DATA,Jupiter->Relay B,42,,,,,,,,,
337.72793151421564,Relay B,launch,RCPT,Relay B->Jupiter,42,1,0.3490086098511256,2.5177968727988653,0.04910909343151382,338.07694012406677,False,,,receipt LOCK JUP-1 (resub)
337.72820929199344,Relay B,launch,DATA,Relay B->Ceres,42,1,0.3395408284372934,2.4494949748986756,0.04780925274549408,,True,,,LOCK JUP-1 (resub)
337.9663525960278,Relay B,launch,DATA,Relay B->Ceres,40,4,0.3395393685626118,2.4494844431589,0.04780905218096965,,True,,,LOCK JUP-1 (resub)
338.07694012406677,Jupiter,receipt,,Relay B->Jupiter,42,,,,,,,,,
338.68694152258826,Relay B,launch,DATA,Relay B->Ceres,41,3,0.33953495086024077,2.4494525732366155,0.04780844525574601,,True,,,LOCK JUP-1 (resub)
338.75693467756446,Jupiter,endpoint retry,DATA,,,,,,,,,2,,LOCK JUP-1 (resub)
338.75693467756446,Jupiter,enqueue,DATA,,43,,,,,,,2,,LOCK JUP-1 (resub)
338.75721245534226,Jupiter,launch,DATA,Jupiter->Relay B,43,1,0.3490253428696519,2.5179175871322927,0.049111389151981544,339.1062377982119,False,,,LOCK JUP-1 (resub)
338.75735912722826,Ceres,endpoint retry,DATA,,,,,,,,,3,,SETTLE JUP-1
338.75735912722826,Ceres,enqueue,DATA,,44,,,,,,,3,,SETTLE JUP-1
338.75763690500605,Ceres,launch,DATA,Ceres->Relay B,44,1,0.33957142651377126,2.449715713698363,0.04781345644506729,,True,,,SETTLE JUP-1
339.1062377982119,Relay B,arrive,DATA,Jupiter->Relay B,43,,,,,,,,,
339.1065155759897,Relay B,launch,RCPT,Relay B->Jupiter,43,1,0.3490229218504055,2.5179001215611807,0.04911105699567042,339.4555384978401,False,,,receipt LOCK JUP-1 (resub)
339.1067933537675,Relay B,launch,DATA,Relay B->Ceres,43,1,0.3395323766583829,2.449434002584768,0.0478080915993232,,True,,,LOCK JUP-1 (resub)
339.4075687266458,Relay B,launch,DATA,Relay B->Ceres,42,2,0.3395305324388005,2.44942069812713,0.047807838231351374,,True,,,LOCK JUP-1 (resub)
339.4555384978401,Jupiter,receipt,,Relay B->Jupiter,43,,,,,,,,,
339.645431333153,Relay B,hop abandoned,DATA,Relay B->Ceres,40,,,,,,,,,
339.77836493204495,Jupiter,enqueue,DATA,,45,,,,,,,1,,LOCK JUP-1 (resub)
339.77864270982275,Jupiter,launch,DATA,Jupiter->Relay B,45,1,0.3490359585861711,2.5179941703945654,0.04911284559390361,340.1276786684089,False,,,LOCK JUP-1 (resub)
340.1276786684089,Relay B,arrive,DATA,Jupiter->Relay B,45,,,,,,,,,
340.1279564461867,Relay B,launch,RCPT,Relay B->Jupiter,45,1,0.34903353441410445,2.5179766820784666,0.04911251300554287,340.4769899806008,False,,,receipt LOCK JUP-1 (resub)
340.1282342239645,Relay B,launch,DATA,Relay B->Ceres,45,1,0.3395261132981773,2.449388817829233,0.047807231107762416,,True,,,LOCK JUP-1 (resub)
340.36628920208653,Relay B,launch,DATA,Relay B->Ceres,41,4,0.33952465343207905,2.4493782861512043,0.04780703054398794,,True,,,LOCK JUP-1 (resub)
340.4370575358114,Ceres,launch,DATA,Ceres->Relay B,44,2,0.33956112767731383,2.4496414164531837,0.047812041547274364,,True,,,SETTLE JUP-1
340.4769899806008,Jupiter,receipt,,Relay B->Jupiter,45,,,,,,,,,
340.78613588486206,Relay B,launch,DATA,Relay B->Ceres,43,2,0.33952207860414774,2.4493597109827876,0.04780667680102679,,True,,,LOCK JUP-1 (resub)
341.0869075693012,Relay B,launch,DATA,Relay B->Ceres,42,3,0.3395202339360708,2.4493464032895917,0.04780642337106089,,True,,,LOCK JUP-1 (resub)
341.1569544372934,Jupiter,endpoint retry,DATA,,,,,,,,,2,,LOCK JUP-1 (resub)
341.1569544372934,Jupiter,enqueue,DATA,,46,,,,,,,2,,LOCK JUP-1 (resub)
341.1572322150712,Jupiter,launch,DATA,Jupiter->Relay B,46,1,0.34905029746494165,2.51809761306924,0.049114812838079946,341.50628251253613,False,,,LOCK JUP-1 (resub)
341.50628251253613,Relay B,arrive,DATA,Jupiter->Relay B,46,,,,,,,,,
341.5065602903139,Relay B,launch,RCPT,Relay B->Jupiter,46,1,0.34904786903769036,2.518080094055535,0.04911447966660909,341.8556081593516,False,,,receipt LOCK JUP-1 (resub)
341.5068380680917,Relay B,launch,DATA,Relay B->Ceres,46,1,0.33951765831182,2.449327822376628,0.04780606951847577,,True,,,LOCK JUP-1 (resub)
341.80756422833866,Relay B,launch,DATA,Relay B->Ceres,45,2,0.33951581372082273,2.4493145152393625,0.047805816098935305,,True,,,LOCK JUP-1 (resub)
341.8556081593516,Jupiter,receipt,,Relay B->Jupiter,46,,,,,,,,,
342.0453385089507,Relay B,hop abandoned,DATA,Relay B->Ceres,41,,,,,,,,,
342.1164575689438,Ceres,launch,DATA,Ceres->Relay B,44,3,0.339550826336108,2.4495671011386912,0.04781062630327093,,True,,,SETTLE JUP-1
342.17836493204493,Jupiter,enqueue,DATA,,47,,,,,,,1,,LOCK JUP-1 (resub)
342.1786427098227,Jupiter,launch,DATA,Jupiter->Relay B,47,1,0.3490609295848799,2.518174314668087,0.04911627152524467,342.5277036394076,False,,,LOCK JUP-1 (resub)
342.46545781984815,Relay B,launch,DATA,Relay B->Ceres,43,3,0.33951177804578947,2.44928540131593,0.04780526165660259,,True,,,LOCK JUP-1 (resub)
342.5277036394076,Relay B,arrive,DATA,Jupiter->Relay B,47,,,,,,,,,
342.5279814171854,Relay B,launch,RCPT,Relay B->Jupiter,47,1,0.3490584980049789,2.5181567729106127,0.04911593792175106,342.8770399151904,False,,,receipt LOCK JUP-1 (resub)
342.5282591949632,Relay B,launch,DATA,Relay B->Ceres,47,1,0.3395113927862212,2.4492826219992936,0.047805208727587534,,True,,,LOCK JUP-1 (resub)
342.76622581495116,Relay B,launch,DATA,Relay B->Ceres,42,4,0.3395099329292748,2.4492720903874177,0.047805008164647056,,True,,,LOCK JUP-1 (resub)
342.8770399151904,Jupiter,receipt,,Relay B->Jupiter,47,,,,,,,,,
343.18615116249316,Relay B,launch,DATA,Relay B->Ceres,46,2,0.33950735667889376,2.449253504957445,0.04780465422551439,,True,,,LOCK JUP-1 (resub)
343.4868736335581,Relay B,launch,DATA,Relay B->Ceres,45,3,0.3395055116395156,2.4492401945854407,0.04780440074399528,,True,,,LOCK JUP-1 (resub)
343.5569742644841,Jupiter,endpoint retry,DATA,,,,,,,,,2,,LOCK JUP-1 (resub)
343.5569742644841,Jupiter,enqueue,DATA,,48,,,,,,,2,,LOCK JUP-1 (resub)
343.5572520422619,Jupiter,launch,DATA,Jupiter->Relay B,48,1,0.34907529108471635,2.5182779205340418,0.04911824186584546,343.9063273333466,False,,,LOCK JUP-1 (resub)
343.7958369993938,Ceres,launch,DATA,Ceres->Relay B,44,4,0.339540522490438,2.4494927677562472,0.047809210713081196,,True,,,SETTLE JUP-1
343.9063273333466,Relay B,arrive,DATA,Jupiter->Relay B,48,,,,,,,,,
343.9066051111244,Relay B,launch,RCPT,Relay B->Jupiter,48,1,0.3490728552496307,2.5182603480795707,0.04911790767925872,344.25567796637404,False,,,receipt LOCK JUP-1 (resub)
343.9068828889022,Relay B,launch,DATA,Relay B->Ceres,48,1,0.33950293459207614,2.4492216034051055,0.04780404669512739,,True,,,LOCK JUP-1 (resub)
344.14475915371753,Relay B,launch,DATA,Relay B->Ceres,43,4,0.3395014749835923,2.449211073585559,0.047803846166075026,,True,,,LOCK JUP-1 (resub)
344.20755975831344,Relay B,launch,DATA,Relay B->Ceres,47,2,0.3395010896303461,2.4492082935934247,0.04780379322411721,,True,,,LOCK JUP-1 (resub)
344.25567796637404,Jupiter,receipt,,Relay B->Jupiter,48,,,,,,,,,
344.4452456808097,Relay B,hop abandoned,DATA,Relay B->Ceres,42,,,,,,,,,
344.5783649320449,Jupiter,enqueue,DATA,,49,,,,,,,1,,LOCK JUP-1 (resub)
344.5786427098227,Jupiter,launch,DATA,Jupiter->Relay B,49,1,0.34908593960335565,2.5183547404356013,0.049119702797584264,344.92772864942606,False,,,LOCK JUP-1 (resub)
344.86544365362874,Relay B,launch,DATA,Relay B->Ceres,46,3,0.33949705254218543,2.4491791694753293,0.047803238586460184,,True,,,LOCK JUP-1 (resub)
344.92772864942606,Relay B,arrive,DATA,Jupiter->Relay B,49,,,,,,,,,
344.92800642720385,Relay B,launch,RCPT,Relay B->Jupiter,49,1,0.3490835006158477,2.518337145238584,0.049119368179001976,345.2770899278197,False,,,receipt LOCK JUP-1 (resub)
344.92828420498165,Relay B,launch,DATA,Relay B->Ceres,49,1,0.33949666690159575,2.4491763874101515,0.04780318560498964,,True,,,LOCK JUP-1 (resub)
345.16616243461493,Relay B,launch,DATA,Relay B->Ceres,45,4,0.3394952070544264,2.449165855868835,0.04780298504296665,,True,,,LOCK JUP-1 (resub)
345.2770899278197,Jupiter,receipt,,Relay B->Jupiter,49,,,,,,,,,
345.4749180443747,Ceres,hop abandoned,DATA,Ceres->Relay B,44,,,,,,,,,
345.58616653586415,Relay B,launch,DATA,Relay B->Ceres,48,2,0.3394926293807998,2.449147260171047,0.04780263090754233,,True,,,LOCK JUP-1 (resub)
345.8237621036847,Relay B,hop abandoned,DATA,Relay B->Ceres,43,,,,,,,,,
345.8868397153519,Relay B,launch,DATA,Relay B->Ceres,47,3,0.3394907839707457,2.449133947125453,0.04780237737456883,,True,,,LOCK JUP-1 (resub)
345.95699415912156,Jupiter,endpoint retry,DATA,,,,,,,,,2,,LOCK JUP-1 (resub)
345.95699415912156,Jupiter,enqueue,DATA,,50,,,,,,,2,,LOCK JUP-1 (resub)
345.95727193689936,Jupiter,launch,DATA,Jupiter->Relay B,50,1,0.34910032372101796,2.51845850946994,0.049121676234140765,346.3063722606204,False,,,LOCK JUP-1 (resub)
346.3063722606204,Relay B,arrive,DATA,Jupiter->Relay B,50,,,,,,,,,
346.3066500383982,Relay B,launch,RCPT,Relay B->Jupiter,50,1,0.34909788047843904,2.518440883576536,0.04912134103248211,346.6557479188766,False,,,receipt LOCK JUP-1 (resub)
346.30692781617597,Relay B,launch,DATA,Relay B->Ceres,50,1,0.3394882054992081,2.449115345671487,0.047802023129298044,,True,,,LOCK JUP-1 (resub)
346.5447155364909,Relay B,launch,DATA,Relay B->Ceres,46,4,0.3394867459018087,2.4491048159316473,0.047801822601337474,,True,,,LOCK JUP-1 (resub)
346.60755531656264,Relay B,launch,DATA,Relay B->Ceres,49,2,0.33948636016748424,2.449102033190609,0.047801769606917066,,True,,,LOCK JUP-1 (resub)
346.6557479188766,Jupiter,receipt,,Relay B->Jupiter,50,,,,,,,,,
346.8451528487238,Relay B,hop abandoned,DATA,Relay B->Ceres,45,,,,,,,,,
346.9783649320449,Jupiter,enqueue,DATA,,51,,,,,,,1,,LOCK JUP-1 (resub)
346.9786427098227,Jupiter,launch,DATA,Jupiter->Relay B,51,1,0.349110988633754,2.5185354476402955,0.04912313940978419,347.32775369845643,False,,,LOCK JUP-1 (resub)
347.26542957240355,Relay B,launch,DATA,Relay B->Ceres,48,3,0.33948232166591197,2.4490728988760075,0.047801214773899314,,True,,,LOCK JUP-1 (resub)
347.32775369845643,Relay B,arrive,DATA,Jupiter->Relay B,51,,,,,,,,,
347.32803147623423,Relay B,launch,RCPT,Relay B->Jupiter,51,1,0.3491085422388096,2.518517799005565,0.04912280377615719,347.67714001847304,False,,,receipt LOCK JUP-1 (resub)
347.328309254012,Relay B,launch,DATA,Relay B->Ceres,51,1,0.33948193564441453,2.449070114063085,0.04780116173998816,,True,,,LOCK JUP-1 (resub)
347.5660990610712,Relay B,launch,DATA,Relay B->Ceres,47,4,0.33948047580770435,2.4490595825967403,0.047800961178966705,,True,,,LOCK JUP-1 (resub)
347.67714001847304,Jupiter,receipt,,Relay B->Jupiter,51,,,,,,,,,
347.9861820049522,Relay B,launch,DATA,Relay B->Ceres,50,2,0.33947789670986595,2.4490409766248815,0.04780060684713039,,True,,,LOCK JUP-1 (resub)
348.22368902829453,Relay B,hop abandoned,DATA,Relay B->Ceres,46,,,,,,,,,
348.2868058146754,Relay B,launch,DATA,Relay B->Ceres,49,3,0.33947605092998856,2.4490276609109163,0.04780035326280141,,True,,,LOCK JUP-1 (resub)
348.35701412119056,Jupiter,endpoint retry,DATA,,,,,,,,,2,,LOCK JUP-1 (resub)
348.35701412119056,Jupiter,enqueue,DATA,,52,,,,,,,2,,LOCK JUP-1 (resub)
348.35729189896836,Jupiter,launch,DATA,Jupiter->Relay B,52,1,0.3491253953660589,2.5186393798200877,0.04912511594182667,348.7064172943344,False,,,LOCK JUP-1 (resub)
348.7064172943344,Relay B,arrive,DATA,Jupiter->Relay B,52,,,,,,,,,
348.7066950721122,Relay B,launch,RCPT,Relay B->Jupiter,52,1,0.3491229447162141,2.5186217004895823,0.04912477972514029,349.0558180168284,False,,,receipt LOCK JUP-1 (resub)
348.70697284989,Relay B,launch,DATA,Relay B->Ceres,52,1,0.3394734710335001,2.449009049177062,0.047799998821007494,,True,,,LOCK JUP-1 (resub)
348.94467199351317,Relay B,launch,DATA,Relay B->Ceres,48,4,0.3394720114476968,2.448998519521344,0.04779979829422265,,True,,,LOCK JUP-1 (resub)
349.00755090307865,Relay B,launch,DATA,Relay B->Ceres,51,2,0.3394716253325214,2.4489957340322066,0.04779974524735475,,True,,,LOCK JUP-1 (resub)
349.0558180168284,Jupiter,receipt,,Relay B->Jupiter,52,,,,,,,,,
349.2450600126866,Relay B,hop abandoned,DATA,Relay B->Ceres,47,,,,,,,,,
349.37836493204486,Jupiter,enqueue,DATA,,53,,,,,,,1,,LOCK JUP-1 (resub)
349.37864270982266,Jupiter,launch,DATA,Jupiter->Relay B,53,1,0.34913607666811686,2.518716436225253,0.049126581360704025,349.7277787864908,False,,,LOCK JUP-1 (resub)
349.6654155761497,Relay B,launch,DATA,Relay B->Ceres,50,3,0.3394675854172533,2.4489665895192467,0.04779919021893975,,True,,,LOCK JUP-1 (resub)
349.7277787864908,Relay B,arrive,DATA,Jupiter->Relay B,53,,,,,,,,,
349.72805656426857,Relay B,launch,RCPT,Relay B->Jupiter,53,1,0.3491336228660771,2.5186987341546487,0.049126244712076494,350.07719018713465,False,,,receipt LOCK JUP-1 (resub)
349.72833434204637,Relay B,launch,DATA,Relay B->Ceres,53,1,0.33946719901501865,2.4489638019593967,0.04779913713260331,,True,,,LOCK JUP-1 (resub)
349.9660356943132,Relay B,launch,DATA,Relay B->Ceres,49,4,0.3394657391892224,2.4489532705724297,0.047798936572666983,,True,,,LOCK JUP-1 (resub)
350.07719018713465,Jupiter,receipt,,Relay B->Jupiter,53,,,,,,,,,
350.3861975697348,Relay B,launch,DATA,Relay B->Ceres,52,2,0.3394631586664332,2.448934654320247,0.04779858204429854,,True,,,LOCK JUP-1 (resub)
350.62361601640856,Relay B,hop abandoned,DATA,Relay B->Ceres,48,,,,,,,,,
350.6867719315215,Relay B,launch,DATA,Relay B->Ceres,51,3,0.3394613125173578,2.4489213359431266,0.04779832840871312,,True,,,LOCK JUP-1 (resub)
350.75703415067596,Jupiter,endpoint retry,DATA,,,,,,,,,2,,LOCK JUP-1 (resub)
350.75703415067596,Jupiter,enqueue,DATA,,54,,,,,,,2,,LOCK JUP-1 (resub)
350.75731192845376,Jupiter,launch,DATA,Jupiter->Relay B,54,1,0.34915050601188113,2.51882053152754,0.049128560987762304,351.10646243446564,False,,,LOCK JUP-1 (resub)
351.10646243446564,Relay B,arrive,DATA,Jupiter->Relay B,54,,,,,,,,,
351.10674021224344,Relay B,launch,RCPT,Relay B->Jupiter,54,1,0.3491480479550546,2.51880279876177,0.04912822375609238,351.4558882601985,False,,,receipt LOCK JUP-1 (resub)
351.10701799002123,Relay B,launch,DATA,Relay B->Ceres,54,1,0.33945873119506587,2.448902713923122,0.047797973770275615,,True,,,LOCK JUP-1 (resub)
351.344628524762,Relay B,launch,DATA,Relay B->Ceres,50,4,0.3394572716215407,2.448892184355942,0.04779777324475043,,True,,,LOCK JUP-1 (resub)
351.4075465178542,Relay B,launch,DATA,Relay B->Ceres,53,2,0.3394568851255144,2.4488893961195104,0.04779772014545014,,True,,,LOCK JUP-1 (resub)
351.4558882601985,Jupiter,receipt,,Relay B->Jupiter,54,,,,,,,,,
351.6449671726916,Relay B,hop abandoned,DATA,Relay B->Ceres,49,,,,,,,,,
351.77836493204484,Jupiter,enqueue,DATA,,55,,,,,,,1,,LOCK JUP-1 (resub)
351.77864270982263,Jupiter,launch,DATA,Jupiter->Relay B,55,1,0.349161203698543,2.5188977061334716,0.049130028649201574,352.1278039135212,False,,,LOCK JUP-1 (resub)
352.06540166484547,Relay B,launch,DATA,Relay B->Ceres,52,3,0.3394528437963231,2.448860241406349,0.047797164921601465,,True,,,LOCK JUP-1 (resub)
352.1278039135212,Relay B,arrive,DATA,Jupiter->Relay B,55,,,,,,,,,
352.128081691299,Relay B,launch,RCPT,Relay B->Jupiter,55,1,0.34915874248969203,2.5188799506288313,0.04912969098561781,352.47724043378867,False,,,receipt LOCK JUP-1 (resub)
352.12835946907677,Relay B,launch,DATA,Relay B->Ceres,55,1,0.3394524570134081,2.4488574511003733,0.04779711178285473,,True,,,LOCK JUP-1 (resub)
352.365972334334,Relay B,launch,DATA,Relay B->Ceres,51,4,0.33945099719926475,2.4488469197972016,0.04779691122408769,,True,,,LOCK JUP-1 (resub)
352.47724043378867,Jupiter,receipt,,Relay B->Jupiter,55,,,,,,,,,
352.78621323018916,Relay B,launch,DATA,Relay B->Ceres,54,2,0.33944841525055836,2.448828293258428,0.047796556499066556,,True,,,LOCK JUP-1 (resub)
353.0235430680051,Relay B,hop abandoned,DATA,Relay B->Ceres,50,,,,,,,,,
353.086738065883,Relay B,launch,DATA,Relay B->Ceres,53,3,0.33944656873308077,2.448814972223377,0.04779630281232383,,True,,,LOCK JUP-1 (resub)
353.15705424756254,Jupiter,endpoint retry,DATA,,,,,,,,,2,,LOCK JUP-1 (resub)
353.15705424756254,Jupiter,enqueue,DATA,,56,,,,,,,2,,LOCK JUP-1 (resub)
353.15733202534034,Jupiter,launch,DATA,Jupiter->Relay B,56,1,0.34917565565064024,2.519001964535258,0.04913201137080481,353.506507680991,False,,,LOCK JUP-1 (resub)
353.506507680991,Relay B,arrive,DATA,Jupiter->Relay B,56,,,,,,,,,
353.5067854587688,Relay B,launch,RCPT,Relay B->Jupiter,56,1,0.34917319018700255,2.518984178336061,0.04913167312419553,353.8559586489558,False,,,receipt LOCK JUP-1 (resub)
353.50706323654657,Relay B,launch,DATA,Relay B->Ceres,56,1,0.3394439859840759,2.4487963399109596,0.04779594797712228,,True,,,LOCK JUP-1 (resub)
353.7445851302159,Relay B,launch,DATA,Relay B->Ceres,52,4,0.3394425264234542,2.4487858104367333,0.047795747452940684,,True,,,LOCK JUP-1 (resub)
353.8075421608814,Relay B,launch,DATA,Relay B->Ceres,55,2,0.33944213954669067,2.448783019453821,0.04779569430122321,,True,,,LOCK JUP-1 (resub)
353.8559586489558,Jupiter,receipt,,Relay B->Jupiter,56,,,,,,,,,
354.04487432873253,Relay B,hop abandoned,DATA,Relay B->Ceres,51,,,,,,,,,
354.1783649320448,Jupiter,enqueue,DATA,,57,,,,,,,1,,LOCK JUP-1 (resub)
354.1786427098226,Jupiter,launch,DATA,Jupiter->Relay B,57,1,0.34918636971713113,2.5190792573078515,0.04913348127413297,354.52782907953974,False,,,LOCK JUP-1 (resub)
354.4653878384681,Relay B,launch,DATA,Relay B->Ceres,54,3,0.3394380968033488,2.4487538545386047,0.04779513888190434,,True,,,LOCK JUP-1 (resub)
354.52782907953974,Relay B,arrive,DATA,Jupiter->Relay B,57,,,,,,,,,
354.52810685731754,Relay B,launch,RCPT,Relay B->Jupiter,57,1,0.3491839011016964,2.5190614483710148,0.04913314259563717,354.87729075841924,False,,,receipt LOCK JUP-1 (resub)
354.52838463509534,Relay B,launch,DATA,Relay B->Ceres,57,1,0.3394377096399239,2.448751061487312,0.04779508569076252,,True,,,LOCK JUP-1 (resub)
354.765908981127,Relay B,launch,DATA,Relay B->Ceres,53,4,0.3394362498380019,2.4487405302723535,0.0477948851332487,,True,,,LOCK JUP-1 (resub)
354.87729075841924,Jupiter,receipt,,Relay B->Jupiter,57,,,,,,,,,
355.1862289862925,Relay B,launch,DATA,Relay B->Ceres,56,2,0.3394336664625257,2.4487218934407253,0.04779453021145452,,True,,,LOCK JUP-1 (resub)
355.4234701830628,Relay B,hop abandoned,DATA,Relay B->Ceres,52,,,,,,,,,
355.48670421775256,Relay B,launch,DATA,Relay B->Ceres,55,3,0.33943181957732804,2.448708569752967,0.04779427647365342,,True,,,LOCK JUP-1 (resub)
355.5570744118352,Jupiter,endpoint retry,DATA,,,,,,,,,2,,LOCK JUP-1 (resub)
355.5570744118352,Jupiter,enqueue,DATA,,58,,,,,,,2,,LOCK JUP-1 (resub)
355.55735218961297,Jupiter,launch,DATA,Jupiter->Relay B,58,1,0.34920084427437814,2.519183678786109,0.04913546708980954,355.90655303388735,False,,,LOCK JUP-1 (resub)
355.90655303388735,Relay B,arrive,DATA,Jupiter->Relay B,58,,,,,,,,,
355.90683081166515,Relay B,launch,RCPT,Relay B->Jupiter,58,1,0.34919837140427035,2.519165839155324,0.04913512782830509,356.2560291830694,False,,,receipt LOCK JUP-1 (resub)
355.90710858944294,Relay B,launch,DATA,Relay B->Ceres,58,1,0.3394292354007007,2.4486899271418663,0.047793921441567466,,True,,,LOCK JUP-1 (resub)
356.14454180985257,Relay B,launch,DATA,Relay B->Ceres,54,4,0.3394277758536077,2.4486793977650123,0.0477937209188134,,True,,,LOCK JUP-1 (resub)
356.207537832153,Relay B,launch,DATA,Relay B->Ceres,57,2,0.3394273885962207,2.4486766040364296,0.047793667714693955,,True,,,LOCK JUP-1 (resub)
356.2560291830694,Jupiter,receipt,,Relay B->Jupiter,58,,,,,,,,,
356.444781480803,Relay B,hop abandoned,DATA,Relay B->Ceres,53,,,,,,,,,
356.5783649320448,Jupiter,enqueue,DATA,,59,,,,,,,1,,LOCK JUP-1 (resub)
356.5786427098226,Jupiter,launch,DATA,Jupiter->Relay B,59,1,0.3492115747160369,2.5192610896911978,0.04913693923435214,356.9278542845386,False,,,LOCK JUP-1 (resub)
356.86537409699537,Relay B,launch,DATA,Relay B->Ceres,56,3,0.33942334443850086,2.4486474289173117,0.04779311209986847,,True,,,LOCK JUP-1 (resub)
356.9278542845386,Relay B,arrive,DATA,Jupiter->Relay B,59,,,,,,,,,
356.9281320623164,Relay B,launch,RCPT,Relay B->Jupiter,59,1,0.34920909869424577,2.5192432273240093,0.0491365995409887,357.27734116101067,False,,,receipt LOCK JUP-1 (resub)
356.9284098400942,Relay B,launch,DATA,Relay B->Ceres,59,1,0.33942295689456614,2.4486446331215173,0.04779305885634677,,True,,,LOCK JUP-1 (resub)
357.165845634685,Relay B,launch,DATA,Relay B->Ceres,55,4,0.33942149710549074,2.44863410199918,0.04779285830016988,,True,,,LOCK JUP-1 (resub)
357.27734116101067,Jupiter,receipt,,Relay B->Jupiter,59,,,,,,,,,
357.58624483802214,Relay B,launch,DATA,Relay B->Ceres,58,2,0.3394189123023921,2.448615454868428,0.047792503181482204,,True,,,LOCK JUP-1 (resub)
357.8233973615598,Relay B,hop abandoned,DATA,Relay B->Ceres,54,,,,,,,,,
357.8866703871232,Relay B,launch,DATA,Relay B->Ceres,57,3,0.3394170650502133,2.4486021285332007,0.0477922493927222,,True,,,LOCK JUP-1 (resub)
357.9570946434784,Jupiter,endpoint retry,DATA,,,,,,,,,2,,LOCK JUP-1 (resub)
357.9570946434784,Jupiter,enqueue,DATA,,60,,,,,,,2,,LOCK JUP-1 (resub)
357.9573724212562,Jupiter,launch,DATA,Jupiter->Relay B,60,1,0.3492260718751936,2.519365674222865,0.049138928143629856,358.3065984931314,False,,,LOCK JUP-1 (resub)
358.3065984931314,Relay B,arrive,DATA,Jupiter->Relay B,60,,,,,,,,,
358.3068762709092,Relay B,launch,RCPT,Relay B->Jupiter,60,1,0.34922359159878624,2.519347781162337,0.04913858786727465,358.656099862508,False,,,receipt LOCK JUP-1 (resub)
358.307154048687,Relay B,launch,DATA,Relay B->Ceres,60,1,0.33941447944516767,2.4485834756171494,0.047791894163631166,358.64656852813215,False,,,LOCK JUP-1 (resub)
358.54449856365017,Relay B,launch,DATA,Relay B->Ceres,56,4,0.3394130199121719,2.4485729463420833,0.04779169364238878,358.88391158356234,False,,,LOCK JUP-1 (resub)
358.60753353166115,Relay B,launch,DATA,Relay B->Ceres,59,2,0.3394126322743318,2.4485701498686425,0.04779164038588246,358.9469461639355,False,,,LOCK JUP-1 (resub)
358.64656852813215,Ceres,arrive,DATA,Relay B->Ceres,60,,,,,,,,,
358.64656852813215,Ceres,deliver,,,,,,,,,,,9,LOCK JUP-1 (resub)
358.64656852813215,Ceres,enqueue,DATA,,61,,,,,,,1,,SETTLE JUP-1 (recorded answer)
358.64656852813215,Ceres,enqueue,DACK,,62,,,,,,,1,,DACK LOCK JUP-1 (resub)
358.64684630590995,Ceres,launch,RCPT,Ceres->Relay B,60,1,0.33944928951399334,2.448834600317663,0.04779667661112941,358.98629559542394,False,,,receipt LOCK JUP-1 (resub)
358.64712408368774,Ceres,launch,DATA,Ceres->Relay B,61,1,0.3394492878056212,2.4488345879932245,0.04779667637642193,358.98657337149336,False,,,SETTLE JUP-1 (recorded answer)
358.64740186146554,Ceres,launch,DACK,Ceres->Relay B,62,1,0.3394492860972491,2.4488345756687804,0.047796676141714456,358.9868511475628,False,,,DACK LOCK JUP-1 (resub)
358.656099862508,Jupiter,receipt,,Relay B->Jupiter,60,,,,,,,,,
358.844688628896,Relay B,hop abandoned,DATA,Relay B->Ceres,55,,,,,,,,,
358.88391158356234,Ceres,arrive,DATA,Relay B->Ceres,56,,,,,,,,,
358.88391158356234,Ceres,deliver,,,,,,,,,,,7,LOCK JUP-1 (resub)
358.88391158356234,Ceres,enqueue,DATA,,63,,,,,,,1,,SETTLE JUP-1 (recorded answer)
358.88391158356234,Ceres,enqueue,DACK,,64,,,,,,,1,,DACK LOCK JUP-1 (resub)
358.88418936134013,Ceres,launch,RCPT,Ceres->Relay B,56,1,0.33944782979403954,2.448824069693874,0.04779647606520887,359.2236371911342,False,,,receipt LOCK JUP-1 (resub)
358.88446713911793,Ceres,launch,DATA,Ceres->Relay B,63,1,0.3394478280856106,2.4488240573689866,0.047796475830492846,359.22391496720354,False,,,SETTLE JUP-1 (recorded answer)
358.8847449168957,Ceres,launch,DACK,Ceres->Relay B,64,1,0.3394478263771248,2.448824045044102,0.04779647559577693,359.22419274327285,False,,,DACK LOCK JUP-1 (resub)
358.9469461639355,Ceres,arrive,DATA,Relay B->Ceres,59,,,,,,,,,
358.9469461639355,Ceres,deliver,,,,,,,,,,,19,LOCK JUP-1 (resub)
358.9469461639355,Ceres,enqueue,DATA,,65,,,,,,,1,,SETTLE JUP-1 (recorded answer)
358.9469461639355,Ceres,enqueue,DACK,,66,,,,,,,1,,DACK LOCK JUP-1 (resub)
358.9472239417133,Ceres,launch,RCPT,Ceres->Relay B,59,1,0.33944744210651834,2.4488212728622214,0.04779642280214824,359.2866713838198,False,,,receipt LOCK JUP-1 (resub)
358.9475017194911,Ceres,launch,DATA,Ceres->Relay B,65,1,0.3394474403980894,2.4488212605372213,0.04779642256743011,359.28694915988916,False,,,SETTLE JUP-1 (recorded answer)
358.94777949726887,Ceres,launch,DACK,Ceres->Relay B,66,1,0.33944743868966043,2.448821248212216,0.04779642233271186,359.28722693595853,False,,,DACK LOCK JUP-1 (resub)
358.97836493204477,Jupiter,enqueue,DATA,,67,,,,,,,1,,LOCK JUP-1 (resub)
358.97864270982257,Jupiter,launch,DATA,Jupiter->Relay B,67,1,0.3492368186871886,2.519443203226223,0.049140402528711435,359.32787952850975,False,,,LOCK JUP-1 (resub)
358.98629559542394,Relay B,receipt,,Ceres->Relay B,60,,,,,,,,,
358.98657337149336,Relay B,arrive,DATA,Ceres->Relay B,61,,,,,,,,,
358.9868511475628,Relay B,arrive,DACK,Ceres->Relay B,62,,,,,,,,,
358.98685114927116,Relay B,launch,RCPT,Relay B->Ceres,61,1,0.3394102995566186,2.4485533213169264,0.047791319900076124,359.3262614488278,False,,,receipt SETTLE JUP-1 (recorded answer)
358.98712892704896,Relay B,launch,DATA,Relay B->Jupiter,61,1,0.3492307469282423,2.5193994007086356,0.04913956952746168,359.3363596739772,False,,,SETTLE JUP-1 (recorded answer)
358.98712892704896,Relay B,launch,RCPT,Relay B->Ceres,62,1,0.33941029784830334,2.448553308992868,0.04779131966537453,359.32653922489726,False,,,receipt DACK LOCK JUP-1 (resub)
358.98740670482675,Relay B,launch,DACK,Relay B->Jupiter,62,1,0.349230749850733,2.5193994217918316,0.04913956992840518,359.3366374546775,False,,,DACK LOCK JUP-1 (resub)
359.2236371911342,Relay B,receipt,,Ceres->Relay B,56,,,,,,,,,
359.22391496720354,Relay B,arrive,DATA,Ceres->Relay B,63,,,,,,,,,
359.22419274327285,Relay B,arrive,DACK,Ceres->Relay B,64,,,,,,,,,
359.22419274498134,Relay B,launch,RCPT,Relay B->Ceres,63,1,0.3394088398911208,2.448542791086158,0.04779111936051217,359.56360158487246,False,,,receipt SETTLE JUP-1 (recorded answer)
359.22447052275913,Relay B,launch,DATA,Relay B->Jupiter,63,1,0.3492332441745134,2.519417416192032,0.049139912131605956,359.57370376693365,False,,,SETTLE JUP-1 (recorded answer)
359.22447052275913,Relay B,launch,RCPT,Relay B->Ceres,64,1,0.3394088381827487,2.448542778761659,0.04779111912580225,359.5638793609419,False,,,receipt DACK LOCK JUP-1 (resub)
359.22474830053693,Relay B,launch,DACK,Relay B->Jupiter,64,1,0.349233247097402,2.5194174372784457,0.04913991253261052,359.57398154763433,False,,,DACK LOCK JUP-1 (resub)
359.2653604404047,Relay B,launch,DATA,Relay B->Ceres,58,3,0.339408586701893,2.4485409645437652,0.04779108457551373,359.6047690271066,False,,,LOCK JUP-1 (resub)
359.2866713838198,Relay B,receipt,,Ceres->Relay B,59,,,,,,,,,
359.28694915988916,Relay B,arrive,DATA,Ceres->Relay B,65,,,,,,,,,
359.28722693595853,Relay B,arrive,DACK,Ceres->Relay B,66,,,,,,,,,
359.28722693766696,Relay B,launch,RCPT,Relay B->Ceres,65,1,0.3394084522180947,2.4485399943588995,0.04779106609913997,359.62663538988505,False,,,receipt SETTLE JUP-1 (recorded answer)
359.28750471544475,Relay B,launch,DATA,Relay B->Jupiter,65,1,0.3492339074678057,2.5194222012828993,0.04914000313064004,359.63673862291256,False,,,SETTLE JUP-1 (recorded answer)
359.28750471544475,Relay B,launch,RCPT,Relay B->Ceres,66,1,0.33940845050972257,2.4485399820342835,0.04779106586442783,359.6269131659545,False,,,receipt DACK LOCK JUP-1 (resub)
359.28778249322255,Relay B,launch,DACK,Relay B->Jupiter,66,1,0.3492339103908648,2.519422222370168,0.049140003531660814,359.6370164036134,False,,,DACK LOCK JUP-1 (resub)
359.3262614488278,Ceres,receipt,,Relay B->Ceres,61,,,,,,,,,
359.32653922489726,Ceres,receipt,,Relay B->Ceres,62,,,,,,,,,
359.32787952850975,Relay B,arrive,DATA,Jupiter->Relay B,67,,,,,,,,,
359.32815730628755,Relay B,launch,RCPT,Relay B->Jupiter,67,1,0.34923433525932523,2.5194252874305265,0.04914006182052466,359.6773916415469,False,,,receipt LOCK JUP-1 (resub)
359.32843508406535,Relay B,launch,DATA,Relay B->Ceres,67,1,0.3394081987776758,2.4485381660042838,0.04779103127962736,359.667843282843,False,,,LOCK JUP-1 (resub)
359.3363596739772,Jupiter,arrive,DATA,Relay B->Jupiter,61,,,,,,,,,
359.3363596739772,Jupiter,deliver,,,,,,,,,,,13,SETTLE JUP-1 (recorded answer)
359.3363596739772,Jupiter,enqueue,DACK,,68,,,,,,,1,,DACK SETTLE JUP-1 (recorded answer)
359.336637451755,Jupiter,launch,RCPT,Jupiter->Relay B,61,1,0.34924058753063036,2.519470392189429,0.049140919586302956,359.6858780392856,False,,,receipt SETTLE JUP-1 (recorded answer)
359.3366374546775,Jupiter,arrive,DACK,Relay B->Jupiter,62,,,,,,,,,
359.3366374546775,Jupiter,data acknowledged,,,,,,,,,,,9,LOCK JUP-1 (resub)
359.3369152295328,Jupiter,launch,DACK,Jupiter->Relay B,68,1,0.34924059045533795,2.5194704132885075,0.04914091998754799,359.68615581998813,False,,,DACK SETTLE JUP-1 (recorded answer)
359.3371930073106,Jupiter,launch,RCPT,Jupiter->Relay B,62,1,0.34924059338004554,2.519470434387589,0.04914092038879303,359.68643360069063,False,,,receipt DACK LOCK JUP-1 (resub)
359.56360158487246,Ceres,receipt,,Relay B->Ceres,63,,,,,,,,,
359.5638793609419,Ceres,receipt,,Relay B->Ceres,64,,,,,,,,,
359.56578229500144,Relay B,launch,DATA,Relay B->Ceres,57,4,0.3394067390020723,2.4485276349789924,0.04779083072487167,359.9051890340035,False,,,LOCK JUP-1 (resub)
359.57370376693365,Jupiter,arrive,DATA,Relay B->Jupiter,63,,,,,,,,,
359.57370376693365,Jupiter,deliver,,,,,,,,,,,14,SETTLE JUP-1 (recorded answer)
359.57370376693365,Jupiter,enqueue,DACK,,69,,,,,,,1,,DACK SETTLE JUP-1 (recorded answer)
359.57398154471144,Jupiter,launch,RCPT,Jupiter->Relay B,63,1,0.3492430866841687,2.5194884214320843,0.04914126245162298,359.9232246313956,False,,,receipt SETTLE JUP-1 (recorded answer)
359.57398154763433,Jupiter,arrive,DACK,Relay B->Jupiter,64,,,,,,,,,
359.57398154763433,Jupiter,data acknowledged,,,,,,,,,,,7,LOCK JUP-1 (resub)
359.57425932248924,Jupiter,launch,DACK,Jupiter->Relay B,69,1,0.34924308960933104,2.5194884425343815,0.04914126285292908,359.92350241209857,False,,,DACK SETTLE JUP-1 (recorded answer)
359.57453710026704,Jupiter,launch,RCPT,Jupiter->Relay B,64,1,0.34924309253443653,2.5194884636366806,0.04914126325423518,359.9237801928015,False,,,receipt DACK LOCK JUP-1 (resub)
359.6047690271066,Ceres,arrive,DATA,Relay B->Ceres,58,,,,,,,,,
359.6047690271066,Ceres,deliver,,,,,,,,,,,8,LOCK JUP-1 (resub)
359.6047690271066,Ceres,enqueue,DATA,,70,,,,,,,1,,SETTLE JUP-1 (recorded answer)
359.6047690271066,Ceres,enqueue,DACK,,71,,,,,,,1,,DACK LOCK JUP-1 (resub)
359.6050468048844,Ceres,launch,RCPT,Ceres->Relay B,58,1,0.3394433960158949,2.448792083798936,0.04779586692337656,359.9444902009003,False,,,receipt LOCK JUP-1 (resub)
359.6053245826622,Ceres,launch,DATA,Ceres->Relay B,70,1,0.3394433943072386,2.448792071472703,0.04779586668863478,359.94476797696944,False,,,SETTLE JUP-1 (recorded answer)
359.60560236044,Ceres,launch,DACK,Ceres->Relay B,71,1,0.3394433925986391,2.4487920591464682,0.04779586645389289,359.94504575303864,False,,,DACK LOCK JUP-1 (resub)
359.62663538988505,Ceres,receipt,,Relay B->Ceres,65,,,,,,,,,
359.6269131659545,Ceres,receipt,,Relay B->Ceres,66,,,,,,,,,
359.63673862291256,Jupiter,arrive,DATA,Relay B->Jupiter,65,,,,,,,,,
359.63673862291256,Jupiter,deliver,,,,,,,,,,,15,SETTLE JUP-1 (recorded answer)
359.63673862291256,Jupiter,enqueue,DACK,,72,,,,,,,1,,DACK SETTLE JUP-1 (recorded answer)
359.63701640069036,Jupiter,launch,RCPT,Jupiter->Relay B,65,1,0.34924375048404954,2.519493210177194,0.04914135352002125,359.9862601511744,False,,,receipt SETTLE JUP-1 (recorded answer)
359.6370164036134,Jupiter,arrive,DACK,Relay B->Jupiter,66,,,,,,,,,
359.6370164036134,Jupiter,data acknowledged,,,,,,,,,,,19,LOCK JUP-1 (resub)
359.63729417846815,Jupiter,launch,DACK,Jupiter->Relay B,72,1,0.34924375340932556,2.519493231280345,0.049141353921343556,359.9865379318775,False,,,DACK SETTLE JUP-1 (recorded answer)
359.63757195624595,Jupiter,launch,RCPT,Jupiter->Relay B,66,1,0.34924375633454474,2.5194932523834983,0.049141354322665864,359.9868157125805,False,,,receipt DACK LOCK JUP-1 (resub)
359.667843282843,Ceres,arrive,DATA,Relay B->Ceres,67,,,,,,,,,
359.667843282843,Ceres,deliver,,,,,,,,,,,20,LOCK JUP-1 (resub)
359.667843282843,Ceres,enqueue,DATA,,73,,,,,,,1,,SETTLE JUP-1 (recorded answer)
359.667843282843,Ceres,enqueue,DACK,,74,,,,,,,1,,DACK LOCK JUP-1 (resub)
359.6681210606208,Ceres,launch,RCPT,Ceres->Relay B,67,1,0.33944300804199656,2.4487892849009842,0.047795813620931105,360.0075640686628,False,,,receipt LOCK JUP-1 (resub)
359.6683988383986,Ceres,launch,DATA,Ceres->Relay B,73,1,0.33944300633334024,2.448789272574636,0.0477958133861871,360.00784184473196,False,,,SETTLE JUP-1 (recorded answer)
359.6686766161764,Ceres,launch,DACK,Ceres->Relay B,74,1,0.3394430046246839,2.4487892602482826,0.04779581315144299,360.0081196208011,False,,,DACK LOCK JUP-1 (resub)
359.6773916415469,Jupiter,receipt,,Relay B->Jupiter,67,,,,,,,,,
359.6858780392856,Relay B,receipt,,Jupiter->Relay B,61,,,,,,,,,
359.68615581998813,Relay B,arrive,DACK,Jupiter->Relay B,68,,,,,,,,,
359.6864335977659,Relay B,launch,RCPT,Relay B->Jupiter,68,1,0.34923810592192694,2.519452489517151,0.049140579127872064,360.03567170368785,False,,,receipt DACK SETTLE JUP-1 (recorded answer)
359.68643360069063,Relay B,receipt,,Jupiter->Relay B,62,,,,,,,,,
359.6867113755437,Relay B,launch,DACK,Relay B->Ceres,68,1,0.3394059952220232,2.4485222692458577,0.04779072853886035,360.02611737076575,False,,,DACK SETTLE JUP-1 (recorded answer)
359.9051890340035,Ceres,arrive,DATA,Relay B->Ceres,57,,,,,,,,,
359.9051890340035,Ceres,deliver,,,,,,,,,,,18,LOCK JUP-1 (resub)
359.9051890340035,Ceres,enqueue,DATA,,75,,,,,,,1,,SETTLE JUP-1 (recorded answer)
359.9051890340035,Ceres,enqueue,DACK,,76,,,,,,,1,,DACK LOCK JUP-1 (resub)
359.9054668117813,Ceres,launch,RCPT,Ceres->Relay B,57,1,0.3394415480793782,2.4487787525267586,0.04779561304149338,360.2449083598607,False,,,receipt LOCK JUP-1 (resub)
359.9057445895591,Ceres,launch,DATA,Ceres->Relay B,75,1,0.33944154637066504,2.448778740199965,0.04779561280674083,360.24518613592977,False,,,SETTLE JUP-1 (recorded answer)
359.9060223673369,Ceres,launch,DACK,Ceres->Relay B,76,1,0.33944154466195187,2.4487787278731696,0.04779561257198828,360.24546391199885,False,,,DACK LOCK JUP-1 (resub)
359.9232246313956,Relay B,receipt,,Jupiter->Relay B,63,,,,,,,,,
359.92350241209857,Relay B,arrive,DACK,Jupiter->Relay B,69,,,,,,,,,
359.92378018987637,Relay B,launch,RCPT,Relay B->Jupiter,69,1,0.3492406043434926,2.519470513479427,0.04914092189289687,360.27302079421986,False,,,receipt DACK SETTLE JUP-1 (recorded answer)
359.9237801928015,Relay B,receipt,,Jupiter->Relay B,64,,,,,,,,,
359.92405796765416,Relay B,launch,DACK,Relay B->Ceres,69,1,0.3394045353709316,2.4485117376759877,0.04779052797366978,360.2634625030251,False,,,DACK SETTLE JUP-1 (recorded answer)
359.9444902009003,Relay B,receipt,,Ceres->Relay B,58,,,,,,,,,
359.94476797696944,Relay B,arrive,DATA,Ceres->Relay B,70,,,,,,,,,
359.94504575303864,Relay B,arrive,DACK,Ceres->Relay B,71,,,,,,,,,
359.94504575474724,Relay B,launch,RCPT,Relay B->Ceres,70,1,0.3394044062785042,2.448510806385288,0.04779051023799308,360.28445016102575,False,,,receipt SETTLE JUP-1 (recorded answer)
359.94532353252504,Relay B,launch,DATA,Relay B->Jupiter,70,1,0.34924083113764937,2.5194721496044283,0.04914095300738264,360.2945643636627,False,,,SETTLE JUP-1 (recorded answer)
359.94532353252504,Relay B,launch,RCPT,Relay B->Ceres,71,1,0.33940440456996157,2.4485107940594384,0.04779051000325729,360.284727937095,False,,,receipt DACK LOCK JUP-1 (resub)
359.94560131030283,Relay B,launch,DACK,Relay B->Jupiter,71,1,0.34924083406195905,2.5194721707006136,0.04914095340857261,360.2948421443648,False,,,DACK LOCK JUP-1 (resub)
359.9862601511744,Relay B,receipt,,Jupiter->Relay B,65,,,,,,,,,
359.9865379318775,Relay B,arrive,DACK,Jupiter->Relay B,72,,,,,,,,,
359.9868157096553,Relay B,launch,RCPT,Relay B->Jupiter,72,1,0.3492412679489689,2.5194753008221515,0.049141012934658335,360.33605697760424,False,,,receipt DACK SETTLE JUP-1 (recorded answer)
359.9868157125805,Relay B,receipt,,Jupiter->Relay B,66,,,,,,,,,
359.98709348743307,Relay B,launch,DACK,Relay B->Ceres,72,1,0.33940414764862226,2.44850894059308,0.04779047470549147,360.3264976350817,False,,,DACK SETTLE JUP-1 (recorded answer)
360.0075640686628,Relay B,receipt,,Ceres->Relay B,67,,,,,,,,,
360.00784184473196,Relay B,arrive,DATA,Ceres->Relay B,73,,,,,,,,,
360.0081196208011,Relay B,arrive,DACK,Ceres->Relay B,74,,,,,,,,,
360.00811962250975,Relay B,launch,RCPT,Relay B->Ceres,73,1,0.33940401831910094,2.448508007591845,0.047790456937238046,360.34752364082885,False,,,receipt SETTLE JUP-1 (recorded answer)
360.00839740028755,Relay B,launch,DATA,Relay B->Jupiter,73,1,0.34924149515609315,2.5194769399259243,0.0491410441057889,360.35763889544364,False,,,SETTLE JUP-1 (recorded answer)
360.00839740028755,Relay B,launch,RCPT,Relay B->Ceres,74,1,0.33940401661050146,2.4485079952658784,0.04779045670250004,360.34780141689805,False,,,receipt DACK LOCK JUP-1 (resub)
360.00867517806535,Relay B,launch,DACK,Relay B->Jupiter,74,1,0.3492414980804597,2.5194769610229653,0.04914104450699508,360.3579166761458,False,,,DACK LOCK JUP-1 (resub)
360.02611737076575,Ceres,arrive,DACK,Relay B->Ceres,68,,,,,,,,,
360.02611737076575,Ceres,data acknowledged,,,,,,,,,,,13,SETTLE JUP-1 (recorded answer)
360.02639514854354,Ceres,launch,RCPT,Ceres->Relay B,68,1,0.33944080420405953,2.448773386106322,0.04779551084290623,360.3658359527476,False,,,receipt DACK SETTLE JUP-1 (recorded answer)
360.03567170368785,Jupiter,receipt,,Relay B->Jupiter,68,,,,,,,,,
360.2449083598607,Relay B,receipt,,Ceres->Relay B,57,,,,,,,,,
360.24518613592977,Relay B,arrive,DATA,Ceres->Relay B,75,,,,,,,,,
360.24546391199885,Relay B,arrive,DACK,Ceres->Relay B,76,,,,,,,,,
360.24546391370757,Relay B,launch,RCPT,Relay B->Ceres,75,1,0.3394025584109954,2.448497475610911,0.0477902563641619,360.58486647211856,False,,,receipt SETTLE JUP-1 (recorded answer)
360.24574169148536,Relay B,launch,DATA,Relay B->Jupiter,75,1,0.3492439940703207,2.519494967442359,0.04914138693823622,360.5949856855557,False,,,SETTLE JUP-1 (recorded answer)
360.24574169148536,Relay B,launch,RCPT,Relay B->Ceres,76,1,0.3394025567023391,2.4484974632845042,0.04779025612941534,360.5851442481877,False,,,receipt DACK LOCK JUP-1 (resub)
360.24601946926316,Relay B,launch,DACK,Relay B->Jupiter,76,1,0.34924399699514197,2.519494988542617,0.04914138733950346,360.5952634662583,False,,,DACK LOCK JUP-1 (resub)
360.2634625030251,Ceres,arrive,DACK,Relay B->Ceres,69,,,,,,,,,
360.2634625030251,Ceres,data acknowledged,,,,,,,,,,,14,SETTLE JUP-1 (recorded answer)
360.2637402808029,Ceres,launch,RCPT,Ceres->Relay B,69,1,0.3394393441659531,2.4487628531874552,0.04779531025303252,360.60317962496885,False,,,receipt DACK SETTLE JUP-1 (recorded answer)
360.27302079421986,Jupiter,receipt,,Relay B->Jupiter,69,,,,,,,,,
360.28445016102575,Ceres,receipt,,Relay B->Ceres,70,,,,,,,,,
360.284727937095,Ceres,receipt,,Relay B->Ceres,71,,,,,,,,,
360.2945643636627,Jupiter,arrive,DATA,Relay B->Jupiter,70,,,,,,,,,
360.2945643636627,Jupiter,deliver,,,,,,,,,,,16,SETTLE JUP-1 (recorded answer)
360.2945643636627,Jupiter,enqueue,DACK,,77,,,,,,,1,,DACK SETTLE JUP-1 (recorded answer)
360.2948421414405,Jupiter,launch,RCPT,Jupiter->Relay B,70,1,0.3492506794401038,2.519543196634005,0.04914230412063936,360.6440928208806,False,,,receipt SETTLE JUP-1 (recorded answer)
360.2948421443648,Jupiter,arrive,DACK,Relay B->Jupiter,71,,,,,,,,,
360.2948421443648,Jupiter,data acknowledged,,,,,,,,,,,8,LOCK JUP-1 (resub)
360.2951199192183,Jupiter,launch,DACK,Jupiter->Relay B,77,1,0.34925068236657353,2.5195432177460715,0.049142304522130864,360.64437060158485,False,,,DACK SETTLE JUP-1 (recorded answer)
360.2953976969961,Jupiter,launch,RCPT,Jupiter->Relay B,71,1,0.34925068529304326,2.5195432388581422,0.04914230492362226,360.6446483822891,False,,,receipt DACK LOCK JUP-1 (resub)
360.3264976350817,Ceres,arrive,DACK,Relay B->Ceres,72,,,,,,,,,
360.3264976350817,Ceres,data acknowledged,,,,,,,,,,,15,SETTLE JUP-1 (recorded answer)
360.3267754128595,Ceres,launch,RCPT,Ceres->Relay B,72,1,0.3394389563939626,2.4487600557462645,0.04779525697829856,360.66621436925345,False,,,receipt DACK SETTLE JUP-1 (recorded answer)
360.33605697760424,Jupiter,receipt,,Relay B->Jupiter,72,,,,,,,,,
360.34752364082885,Ceres,receipt,,Relay B->Ceres,73,,,,,,,,,
360.34780141689805,Ceres,receipt,,Relay B->Ceres,74,,,,,,,,,
360.3571149424773,Jupiter,endpoint retry,DATA,,,,,,,,,2,,LOCK JUP-1 (resub)
360.3571149424773,Jupiter,enqueue,DATA,,78,,,,,,,2,,LOCK JUP-1 (resub)
360.3573927202551,Jupiter,launch,DATA,Jupiter->Relay B,78,1,0.3492513384450717,2.5195479507882053,0.04914239453111724,360.7066440587002,False,,,LOCK JUP-1 (resub)
360.35763889544364,Jupiter,arrive,DATA,Relay B->Jupiter,73,,,,,,,,,
360.35763889544364,Jupiter,deliver,,,,,,,,,,,17,SETTLE JUP-1 (recorded answer)
360.35763889544364,Jupiter,enqueue,DACK,,79,,,,,,,1,,DACK SETTLE JUP-1 (recorded answer)
360.35791667322144,Jupiter,launch,RCPT,Jupiter->Relay B,73,1,0.3492513439653635,2.519547990612036,0.0491423952884531,360.7071680171868,False,,,receipt SETTLE JUP-1 (recorded answer)
360.3579166761458,Jupiter,arrive,DACK,Relay B->Jupiter,74,,,,,,,,,
360.3579166761458,Jupiter,data acknowledged,,,,,,,,,,,20,LOCK JUP-1 (resub)
360.35819445099924,Jupiter,launch,DACK,Jupiter->Relay B,79,1,0.3492513468919469,2.519548011724958,0.049142395689960816,360.7074457978912,False,,,DACK SETTLE JUP-1 (recorded answer)
360.35847222877703,Jupiter,launch,RCPT,Jupiter->Relay B,74,1,0.34925134981853034,2.519548032837883,0.04914239609146842,360.70772357859556,False,,,receipt DACK LOCK JUP-1 (resub)
360.3658359527476,Relay B,receipt,,Ceres->Relay B,68,,,,,,,,,
360.58486647211856,Ceres,receipt,,Relay B->Ceres,75,,,,,,,,,
360.5851442481877,Ceres,receipt,,Relay B->Ceres,76,,,,,,,,,
360.5949856855557,Jupiter,arrive,DATA,Relay B->Jupiter,75,,,,,,,,,
360.5949856855557,Jupiter,deliver,,,,,,,,,,,18,SETTLE JUP-1 (recorded answer)
360.5949856855557,Jupiter,enqueue,DACK,,80,,,,,,,1,,DACK SETTLE JUP-1 (recorded answer)
360.5952634633335,Jupiter,launch,RCPT,Jupiter->Relay B,75,1,0.3492538447868583,2.519566031887852,0.04914273838207739,360.94451730812034,False,,,receipt SETTLE JUP-1 (recorded answer)
360.5952634662583,Jupiter,arrive,DACK,Relay B->Jupiter,76,,,,,,,,,
360.5952634662583,Jupiter,data acknowledged,,,,,,,,,,,18,LOCK JUP-1 (resub)
360.5955412411113,Jupiter,launch,DACK,Jupiter->Relay B,80,1,0.34925384771389645,2.5195660530039907,0.049142738783646056,360.9447950888252,False,,,DACK SETTLE JUP-1 (recorded answer)
360.5958190188891,Jupiter,launch,RCPT,Jupiter->Relay B,76,1,0.3492538506409346,2.5195660741201324,0.049142739185214834,360.94507286953,False,,,receipt DACK LOCK JUP-1 (resub)
360.60317962496885,Relay B,receipt,,Ceres->Relay B,69,,,,,,,,,
360.6440928208806,Relay B,receipt,,Jupiter->Relay B,70,,,,,,,,,
360.64437060158485,Relay B,arrive,DACK,Jupiter->Relay B,77,,,,,,,,,
360.64464837936265,Relay B,launch,RCPT,Relay B->Jupiter,77,1,0.3492481948763384,2.519525272643905,0.04914196325729969,360.993896574239,False,,,receipt DACK SETTLE JUP-1 (recorded answer)
360.6446483822891,Relay B,receipt,,Jupiter->Relay B,71,,,,,,,,,
360.64492615714045,Relay B,launch,DACK,Relay B->Ceres,77,1,0.33940010119448516,2.448479748907731,0.04778991877331218,360.98432625833493,False,,,DACK SETTLE JUP-1 (recorded answer)
360.66621436925345,Relay B,receipt,,Ceres->Relay B,72,,,,,,,,,
360.7066440587002,Relay B,arrive,DATA,Jupiter->Relay B,78,,,,,,,,,
360.706921836478,Relay B,launch,RCPT,Relay B->Jupiter,78,1,0.34924885076270584,2.519530004299781,0.049142053239955796,361.0561706872407,False,,,receipt LOCK JUP-1 (resub)
360.7071680171868,Relay B,receipt,,Jupiter->Relay B,73,,,,,,,,,
360.7071996142558,Relay B,launch,DATA,Relay B->Ceres,78,1,0.3393997181177042,2.4484769853380994,0.04778986614333347,361.0465993323735,False,,,LOCK JUP-1 (resub)
360.7074457978912,Relay B,arrive,DACK,Jupiter->Relay B,79,,,,,,,,,
360.707723575669,Relay B,launch,RCPT,Relay B->Jupiter,79,1,0.34924885920707993,2.5195300652186847,0.04914205439846031,361.05697243487606,False,,,receipt DACK SETTLE JUP-1 (recorded answer)
360.70772357859556,Relay B,receipt,,Jupiter->Relay B,74,,,,,,,,,
360.7080013534468,Relay B,launch,DACK,Relay B->Ceres,79,1,0.3393997131857418,2.4484769497583705,0.04778986546574593,361.0474010666325,False,,,DACK SETTLE JUP-1 (recorded answer)
360.94451730812034,Relay B,receipt,,Jupiter->Relay B,75,,,,,,,,,
360.9447950888252,Relay B,arrive,DACK,Jupiter->Relay B,80,,,,,,,,,
360.94507286660297,Relay B,launch,RCPT,Relay B->Jupiter,80,1,0.34925135929665885,2.519548101214138,0.04914239739179016,361.29432422589963,False,,,receipt DACK SETTLE JUP-1 (recorded answer)
360.94507286953,Relay B,receipt,,Jupiter->Relay B,76,,,,,,,,,
360.94535064438077,Relay B,launch,DACK,Relay B->Ceres,80,1,0.3393982530919857,2.448466416438127,0.04778966486703906,361.28474889747275,False,,,DACK SETTLE JUP-1 (recorded answer)
360.98432625833493,Ceres,arrive,DACK,Relay B->Ceres,77,,,,,,,,,
360.98432625833493,Ceres,data acknowledged,,,,,,,,,,,16,SETTLE JUP-1 (recorded answer)
360.9846040361127,Ceres,launch,RCPT,Ceres->Relay B,77,1,0.3394349094215272,2.448730860321753,0.04779470097770244,361.32403894553426,False,,,receipt DACK SETTLE JUP-1 (recorded answer)
360.993896574239,Jupiter,receipt,,Relay B->Jupiter,77,,,,,,,,,
361.0465993323735,Ceres,arrive,DATA,Relay B->Ceres,78,,,,,,,,,
361.0465993323735,Ceres,deliver,,,,,,,,,,,10,LOCK JUP-1 (resub)
361.0465993323735,Ceres,enqueue,DATA,,81,,,,,,,1,,SETTLE JUP-1 (recorded answer)
361.0465993323735,Ceres,enqueue,DACK,,82,,,,,,,1,,DACK LOCK JUP-1 (resub)
361.0468771101513,Ceres,launch,RCPT,Ceres->Relay B,78,1,0.3394345262956904,2.4487280963981397,0.04779464834124669,361.386311636447,False,,,receipt LOCK JUP-1 (resub)
361.0471548879291,Ceres,launch,DATA,Ceres->Relay B,81,1,0.339434524586693,2.4487280840692125,0.047794648106453286,361.3865894125158,False,,,SETTLE JUP-1 (recorded answer)
361.0474010666325,Ceres,arrive,DACK,Relay B->Ceres,79,,,,,,,,,
361.0474010666325,Ceres,data acknowledged,,,,,,,,,,,17,SETTLE JUP-1 (recorded answer)
361.0474326657069,Ceres,launch,DACK,Ceres->Relay B,82,1,0.3394345228776956,2.4487280717402857,0.04779464787165988,361.3868671885846,False,,,DACK LOCK JUP-1 (resub)
361.0477104434847,Ceres,launch,RCPT,Ceres->Relay B,79,1,0.3394345211686982,2.4487280594113567,0.04779464763686647,361.3871449646534,False,,,receipt DACK SETTLE JUP-1 (recorded answer)
361.0561706872407,Jupiter,receipt,,Relay B->Jupiter,78,,,,,,,,,
361.05697243487606,Jupiter,receipt,,Relay B->Jupiter,79,,,,,,,,,
361.28474889747275,Ceres,arrive,DACK,Relay B->Ceres,80,,,,,,,,,
361.28474889747275,Ceres,data acknowledged,,,,,,,,,,,18,SETTLE JUP-1 (recorded answer)
361.28502667525055,Ceres,launch,RCPT,Ceres->Relay B,80,1,0.33943306108233173,2.4487175261444065,0.047794447040181987,361.6244597363329,False,,,receipt DACK SETTLE JUP-1 (recorded answer)
361.29432422589963,Jupiter,receipt,,Relay B->Jupiter,80,,,,,,,,,
361.32403894553426,Relay B,receipt,,Ceres->Relay B,77,,,,,,,,,
361.386311636447,Relay B,receipt,,Ceres->Relay B,78,,,,,,,,,
361.3865894125158,Relay B,arrive,DATA,Ceres->Relay B,81,,,,,,,,,
361.3868671885846,Relay B,arrive,DACK,Ceres->Relay B,82,,,,,,,,,
361.3868671902936,Relay B,launch,RCPT,Relay B->Ceres,81,1,0.3393955368895831,2.4484468213745396,0.047789291694524616,361.72626272718315,False,,,receipt SETTLE JUP-1 (recorded answer)
361.3871449646534,Relay B,receipt,,Ceres->Relay B,79,,,,,,,,,
361.38714496807137,Relay B,launch,DATA,Relay B->Jupiter,81,1,0.3492560168244836,2.519581701270699,0.04914303636896,361.73640098489585,False,,,SETTLE JUP-1 (recorded answer)
361.38714496807137,Relay B,launch,RCPT,Relay B->Ceres,82,1,0.3393955351806426,2.4484468090459948,0.047789291459737204,361.726540503252,False,,,receipt DACK LOCK JUP-1 (resub)
361.38742274584916,Relay B,launch,DACK,Relay B->Jupiter,82,1,0.3492560197514649,2.5195817223864285,0.04914303677052079,361.73667876560063,False,,,DACK LOCK JUP-1 (resub)
361.6244597363329,Relay B,receipt,,Ceres->Relay B,80,,,,,,,,,
361.72626272718315,Ceres,receipt,,Relay B->Ceres,81,,,,,,,,,
361.726540503252,Ceres,receipt,,Relay B->Ceres,82,,,,,,,,,
361.73640098489585,Jupiter,arrive,DATA,Relay B->Jupiter,81,,,,,,,,,
361.73640098489585,Jupiter,deliver,,,,,,,,,,,19,SETTLE JUP-1 (recorded answer)
361.73640098489585,Jupiter,enqueue,DACK,,83,,,,,,,1,,DACK SETTLE JUP-1 (recorded answer)
361.73667876267365,Jupiter,launch,RCPT,Jupiter->Relay B,81,1,0.3492658767132184,2.5196528318857885,0.04914438906881147,362.08594463938687,False,,,receipt SETTLE JUP-1 (recorded answer)
361.73667876560063,Jupiter,arrive,DACK,Relay B->Jupiter,82,,,,,,,,,
361.73667876560063,Jupiter,data acknowledged,,,,,,,,,,,10,LOCK JUP-1 (resub)
361.73695654045144,Jupiter,launch,DACK,Jupiter->Relay B,83,1,0.3492658796424166,2.5196528530173956,0.04914438947067368,362.08622242009386,False,,,DACK SETTLE JUP-1 (recorded answer)
361.73723431822924,Jupiter,launch,RCPT,Jupiter->Relay B,82,1,0.34926588257161484,2.519652874149008,0.04914438987253589,362.08650020080086,False,,,receipt DACK LOCK JUP-1 (resub)
362.08594463938687,Relay B,receipt,,Jupiter->Relay B,81,,,,,,,,,
362.08622242009386,Relay B,arrive,DACK,Jupiter->Relay B,83,,,,,,,,,
362.08650019787166,Relay B,launch,RCPT,Relay B->Jupiter,83,1,0.3492633877030471,2.519634875818736,0.04914404759620805,362.4357635855747,False,,,receipt DACK SETTLE JUP-1 (recorded answer)
362.08650020080086,Relay B,receipt,,Jupiter->Relay B,82,,,,,,,,,
362.08677797564945,Relay B,launch,DACK,Relay B->Ceres,83,1,0.33939123067767696,2.448415755760274,0.04778870007412961,362.42616920632713,False,,,DACK SETTLE JUP-1 (recorded answer)
362.42616920632713,Ceres,arrive,DACK,Relay B->Ceres,83,,,,,,,,,
362.42616920632713,Ceres,data acknowledged,,,,,,,,,,,19,SETTLE JUP-1 (recorded answer)
362.4264469841049,Ceres,launch,RCPT,Ceres->Relay B,83,1,0.33942603776853275,2.448666858977519,0.047793482128539844,362.76587302187346,False,,,receipt DACK SETTLE JUP-1 (recorded answer)
362.4357635855747,Jupiter,receipt,,Relay B->Jupiter,83,,,,,,,,,
362.7571353088164,Jupiter,endpoint retry,DATA,,,,,,,,,2,,LOCK JUP-1 (resub)
362.7571353088164,Jupiter,enqueue,DATA,,84,,,,,,,2,,LOCK JUP-1 (resub)
362.75741308659417,Jupiter,launch,DATA,Jupiter->Relay B,84,1,0.34927664397611125,2.5197305084247157,0.049145866251121606,363.1066897305703,False,,,LOCK JUP-1 (resub)
362.76587302187346,Relay B,receipt,,Ceres->Relay B,83,,,,,,,,,
363.1066897305703,Relay B,arrive,DATA,Jupiter->Relay B,84,,,,,,,,,
363.1069675083481,Relay B,launch,RCPT,Relay B->Jupiter,84,1,0.3492741488880142,2.519712508510241,0.04914552394519833,363.4562416572361,False,,,receipt LOCK JUP-1 (resub)
363.1072452861259,Relay B,launch,DATA,Relay B->Ceres,84,1,0.3393849514183671,2.4483704563060256,0.047787837380694476,363.44663023754424,False,,,LOCK JUP-1 (resub)
363.44663023754424,Ceres,arrive,DATA,Relay B->Ceres,84,,,,,,,,,
363.44663023754424,Ceres,deliver,,,,,,,,,,,11,LOCK JUP-1 (resub)
363.44663023754424,Ceres,enqueue,DATA,,85,,,,,,,1,,SETTLE JUP-1 (recorded answer)
363.44663023754424,Ceres,enqueue,DACK,,86,,,,,,,1,,DACK LOCK JUP-1 (resub)
363.44690801532204,Ceres,launch,RCPT,Ceres->Relay B,84,1,0.33941975770494537,2.4486215537210247,0.04779261932893841,363.786327773027,False,,,receipt LOCK JUP-1 (resub)
363.44718579309983,Ceres,launch,DATA,Ceres->Relay B,85,1,0.3394197559953227,2.4486215413876153,0.047792619094059074,363.78660554909516,False,,,SETTLE JUP-1 (recorded answer)
363.44746357087763,Ceres,launch,DACK,Ceres->Relay B,86,1,0.33941975428570004,2.448621529054202,0.047792618859179736,363.78688332516333,False,,,DACK LOCK JUP-1 (resub)
363.4562416572361,Jupiter,receipt,,Relay B->Jupiter,84,,,,,,,,,
363.786327773027,Relay B,receipt,,Ceres->Relay B,84,,,,,,,,,
363.78660554909516,Relay B,arrive,DATA,Ceres->Relay B,85,,,,,,,,,
363.78688332516333,Relay B,arrive,DACK,Ceres->Relay B,86,,,,,,,,,
363.78688332687295,Relay B,launch,RCPT,Relay B->Ceres,85,1,0.3393807688510151,2.448340282680925,0.047787262746664894,364.12626409572397,False,,,receipt SETTLE JUP-1 (recorded answer)
363.78716110465075,Relay B,launch,DATA,Relay B->Jupiter,85,1,0.34928132567881676,2.519764282881753,0.04914650854254643,364.13644243032957,False,,,SETTLE JUP-1 (recorded answer)
363.78716110465075,Relay B,launch,RCPT,Relay B->Ceres,86,1,0.33938076714144927,2.4483402703478987,0.04778726251179155,364.1265418717922,False,,,receipt DACK LOCK JUP-1 (resub)
363.78743888242855,Relay B,launch,DACK,Relay B->Jupiter,86,1,0.3492813286102887,2.519764304030006,0.049146508944724276,364.13672021103883,False,,,DACK LOCK JUP-1 (resub)
364.12626409572397,Ceres,receipt,,Relay B->Ceres,85,,,,,,,,,
364.1265418717922,Ceres,receipt,,Relay B->Ceres,86,,,,,,,,,
364.1357167832872,Jupiter,endpoint retry,DATA,,,,,,,,,3,,LOCK JUP-1 (resub)
364.1357167832872,Jupiter,enqueue,DATA,,87,,,,,,,3,,LOCK JUP-1 (resub)
364.135994561065,Jupiter,launch,DATA,Jupiter->Relay B,87,1,0.34929119718998436,2.51983549734264,0.0491478628319576,364.485285758255,False,,,LOCK JUP-1 (resub)
364.1362143088278,Ceres,endpoint retry,DATA,,,,,,,,,4,,SETTLE JUP-1
364.1362143088278,Ceres,enqueue,DATA,,88,,,,,,,4,,SETTLE JUP-1
364.13644243032957,Jupiter,arrive,DATA,Relay B->Jupiter,85,,,,,,,,,
364.13644243032957,Jupiter,deliver,,,,,,,,,,,20,SETTLE JUP-1 (recorded answer)
364.13644243032957,Jupiter,enqueue,DACK,,89,,,,,,,1,,DACK SETTLE JUP-1 (recorded answer)
364.1364920866056,Ceres,launch,DATA,Ceres->Relay B,88,1,0.33941551335573195,2.4485909343930174,0.04779203620975747,364.4759075999613,False,,,SETTLE JUP-1
364.13672020810736,Jupiter,launch,RCPT,Jupiter->Relay B,85,1,0.3492912048537846,2.519835552630307,0.04914786388336545,364.48601141296115,False,,,receipt SETTLE JUP-1 (recorded answer)
364.13672021103883,Jupiter,arrive,DACK,Relay B->Jupiter,86,,,,,,,,,
364.13672021103883,Jupiter,data acknowledged,,,,,,,,,,,11,LOCK JUP-1 (resub)
364.13699798588516,Jupiter,launch,DACK,Jupiter->Relay B,89,1,0.34929120778747347,2.5198355737944387,0.04914786428584472,364.48628919367263,False,,,DACK SETTLE JUP-1 (recorded answer)
364.13727576366296,Jupiter,launch,RCPT,Jupiter->Relay B,86,1,0.3492912107211623,2.519835594958575,0.049147864688323994,364.4865669743841,False,,,receipt DACK LOCK JUP-1 (resub)
364.4759075999613,Relay B,arrive,DATA,Ceres->Relay B,88,,,,,,,,,
364.4761853777391,Relay B,launch,RCPT,Relay B->Ceres,88,1,0.33937652637035853,2.4483096768328823,0.04778667988091967,364.8155619041095,False,,,receipt SETTLE JUP-1
364.4764631555169,Relay B,launch,DATA,Relay B->Jupiter,88,1,0.34928860176540866,2.519816773587195,0.04914750676143331,364.8257517572823,False,,,SETTLE JUP-1
364.485285758255,Relay B,arrive,DATA,Jupiter->Relay B,87,,,,,,,,,
364.48556353603277,Relay B,launch,RCPT,Relay B->Jupiter,87,1,0.34928869784806693,2.519817466740862,0.049147519943171014,364.83485223388084,False,,,receipt LOCK JUP-1 (resub)
364.48584131381057,Relay B,launch,DATA,Relay B->Ceres,87,1,0.3393764669373809,2.4483092480748945,0.0477866717155383,364.82521778074795,False,,,LOCK JUP-1 (resub)
364.48601141296115,Relay B,receipt,,Jupiter->Relay B,85,,,,,,,,,
364.48628919367263,Relay B,arrive,DACK,Jupiter->Relay B,89,,,,,,,,,
364.48656697145043,Relay B,launch,RCPT,Relay B->Jupiter,89,1,0.3492887084424865,2.519817543170325,0.04914752139663392,364.8358556798929,False,,,receipt DACK SETTLE JUP-1 (recorded answer)
364.4865669743841,Relay B,receipt,,Jupiter->Relay B,86,,,,,,,,,
364.4868447492282,Relay B,launch,DACK,Relay B->Ceres,89,1,0.3393764607611729,2.4483092035187495,0.04778667086699917,364.8262212099894,False,,,DACK SETTLE JUP-1 (recorded answer)
364.8155619041095,Ceres,receipt,,Relay B->Ceres,88,,,,,,,,,
364.82521778074795,Ceres,arrive,DATA,Relay B->Ceres,87,,,,,,,,,
364.82521778074795,Ceres,deliver,,,,,,,,,,,1,LOCK JUP-1 (resub)
364.82521778074795,Ceres,enqueue,DATA,,90,,,,,,,1,,SETTLE JUP-1 (recorded answer)
364.82521778074795,Ceres,enqueue,DACK,,91,,,,,,,1,,DACK LOCK JUP-1 (resub)
364.82549555852574,Ceres,launch,RCPT,Ceres->Relay B,87,1,0.33941127213722666,2.4485603376500706,0.047791453520333205,365.16490683066297,False,,,receipt LOCK JUP-1 (resub)
364.8257517572823,Jupiter,arrive,DATA,Relay B->Jupiter,88,,,,,,,,,
364.8257517572823,Jupiter,deliver,,,,,,,,,,,12,SETTLE JUP-1
364.8257517572823,Jupiter,enqueue,DACK,,92,,,,,,,1,,DACK SETTLE JUP-1
364.82577333630354,Ceres,launch,DATA,Ceres->Relay B,90,1,0.33941127042726293,2.44856032531408,0.04779145328540446,365.1651846067308,False,,,SETTLE JUP-1 (recorded answer)
364.8260295350601,Jupiter,launch,RCPT,Jupiter->Relay B,88,1,0.34929848647948347,2.519888083295735,0.049148862860749376,365.1753280215396,False,,,receipt SETTLE JUP-1
364.82605111408134,Ceres,launch,DACK,Ceres->Relay B,91,1,0.33941126871724236,2.448560312978092,0.04779145305047583,365.1654623827986,False,,,DACK LOCK JUP-1 (resub)
364.8262212099894,Ceres,arrive,DACK,Relay B->Ceres,89,,,,,,,,,
364.8262212099894,Ceres,data acknowledged,,,,,,,,,,,20,SETTLE JUP-1 (recorded answer)
364.8263073128379,Jupiter,launch,DACK,Jupiter->Relay B,92,1,0.3492984894144797,2.5198881044692074,0.04914886326340584,365.1756058022524,False,,,DACK SETTLE JUP-1
364.8264989877672,Ceres,launch,RCPT,Ceres->Relay B,89,1,0.33941126596022286,2.448560293088218,0.047791452671689605,365.1659102537274,False,,,receipt DACK SETTLE JUP-1 (recorded answer)
364.83485223388084,Jupiter,receipt,,Relay B->Jupiter,87,,,,,,,,,
364.8358556798929,Jupiter,receipt,,Relay B->Jupiter,89,,,,,,,,,
365.1571557424803,Jupiter,endpoint retry,DATA,,,,,,,,,2,,LOCK JUP-1 (resub)
365.1571557424803,Jupiter,enqueue,DATA,,93,,,,,,,2,,LOCK JUP-1 (resub)
365.1574335202581,Jupiter,launch,DATA,Jupiter->Relay B,93,1,0.3493019884603541,2.5199133470748865,0.049149343302490656,365.50673550871846,False,,,LOCK JUP-1 (resub)
365.16490683066297,Relay B,receipt,,Ceres->Relay B,87,,,,,,,,,
365.1651846067308,Relay B,arrive,DATA,Ceres->Relay B,90,,,,,,,,,
365.1654623827986,Relay B,arrive,DACK,Ceres->Relay B,91,,,,,,,,,
365.1654623845086,Relay B,launch,RCPT,Relay B->Ceres,90,1,0.33937228360088056,2.448279068900979,0.04778609697513203,365.5048346681095,False,,,receipt SETTLE JUP-1 (recorded answer)
365.1657401622864,Relay B,launch,DATA,Relay B->Jupiter,90,1,0.34929588080012763,2.519869285560713,0.049148505383727725,365.5150360430865,False,,,SETTLE JUP-1 (recorded answer)
365.1657401622864,Relay B,launch,RCPT,Relay B->Ceres,91,1,0.3393722818909737,2.448279056565377,0.047786096740209394,365.50511244417737,False,,,receipt DACK LOCK JUP-1 (resub)
365.1659102537274,Relay B,receipt,,Ceres->Relay B,89,,,,,,,,,
365.1660179400642,Relay B,launch,DACK,Relay B->Jupiter,91,1,0.3492958837342144,2.5198693067276454,0.049148505786259955,365.5153138237984,False,,,DACK LOCK JUP-1 (resub)
365.1753280215396,Relay B,receipt,,Jupiter->Relay B,88,,,,,,,,,
365.1756058022524,Relay B,arrive,DACK,Jupiter->Relay B,92,,,,,,,,,
365.1758835800302,Relay B,launch,RCPT,Relay B->Jupiter,92,1,0.34929598794258254,2.5198700585012572,0.04914852008276105,365.52517956797277,False,,,receipt DACK SETTLE JUP-1
365.176161357808,Relay B,launch,DACK,Relay B->Ceres,92,1,0.33937221774101545,2.4482785937787805,0.04778608792677275,365.515533575549,False,,,DACK SETTLE JUP-1
365.5048346681095,Ceres,receipt,,Relay B->Ceres,90,,,,,,,,,
365.50511244417737,Ceres,receipt,,Relay B->Ceres,91,,,,,,,,,
365.50673550871846,Relay B,arrive,DATA,Jupiter->Relay B,93,,,,,,,,,
365.50701328649626,Relay B,launch,RCPT,Relay B->Jupiter,93,1,0.3492994859667533,2.519895293736213,0.04914899998185007,365.856312772463,False,,,receipt LOCK JUP-1 (resub)
365.50729106427406,Relay B,launch,DATA,Relay B->Ceres,93,1,0.3393701793473838,2.4482638885222263,0.047785807875734165,365.84666124362144,False,,,LOCK JUP-1 (resub)
365.5150360430865,Jupiter,arrive,DATA,Relay B->Jupiter,90,,,,,,,,,
365.5150360430865,Jupiter,deliver,,,,,,,,,,,21,SETTLE JUP-1 (recorded answer)
365.5150360430865,Jupiter,enqueue,DACK,,94,,,,,,,1,,DACK SETTLE JUP-1 (recorded answer)
365.5153138208643,Jupiter,launch,RCPT,Jupiter->Relay B,90,1,0.34930577105313887,2.519940635227717,0.049149862241509856,365.86461959191746,False,,,receipt SETTLE JUP-1 (recorded answer)
365.5153138237984,Jupiter,arrive,DACK,Relay B->Jupiter,91,,,,,,,,,
365.5153138237984,Jupiter,data acknowledged,,,,,,,,,,,1,LOCK JUP-1 (resub)
365.515533575549,Ceres,arrive,DACK,Relay B->Ceres,92,,,,,,,,,
365.515533575549,Ceres,data acknowledged,,,,,,,,,,,12,SETTLE JUP-1
365.5155915986421,Jupiter,launch,DACK,Jupiter->Relay B,94,1,0.3493057739894425,2.5199406564105282,0.04914986264434351,365.86489737263156,False,,,DACK SETTLE JUP-1 (recorded answer)
365.5158113533268,Ceres,launch,RCPT,Ceres->Relay B,92,1,0.33940702239664233,2.4485296794276628,0.04779086965972623,365.85521837572344,False,,,receipt DACK SETTLE JUP-1
365.5158693764199,Jupiter,launch,RCPT,Jupiter->Relay B,91,1,0.34930577692574616,2.519940677593343,0.049149863047177056,365.86517515334566,False,,,receipt DACK LOCK JUP-1 (resub)
365.52517956797277,Jupiter,receipt,,Relay B->Jupiter,92,,,,,,,,,
365.84666124362144,Ceres,arrive,DATA,Relay B->Ceres,93,,,,,,,,,
365.84666124362144,Ceres,deliver,,,,,,,,,,,12,LOCK JUP-1 (resub)
365.84666124362144,Ceres,enqueue,DATA,,95,,,,,,,1,,SETTLE JUP-1 (recorded answer)
365.84666124362144,Ceres,enqueue,DACK,,96,,,,,,,1,,DACK LOCK JUP-1 (resub)
365.84693902139924,Ceres,launch,RCPT,Ceres->Relay B,93,1,0.339404983741872,2.4485149722876303,0.04779058957422466,366.1863440051411,False,,,receipt LOCK JUP-1 (resub)
365.84721679917703,Ceres,launch,DATA,Ceres->Relay B,95,1,0.3394049820316809,2.4485149599497316,0.04779058933925939,366.1866217812087,False,,,SETTLE JUP-1 (recorded answer)
365.84749457695483,Ceres,launch,DACK,Ceres->Relay B,96,1,0.33940498032143296,2.4485149476118346,0.04779058910429412,366.18689955727626,False,,,DACK LOCK JUP-1 (resub)
365.85521837572344,Relay B,receipt,,Ceres->Relay B,92,,,,,,,,,
365.856312772463,Jupiter,receipt,,Relay B->Jupiter,93,,,,,,,,,
365.86461959191746,Relay B,receipt,,Jupiter->Relay B,90,,,,,,,,,
365.86489737263156,Relay B,arrive,DACK,Jupiter->Relay B,94,,,,,,,,,
365.86517515040936,Relay B,launch,RCPT,Relay B->Jupiter,94,1,0.349303270390692,2.5199225950994535,0.049149519172279055,366.21447842080005,False,,,receipt DACK SETTLE JUP-1 (recorded answer)
365.86517515334566,Relay B,receipt,,Jupiter->Relay B,91,,,,,,,,,
365.86545292818715,Relay B,launch,DACK,Relay B->Ceres,94,1,0.3393679744320366,2.448247981954708,0.047785504946499135,366.2048209026192,False,,,DACK SETTLE JUP-1 (recorded answer)
366.1863440051411,Relay B,receipt,,Ceres->Relay B,93,,,,,,,,,
366.1866217812087,Relay B,arrive,DATA,Ceres->Relay B,95,,,,,,,,,
366.18689955727626,Relay B,arrive,DACK,Ceres->Relay B,96,,,,,,,,,
366.1868995589865,Relay B,launch,RCPT,Relay B->Ceres,95,1,0.3393659954410282,2.448233705237388,0.04778523305651683,366.52626555442754,False,,,receipt SETTLE JUP-1 (recorded answer)
366.1871773367643,Relay B,launch,DATA,Relay B->Jupiter,95,1,0.34930667348322686,2.519947145484259,0.04914998604706844,366.53648401024753,False,,,SETTLE JUP-1 (recorded answer)
366.1871773367643,Relay B,launch,RCPT,Relay B->Ceres,96,1,0.33936599373089393,2.4482336928998767,0.047785232821557666,366.5265433304952,False,,,receipt DACK LOCK JUP-1 (resub)
366.1874551145421,Relay B,launch,DACK,Relay B->Jupiter,96,1,0.34930667641918944,2.51994716666503,0.049149986449863126,366.5367617909613,False,,,DACK LOCK JUP-1 (resub)
366.2048209026192,Ceres,arrive,DACK,Relay B->Ceres,94,,,,,,,,,
366.2048209026192,Ceres,data acknowledged,,,,,,,,,,,21,SETTLE JUP-1 (recorded answer)
366.205098680397,Ceres,launch,RCPT,Ceres->Relay B,94,1,0.3394027785441267,2.448499063682769,0.04779028660771134,366.5445014589411,False,,,receipt DACK SETTLE JUP-1 (recorded answer)
366.21447842080005,Jupiter,receipt,,Relay B->Jupiter,94,,,,,,,,,
366.52626555442754,Ceres,receipt,,Relay B->Ceres,95,,,,,,,,,
366.5265433304952,Ceres,receipt,,Relay B->Ceres,96,,,,,,,,,
366.5357570155136,Jupiter,endpoint retry,DATA,,,,,,,,,3,,LOCK JUP-1 (resub)
366.5357570155136,Jupiter,enqueue,DATA,,97,,,,,,,3,,LOCK JUP-1 (resub)
366.5360347932914,Jupiter,launch,DATA,Jupiter->Relay B,97,1,0.34931656425447954,2.5200184988899927,0.04915134297383694,366.88535135754586,False,,,LOCK JUP-1 (resub)
366.53648401024753,Jupiter,arrive,DATA,Relay B->Jupiter,95,,,,,,,,,
366.53648401024753,Jupiter,deliver,,,,,,,,,,,22,SETTLE JUP-1 (recorded answer)
366.53648401024753,Jupiter,enqueue,DACK,,98,,,,,,,1,,DACK SETTLE JUP-1 (recorded answer)
366.53676178802533,Jupiter,launch,RCPT,Jupiter->Relay B,95,1,0.3493165719443141,2.5200185543654436,0.04915134402881216,366.88607835996964,False,,,receipt SETTLE JUP-1 (recorded answer)
366.5367617909613,Jupiter,arrive,DACK,Relay B->Jupiter,96,,,,,,,,,
366.5367617909613,Jupiter,data acknowledged,,,,,,,,,,,12,LOCK JUP-1 (resub)
366.5370395658031,Jupiter,launch,DACK,Jupiter->Relay B,98,1,0.34931657488249357,2.520018575562093,0.04915134443190827,366.8863561406856,False,,,DACK SETTLE JUP-1 (recorded answer)
366.5373173435809,Jupiter,launch,RCPT,Jupiter->Relay B,96,1,0.3493165778207299,2.5200185967587467,0.049151344835004385,366.88663392140165,False,,,receipt DACK LOCK JUP-1 (resub)
366.5445014589411,Relay B,receipt,,Ceres->Relay B,94,,,,,,,,,
366.88535135754586,Relay B,arrive,DATA,Jupiter->Relay B,97,,,,,,,,,
366.88562913532365,Relay B,launch,RCPT,Relay B->Jupiter,97,1,0.34931405750717204,2.520000414864641,0.049150999070350365,367.2349431928308,False,,,receipt LOCK JUP-1 (resub)
366.88590691310145,Relay B,launch,DATA,Relay B->Ceres,97,1,0.3393616916593487,2.448202657154805,0.047784641767478875,367.2252686047608,False,,,LOCK JUP-1 (resub)
366.88607835996964,Relay B,receipt,,Jupiter->Relay B,95,,,,,,,,,
366.8863561406856,Relay B,arrive,DACK,Jupiter->Relay B,98,,,,,,,,,
366.8866339184634,Relay B,launch,RCPT,Relay B->Jupiter,98,1,0.3493140681320597,2.520000491514376,0.04915100052799681,367.2359479865955,False,,,receipt DACK SETTLE JUP-1 (recorded answer)
366.88663392140165,Relay B,receipt,,Jupiter->Relay B,96,,,,,,,,,
366.8869116962412,Relay B,launch,DACK,Relay B->Ceres,98,1,0.33936168547256784,2.448202612522595,0.04778464091748935,367.2262733817138,False,,,DACK SETTLE JUP-1 (recorded answer)
367.2252686047608,Ceres,arrive,DATA,Relay B->Ceres,97,,,,,,,,,
367.2252686047608,Ceres,deliver,,,,,,,,,,,2,LOCK JUP-1 (resub)
367.2252686047608,Ceres,enqueue,DATA,,99,,,,,,,1,,SETTLE JUP-1 (recorded answer)
367.2252686047608,Ceres,enqueue,DACK,,100,,,,,,,1,,DACK LOCK JUP-1 (resub)
367.2255463825386,Ceres,launch,RCPT,Ceres->Relay B,97,1,0.33939649496670654,2.448453733077648,0.047789423322469826,367.5649428775053,False,,,receipt LOCK JUP-1 (resub)
367.2258241603164,Ceres,launch,DATA,Ceres->Relay B,99,1,0.33939649325611754,2.4484537207371737,0.04778942308745515,367.5652206535725,False,,,SETTLE JUP-1 (recorded answer)
367.2261019380942,Ceres,launch,DACK,Ceres->Relay B,100,1,0.33939649154552853,2.4484537083966975,0.04778942285244059,367.5654984296397,False,,,DACK LOCK JUP-1 (resub)
367.2262733817138,Ceres,arrive,DACK,Relay B->Ceres,98,,,,,,,,,
367.2262733817138,Ceres,data acknowledged,,,,,,,,,,,22,SETTLE JUP-1 (recorded answer)
367.2265511594916,Ceres,launch,RCPT,Ceres->Relay B,98,1,0.3393964887791867,2.4484536884397174,0.04778942247237561,367.56594764827076,False,,,receipt DACK SETTLE JUP-1 (recorded answer)
367.2349431928308,Jupiter,receipt,,Relay B->Jupiter,97,,,,,,,,,
367.2359479865955,Jupiter,receipt,,Relay B->Jupiter,98,,,,,,,,,
367.5571762434538,Jupiter,endpoint retry,DATA,,,,,,,,,2,,LOCK JUP-1 (resub)
367.5571762434538,Jupiter,enqueue,DATA,,101,,,,,,,2,,LOCK JUP-1 (resub)
367.5574540212316,Jupiter,launch,DATA,Jupiter->Relay B,101,1,0.34932737188978535,2.520096466681112,0.04915282568407042,367.9067813931214,False,,,LOCK JUP-1 (resub)
367.5649428775053,Relay B,receipt,,Ceres->Relay B,97,,,,,,,,,
367.5652206535725,Relay B,arrive,DATA,Ceres->Relay B,99,,,,,,,,,
367.5654984296397,Relay B,arrive,DACK,Ceres->Relay B,100,,,,,,,,,
367.5654984313503,Relay B,launch,RCPT,Relay B->Ceres,99,1,0.3393575069839585,2.448172468322107,0.047784066841902506,367.90485593833426,False,,,receipt SETTLE JUP-1 (recorded answer)
367.5657762091281,Relay B,launch,DATA,Relay B->Jupiter,99,1,0.34932125118308477,2.520052311047833,0.049151985978517,367.9150974603112,False,,,SETTLE JUP-1 (recorded answer)
367.5657762091281,Relay B,launch,RCPT,Relay B->Ceres,100,1,0.33935750527342634,2.4481724559820197,0.04778406660689394,367.90513371440153,False,,,receipt DACK LOCK JUP-1 (resub)
367.56594764827076,Relay B,receipt,,Ceres->Relay B,98,,,,,,,,,
367.5660539869059,Relay B,launch,DACK,Relay B->Jupiter,100,1,0.34932125412166215,2.520052332247279,0.04915198638166607,367.91537524102756,False,,,DACK LOCK JUP-1 (resub)
367.90485593833426,Ceres,receipt,,Relay B->Ceres,99,,,,,,,,,
367.90513371440153,Ceres,receipt,,Relay B->Ceres,100,,,,,,,,,
367.9067813931214,Relay B,arrive,DATA,Jupiter->Relay B,101,,,,,,,,,
367.9070591708992,Relay B,launch,RCPT,Relay B->Jupiter,101,1,0.3493248619909082,2.520078359920093,0.04915248134875705,368.2563840328901,False,,,receipt LOCK JUP-1 (resub)
367.90733694867697,Relay B,launch,DATA,Relay B->Ceres,101,1,0.3393554019049816,2.4481572819880206,0.04778377762847286,368.24669235058195,False,,,LOCK JUP-1 (resub)
367.9150974603112,Jupiter,arrive,DATA,Relay B->Jupiter,99,,,,,,,,,
367.9150974603112,Jupiter,deliver,,,,,,,,,,,23,SETTLE JUP-1 (recorded answer)
367.9150974603112,Jupiter,enqueue,DACK,,102,,,,,,,1,,DACK SETTLE JUP-1 (recorded answer)
367.915375238089,Jupiter,launch,RCPT,Jupiter->Relay B,99,1,0.3493311607222722,2.5201237998481294,0.04915334547722083,368.26470639881126,False,,,receipt SETTLE JUP-1 (recorded answer)
367.91537524102756,Jupiter,arrive,DACK,Relay B->Jupiter,100,,,,,,,,,
367.91537524102756,Jupiter,data acknowledged,,,,,,,,,,,2,LOCK JUP-1 (resub)
367.9156530158668,Jupiter,launch,DACK,Jupiter->Relay B,102,1,0.3493311636630665,2.5201238210634553,0.04915334588067133,368.26498417952985,False,,,DACK SETTLE JUP-1 (recorded answer)
367.9159307936446,Jupiter,launch,RCPT,Jupiter->Relay B,100,1,0.34933116660386077,2.5201238422787835,0.04915334628412171,368.26526196024844,False,,,receipt DACK LOCK JUP-1 (resub)
368.24669235058195,Ceres,arrive,DATA,Relay B->Ceres,101,,,,,,,,,
368.24669235058195,Ceres,deliver,,,,,,,,,,,13,LOCK JUP-1 (resub)
368.24669235058195,Ceres,enqueue,DATA,,103,,,,,,,1,,SETTLE JUP-1 (recorded answer)
368.24669235058195,Ceres,enqueue,DACK,,104,,,,,,,1,,DACK LOCK JUP-1 (resub)
368.24697012835975,Ceres,launch,RCPT,Ceres->Relay B,101,1,0.3393902044067545,2.4484083520992566,0.047788559077125536,368.5863603327665,False,,,receipt LOCK JUP-1 (resub)
368.24724790613755,Ceres,launch,DATA,Ceres->Relay B,103,1,0.3393902026959381,2.4484083397568726,0.047788558842074336,368.5866381088335,False,,,SETTLE JUP-1 (recorded answer)
368.24752568391534,Ceres,launch,DACK,Ceres->Relay B,104,1,0.3393902009850649,2.448408327414493,0.047788558607023246,368.5869158849004,False,,,DACK LOCK JUP-1 (resub)
368.2563840328901,Jupiter,receipt,,Relay B->Jupiter,101,,,,,,,,,
368.26470639881126,Relay B,receipt,,Jupiter->Relay B,99,,,,,,,,,
368.26498417952985,Relay B,arrive,DACK,Jupiter->Relay B,102,,,,,,,,,
368.26526195730764,Relay B,launch,RCPT,Relay B->Jupiter,102,1,0.34932865265903956,2.5201057063294,0.049153001393923534,368.6145906099667,False,,,receipt DACK SETTLE JUP-1 (recorded answer)
368.26526196024844,Relay B,receipt,,Jupiter->Relay B,100,,,,,,,,,
368.26553973508544,Relay B,launch,DACK,Relay B->Ceres,102,1,0.3393531959360985,2.448141367820388,0.0477834745538529,368.60489293102154,False,,,DACK SETTLE JUP-1 (recorded answer)
368.5863603327665,Relay B,receipt,,Ceres->Relay B,101,,,,,,,,,
368.5866381088335,Relay B,arrive,DATA,Ceres->Relay B,103,,,,,,,,,
368.5869158849004,Relay B,arrive,DACK,Ceres->Relay B,104,,,,,,,,,
368.5869158866113,Relay B,launch,RCPT,Relay B->Ceres,103,1,0.33935121665990664,2.448127089045238,0.04778320262410085,368.9262671032712,False,,,receipt SETTLE JUP-1 (recorded answer)
368.5871936643891,Relay B,launch,DATA,Relay B->Jupiter,103,1,0.3493320602297558,2.5201302890205937,0.0491534688813714,368.93652572461883,False,,,SETTLE JUP-1 (recorded answer)
368.5871936643891,Relay B,launch,RCPT,Relay B->Ceres,104,1,0.33935121494909026,2.4481270767032464,0.04778320238905587,368.92654487933817,False,,,receipt DACK LOCK JUP-1 (resub)
368.5874714421669,Relay B,launch,DACK,Relay B->Jupiter,104,1,0.3493320631702659,2.5201303102338732,0.049153469284782925,368.93680350533714,False,,,DACK LOCK JUP-1 (resub)
368.60489293102154,Ceres,arrive,DACK,Relay B->Ceres,102,,,,,,,,,
368.60489293102154,Ceres,data acknowledged,,,,,,,,,,,23,SETTLE JUP-1 (recorded answer)
368.60517070879933,Ceres,launch,RCPT,Ceres->Relay B,102,1,0.3393879981553596,2.448392435893382,0.047788255965210635,368.9445587069547,False,,,receipt DACK SETTLE JUP-1 (recorded answer)
368.6145906099667,Jupiter,receipt,,Relay B->Jupiter,102,,,,,,,,,
368.9262671032712,Ceres,receipt,,Relay B->Ceres,103,,,,,,,,,
368.92654487933817,Ceres,receipt,,Relay B->Ceres,104,,,,,,,,,
368.93579738250435,Jupiter,endpoint retry,DATA,,,,,,,,,3,,LOCK JUP-1 (resub)
368.93579738250435,Jupiter,enqueue,DATA,,105,,,,,,,3,,LOCK JUP-1 (resub)
368.93607516028214,Jupiter,launch,DATA,Jupiter->Relay B,105,1,0.34934197026092306,2.5202017813700555,0.04915482844544916,369.28541713054307,False,,,LOCK JUP-1 (resub)
368.93652572461883,Jupiter,arrive,DATA,Relay B->Jupiter,103,,,,,,,,,
368.93652572461883,Jupiter,deliver,,,,,,,,,,,24,SETTLE JUP-1 (recorded answer)
368.93652572461883,Jupiter,enqueue,DACK,,106,,,,,,,1,,DACK SETTLE JUP-1 (recorded answer)
368.93680350239663,Jupiter,launch,RCPT,Jupiter->Relay B,103,1,0.3493419779767919,2.520201837033564,0.049154829503996744,369.2861454803734,False,,,receipt SETTLE JUP-1 (recorded answer)
368.93680350533714,Jupiter,arrive,DACK,Relay B->Jupiter,104,,,,,,,,,
368.93680350533714,Jupiter,data acknowledged,,,,,,,,,,,13,LOCK JUP-1 (resub)
368.9370812801744,Jupiter,launch,DACK,Jupiter->Relay B,106,1,0.34934198091951885,2.5202018582627255,0.049154829907709696,369.28642326109394,False,,,DACK SETTLE JUP-1 (recorded answer)
368.9373590579522,Jupiter,launch,RCPT,Jupiter->Relay B,104,1,0.3493419838622458,2.520201879491887,0.04915483031142254,369.28670104181447,False,,,receipt DACK LOCK JUP-1 (resub)
368.9445587069547,Relay B,receipt,,Ceres->Relay B,102,,,,,,,,,
369.28541713054307,Relay B,arrive,DATA,Jupiter->Relay B,105,,,,,,,,,
369.28569490832086,Relay B,launch,RCPT,Relay B->Jupiter,105,1,0.34933945610845285,2.5201836439229814,0.04915448352730711,369.6350343644293,False,,,receipt LOCK JUP-1 (resub)
369.28597268609866,Relay B,launch,DATA,Relay B->Ceres,105,1,0.3393469110094429,2.4480960274814176,0.04778261107706072,369.6253195971081,False,,,LOCK JUP-1 (resub)
369.2861454803734,Relay B,receipt,,Jupiter->Relay B,103,,,,,,,,,
369.28642326109394,Relay B,arrive,DACK,Jupiter->Relay B,106,,,,,,,,,
369.28670103887174,Relay B,launch,RCPT,Relay B->Jupiter,106,1,0.3493394667639791,2.5201837207932556,0.04915448498914221,369.6360405056357,False,,,receipt DACK SETTLE JUP-1 (recorded answer)
369.28670104181447,Relay B,receipt,,Jupiter->Relay B,104,,,,,,,,,
369.28697881664954,Relay B,launch,DACK,Relay B->Ceres,106,1,0.339346904812146,2.448095982773112,0.04778261022562014,369.6263257214617,False,,,DACK SETTLE JUP-1 (recorded answer)
369.6253195971081,Ceres,arrive,DATA,Relay B->Ceres,105,,,,,,,,,
369.6253195971081,Ceres,deliver,,,,,,,,,,,3,LOCK JUP-1 (resub)
369.6253195971081,Ceres,enqueue,DATA,,107,,,,,,,1,,SETTLE JUP-1 (recorded answer)
369.6253195971081,Ceres,enqueue,DACK,,108,,,,,,,1,,DACK LOCK JUP-1 (resub)
369.6255973748859,Ceres,launch,RCPT,Ceres->Relay B,105,1,0.3393817124237444,2.448347089747364,0.04778739238216334,369.96497908730964,False,,,receipt LOCK JUP-1 (resub)
369.6258751526637,Ceres,launch,DATA,Ceres->Relay B,107,1,0.3393817107125301,2.4483470774024023,0.047787392147062735,369.9652568633762,False,,,SETTLE JUP-1 (recorded answer)
369.6261529304415,Ceres,launch,DACK,Ceres->Relay B,108,1,0.3393817090013158,2.448347065057445,0.04778739191196235,369.9655346394428,False,,,DACK LOCK JUP-1 (resub)
369.6263257214617,Ceres,arrive,DACK,Relay B->Ceres,106,,,,,,,,,
369.6263257214617,Ceres,data acknowledged,,,,,,,,,,,24,SETTLE JUP-1 (recorded answer)
369.6266034992395,Ceres,launch,RCPT,Ceres->Relay B,106,1,0.33938170622565167,2.448347045033334,0.04778739153061806,369.96598520546513,False,,,receipt DACK SETTLE JUP-1 (recorded answer)
369.6350343644293,Jupiter,receipt,,Relay B->Jupiter,105,,,,,,,,,
369.6360405056357,Jupiter,receipt,,Relay B->Jupiter,106,,,,,,,,,
369.9571968117215,Jupiter,endpoint retry,DATA,,,,,,,,,2,,LOCK JUP-1 (resub)
369.9571968117215,Jupiter,enqueue,DATA,,109,,,,,,,2,,LOCK JUP-1 (resub)
369.95747458949927,Jupiter,launch,DATA,Jupiter->Relay B,109,1,0.3493527942563901,2.5202798671857,0.04915631339470505,370.30682738375566,False,,,LOCK JUP-1 (resub)
369.96497908730964,Relay B,receipt,,Ceres->Relay B,105,,,,,,,,,
369.9652568633762,Relay B,arrive,DATA,Ceres->Relay B,107,,,,,,,,,
369.9655346394428,Relay B,arrive,DACK,Ceres->Relay B,108,,,,,,,,,
369.965534641154,Relay B,launch,RCPT,Relay B->Ceres,107,1,0.33934272499544704,2.4480658289917407,0.047782035966347225,370.30487736614947,False,,,receipt SETTLE JUP-1 (recorded answer)
369.9658124189318,Relay B,launch,DATA,Relay B->Jupiter,107,1,0.34934666050486385,2.5202356174454166,0.04915547190260905,370.3151590794367,False,,,SETTLE JUP-1 (recorded answer)
369.9658124189318,Relay B,launch,RCPT,Relay B->Ceres,108,1,0.3393427232842896,2.4480658166471674,0.047782035731252726,370.3051551422161,False,,,receipt DACK LOCK JUP-1 (resub)
369.96598520546513,Relay B,receipt,,Ceres->Relay B,106,,,,,,,,,
369.9660901967096,Relay B,launch,DACK,Relay B->Jupiter,108,1,0.3493466634479887,2.5202356386773705,0.04915547230637485,370.3154368601576,False,,,DACK LOCK JUP-1 (resub)
370.30487736614947,Ceres,receipt,,Relay B->Ceres,107,,,,,,,,,
370.3051551422161,Ceres,receipt,,Relay B->Ceres,108,,,,,,,,,
370.30682738375566,Relay B,arrive,DATA,Jupiter->Relay B,109,,,,,,,,,
370.30710516153346,Relay B,launch,RCPT,Relay B->Jupiter,109,1,0.3493502769525776,2.520261707004191,0.04915596804476363,370.65645543848603,False,,,receipt LOCK JUP-1 (resub)
370.30738293931125,Relay B,launch,DATA,Relay B->Ceres,109,1,0.3393406190912742,2.448050636704703,0.047781746638930644,370.6467235584025,False,,,LOCK JUP-1 (resub)
370.3151590794367,Jupiter,arrive,DATA,Relay B->Jupiter,107,,,,,,,,,
370.3151590794367,Jupiter,deliver,,,,,,,,,,,25,SETTLE JUP-1 (recorded answer)
370.3151590794367,Jupiter,enqueue,DACK,,110,,,,,,,1,,DACK SETTLE JUP-1 (recorded answer)
370.3154368572145,Jupiter,launch,RCPT,Jupiter->Relay B,107,1,0.34935658933017066,2.520307245378164,0.04915683404219162,370.66479344654465,False,,,receipt SETTLE JUP-1 (recorded answer)
370.3154368601576,Jupiter,arrive,DACK,Relay B->Jupiter,108,,,,,,,,,
370.3154368601576,Jupiter,data acknowledged,,,,,,,,,,,3,LOCK JUP-1 (resub)
370.3157146349923,Jupiter,launch,DACK,Jupiter->Relay B,110,1,0.34935659227545557,2.520307266625995,0.049156834446258735,370.66507122726773,False,,,DACK SETTLE JUP-1 (recorded answer)
370.3159924127701,Jupiter,launch,RCPT,Jupiter->Relay B,108,1,0.3493565952207973,2.5203072878738295,0.04915683485032596,370.66534900799087,False,,,receipt DACK LOCK JUP-1 (resub)
370.6467235584025,Ceres,arrive,DATA,Relay B->Ceres,109,,,,,,,,,
370.6467235584025,Ceres,deliver,,,,,,,,,,,14,LOCK JUP-1 (resub)
370.6467235584025,Ceres,enqueue,DATA,,111,,,,,,,1,,SETTLE JUP-1 (recorded answer)
370.6467235584025,Ceres,enqueue,DACK,,112,,,,,,,1,,DACK LOCK JUP-1 (resub)
370.6470013361803,Ceres,launch,RCPT,Ceres->Relay B,109,1,0.33937541969976337,2.4483016931572195,0.04778652783766135,370.9863767558801,False,,,receipt LOCK JUP-1 (resub)
370.6472791139581,Ceres,launch,DATA,Ceres->Relay B,111,1,0.33937541798826487,2.4483016808103537,0.04778652760252422,370.9866545319464,False,,,SETTLE JUP-1 (recorded answer)
370.6475568917359,Ceres,launch,DACK,Ceres->Relay B,112,1,0.3393754162768232,2.4483016684634817,0.04778652736738709,370.98693230801274,False,,,DACK LOCK JUP-1 (resub)
370.65645543848603,Jupiter,receipt,,Relay B->Jupiter,109,,,,,,,,,
370.66479344654465,Relay B,receipt,,Jupiter->Relay B,107,,,,,,,,,
370.66507122726773,Relay B,arrive,DACK,Jupiter->Relay B,110,,,,,,,,,
370.6653490050455,Relay B,launch,RCPT,Relay B->Jupiter,110,1,0.3493540738663796,2.5202890984708137,0.049156488944872234,371.0147030789119,False,,,receipt DACK SETTLE JUP-1 (recorded answer)
370.66534900799087,Relay B,receipt,,Jupiter->Relay B,108,,,,,,,,,
370.6656267828233,Relay B,launch,DACK,Relay B->Ceres,110,1,0.3393384120679457,2.4480347149298676,0.04778144341878987,371.00496519489127,False,,,DACK SETTLE JUP-1 (recorded answer)
370.9863767558801,Relay B,receipt,,Ceres->Relay B,109,,,,,,,,,
370.9866545319464,Relay B,arrive,DATA,Ceres->Relay B,111,,,,,,,,,
370.98693230801274,Relay B,arrive,DACK,Ceres->Relay B,112,,,,,,,,,
370.9869323097242,Relay B,launch,RCPT,Relay B->Ceres,111,1,0.3393364325077073,2.4480204341057927,0.047781171449437276,371.3262687422319,False,,,receipt SETTLE JUP-1 (recorded answer)
370.987210087502,Relay B,launch,DATA,Relay B->Jupiter,111,1,0.34935748591038873,2.5203137134330276,0.04915695704429901,371.33656757341237,False,,,SETTLE JUP-1 (recorded answer)
370.987210087502,Relay B,launch,RCPT,Relay B->Ceres,112,1,0.33933643079626563,2.4480204217593142,0.04778117121430625,371.32654651829824,False,,,receipt DACK LOCK JUP-1 (resub)
370.9874878652798,Relay B,launch,DACK,Relay B->Jupiter,112,1,0.3493574888553894,2.5203137346788145,0.049156957448327154,371.33684535413516,False,,,DACK LOCK JUP-1 (resub)
371.00496519489127,Ceres,arrive,DACK,Relay B->Ceres,110,,,,,,,,,
371.00496519489127,Ceres,data acknowledged,,,,,,,,,,,25,SETTLE JUP-1 (recorded answer)
371.00524297266907,Ceres,launch,RCPT,Ceres->Relay B,110,1,0.3393732123937525,2.4482857693432156,0.047786224580208536,371.3446161850628,False,,,receipt DACK SETTLE JUP-1 (recorded answer)
371.0147030789119,Jupiter,receipt,,Relay B->Jupiter,110,,,,,,,,,
371.3262687422319,Ceres,receipt,,Relay B->Ceres,111,,,,,,,,,
371.32654651829824,Ceres,receipt,,Relay B->Ceres,112,,,,,,,,,
371.3358378842287,Jupiter,endpoint retry,DATA,,,,,,,,,3,,LOCK JUP-1 (resub)
371.3358378842287,Jupiter,enqueue,DATA,,113,,,,,,,3,,LOCK JUP-1 (resub)
371.3361156620065,Jupiter,launch,DATA,Jupiter->Relay B,113,1,0.3493674152013,2.5203853447250957,0.04915831924563763,371.6854830772078,False,,,LOCK JUP-1 (resub)
371.33656757341237,Jupiter,arrive,DATA,Relay B->Jupiter,111,,,,,,,,,
371.33656757341237,Jupiter,deliver,,,,,,,,,,,26,SETTLE JUP-1 (recorded answer)
371.33656757341237,Jupiter,enqueue,DACK,,114,,,,,,,1,,DACK SETTLE JUP-1 (recorded answer)
371.33684535119016,Jupiter,launch,RCPT,Jupiter->Relay B,111,1,0.3493674229433168,2.5203854005769384,0.04915832030776279,371.6862127741335,False,,,receipt SETTLE JUP-1 (recorded answer)
371.33684535413516,Jupiter,arrive,DACK,Relay B->Jupiter,112,,,,,,,,,
371.33684535413516,Jupiter,data acknowledged,,,,,,,,,,,14,LOCK JUP-1 (resub)
371.33712312896796,Jupiter,launch,DACK,Jupiter->Relay B,114,1,0.3493674258905344,2.5203854218386015,0.04915832071209236,371.6864905548585,False,,,DACK SETTLE JUP-1 (recorded answer)
371.33740090674576,Jupiter,launch,RCPT,Jupiter->Relay B,112,1,0.34936742883775196,2.5203854431002686,0.04915832111642193,371.6867683355835,False,,,receipt DACK LOCK JUP-1 (resub)
371.3446161850628,Relay B,receipt,,Ceres->Relay B,110,,,,,,,,,
371.6854830772078,Relay B,arrive,DATA,Jupiter->Relay B,113,,,,,,,,,
371.6857608549856,Relay B,launch,RCPT,Relay B->Jupiter,113,1,0.3493648936439513,2.520367153858156,0.04915797331288474,372.0351257486295,False,,,receipt LOCK JUP-1 (resub)
371.68603863276337,Relay B,launch,DATA,Relay B->Ceres,113,1,0.3393321249878909,2.4479893590560393,0.04778057964430393,372.02537075775126,False,,,LOCK JUP-1 (resub)
371.6862127741335,Relay B,receipt,,Jupiter->Relay B,111,,,,,,,,,
371.6864905548585,Relay B,arrive,DACK,Jupiter->Relay B,114,,,,,,,,,
371.6867683326363,Relay B,launch,RCPT,Relay B->Jupiter,114,1,0.3493649043300593,2.5203672309492373,0.04915797477891359,372.03613323696635,False,,,receipt DACK SETTLE JUP-1 (recorded answer)
371.6867683355835,Relay B,receipt,,Jupiter->Relay B,112,,,,,,,,,
371.6870461104141,Relay B,launch,DACK,Relay B->Ceres,114,1,0.3393321187800211,2.4479893142716134,0.047780578791411954,372.0263782291941,False,,,DACK SETTLE JUP-1 (recorded answer)
372.02537075775126,Ceres,arrive,DATA,Relay B->Ceres,113,,,,,,,,,
372.02537075775126,Ceres,deliver,,,,,,,,,,,4,LOCK JUP-1 (resub)
372.02537075775126,Ceres,enqueue,DATA,,115,,,,,,,1,,SETTLE JUP-1 (recorded answer)
372.02537075775126,Ceres,enqueue,DACK,,116,,,,,,,1,,DACK LOCK JUP-1 (resub)
372.02564853552906,Ceres,launch,RCPT,Ceres->Relay B,113,1,0.3393669245085107,2.448240407660534,0.047785360699434176,372.36501546003757,False,,,receipt LOCK JUP-1 (resub)
372.02592631330685,Ceres,launch,DATA,Ceres->Relay B,115,1,0.33936692279667113,2.4482403953110867,0.04778536046424764,372.3652932361035,False,,,SETTLE JUP-1 (recorded answer)
372.02620409108465,Ceres,launch,DACK,Ceres->Relay B,116,1,0.3393669210848316,2.448240382961645,0.047785360229061324,372.3655710121695,False,,,DACK LOCK JUP-1 (resub)
372.0263782291941,Ceres,arrive,DACK,Relay B->Ceres,114,,,,,,,,,
372.0263782291941,Ceres,data acknowledged,,,,,,,,,,,26,SETTLE JUP-1 (recorded answer)
372.0266560069719,Ceres,launch,RCPT,Ceres->Relay B,114,1,0.3393669182998451,2.4482403628703677,0.04778535984643717,372.36602292527175,False,,,receipt DACK SETTLE JUP-1 (recorded answer)
372.0351257486295,Jupiter,receipt,,Relay B->Jupiter,113,,,,,,,,,
372.03613323696635,Jupiter,receipt,,Relay B->Jupiter,114,,,,,,,,,
372.3572174472679,Jupiter,endpoint retry,DATA,,,,,,,,,2,,LOCK JUP-1 (resub)
372.3572174472679,Jupiter,enqueue,DATA,,117,,,,,,,2,,LOCK JUP-1 (resub)
372.3574952250457,Jupiter,launch,DATA,Jupiter->Relay B,117,1,0.34937825555221025,2.5204635485308575,0.04915980643323681,372.7068734805979,False,,,LOCK JUP-1 (resub)
372.36501546003757,Relay B,receipt,,Ceres->Relay B,113,,,,,,,,,
372.3652932361035,Relay B,arrive,DATA,Ceres->Relay B,115,,,,,,,,,
372.3655710121695,Relay B,arrive,DACK,Ceres->Relay B,116,,,,,,,,,
372.3655710138813,Relay B,launch,RCPT,Relay B->Ceres,115,1,0.3393279376355167,2.447959150911188,0.047780004348486504,372.70489895151684,False,,,receipt SETTLE JUP-1 (recorded answer)
372.3658487916591,Relay B,launch,DATA,Relay B->Jupiter,115,1,0.34937210875756364,2.520419204695707,0.04915896315484691,372.7152209004167,False,,,SETTLE JUP-1 (recorded answer)
372.3658487916591,Relay B,launch,RCPT,Relay B->Ceres,116,1,0.339327935923734,2.447959138562133,0.047780004113306185,372.70517672758285,False,,,receipt DACK LOCK JUP-1 (resub)
372.36602292527175,Relay B,receipt,,Ceres->Relay B,114,,,,,,,,,
372.3661265694369,Relay B,launch,DACK,Relay B->Jupiter,116,1,0.3493721117051791,2.5204192259601608,0.04915896355922922,372.7154986811421,False,,,DACK LOCK JUP-1 (resub)
372.70489895151684,Ceres,receipt,,Relay B->Ceres,115,,,,,,,,,
372.70517672758285,Ceres,receipt,,Relay B->Ceres,116,,,,,,,,,
372.7068734805979,Relay B,arrive,DATA,Jupiter->Relay B,117,,,,,,,,,
372.7071512583757,Relay B,launch,RCPT,Relay B->Jupiter,117,1,0.34937573084363294,2.520445334930716,0.04915946006871208,373.0565269892193,False,,,receipt LOCK JUP-1 (resub)
372.7074290361535,Relay B,launch,DATA,Relay B->Ceres,117,1,0.33932583090648905,2.4479439526735964,0.047779714907127846,373.04675486706,False,,,LOCK JUP-1 (resub)
372.7152209004167,Jupiter,arrive,DATA,Relay B->Jupiter,115,,,,,,,,,
372.7152209004167,Jupiter,deliver,,,,,,,,,,,27,SETTLE JUP-1 (recorded answer)
372.7152209004167,Jupiter,enqueue,DACK,,118,,,,,,,1,,DACK SETTLE JUP-1 (recorded answer)
372.7154986781945,Jupiter,launch,RCPT,Jupiter->Relay B,115,1,0.3493820568688193,2.5204909717600534,0.049160327935264925,373.0648807350633,False,,,receipt SETTLE JUP-1 (recorded answer)
372.7154986811421,Jupiter,arrive,DACK,Relay B->Jupiter,116,,,,,,,,,
372.7154986811421,Jupiter,data acknowledged,,,,,,,,,,,4,LOCK JUP-1 (resub)
372.7157764559723,Jupiter,launch,DACK,Jupiter->Relay B,118,1,0.3493820598185948,2.5204909930403847,0.049160328339948656,373.06515851579087,False,,,DACK SETTLE JUP-1 (recorded answer)
372.71605423375007,Jupiter,launch,RCPT,Jupiter->Relay B,116,1,0.3493820627684272,2.52049101432072,0.04916032874463239,373.0654362965185,False,,,receipt DACK LOCK JUP-1 (resub)
373.04675486706,Ceres,arrive,DATA,Relay B->Ceres,117,,,,,,,,,
373.04675486706,Ceres,deliver,,,,,,,,,,,15,LOCK JUP-1 (resub)
373.04675486706,Ceres,enqueue,DATA,,119,,,,,,,1,,SETTLE JUP-1 (recorded answer)
373.04675486706,Ceres,enqueue,DACK,,120,,,,,,,1,,DACK LOCK JUP-1 (resub)
373.04703264483777,Ceres,launch,RCPT,Ceres->Relay B,117,1,0.3393606296210123,2.4481949954628304,0.047784495855852316,373.3863932744588,False,,,receipt LOCK JUP-1 (resub)
373.04731042261557,Ceres,launch,DATA,Ceres->Relay B,119,1,0.3393606279089454,2.4481949831114784,0.047784495620629364,373.3866710505245,False,,,SETTLE JUP-1 (recorded answer)
373.04758820039336,Ceres,launch,DACK,Ceres->Relay B,120,1,0.3393606261968216,2.4481949707601247,0.0477844953854063,373.3869488265902,False,,,DACK LOCK JUP-1 (resub)
373.0565269892193,Jupiter,receipt,,Relay B->Jupiter,117,,,,,,,,,
373.0648807350633,Relay B,receipt,,Jupiter->Relay B,115,,,,,,,,,
373.06515851579087,Relay B,arrive,DACK,Jupiter->Relay B,118,,,,,,,,,
373.06543629356867,Relay B,launch,RCPT,Relay B->Jupiter,118,1,0.34937953400469723,2.5204727714659323,0.04915998182396808,373.41481582757336,False,,,receipt DACK SETTLE JUP-1 (recorded answer)
373.0654362965185,Relay B,receipt,,Jupiter->Relay B,116,,,,,,,,,
373.06571407134646,Relay B,launch,DACK,Relay B->Ceres,118,1,0.3393236228276919,2.447928023284439,0.04777941154132981,373.40503769417415,False,,,DACK SETTLE JUP-1 (recorded answer)
373.3863932744588,Relay B,receipt,,Ceres->Relay B,117,,,,,,,,,
373.3866710505245,Relay B,arrive,DATA,Ceres->Relay B,119,,,,,,,,,
373.3869488265902,Relay B,arrive,DACK,Ceres->Relay B,120,,,,,,,,,
373.3869488283023,Relay B,launch,RCPT,Relay B->Ceres,119,1,0.3393216429846575,2.447913740420361,0.0477791395325462,373.72627047128697,False,,,receipt SETTLE JUP-1 (recorded answer)
373.3872266060801,Relay B,launch,DATA,Relay B->Jupiter,119,1,0.34938295051711066,2.5204974186637514,0.04916045053469298,373.7366095565972,False,,,SETTLE JUP-1 (recorded answer)
373.3872266060801,Relay B,launch,RCPT,Relay B->Ceres,120,1,0.33932164127259057,2.4479137280693983,0.047779139297329354,373.7265482473527,False,,,receipt DACK LOCK JUP-1 (resub)
373.3875043838579,Relay B,launch,DACK,Relay B->Jupiter,120,1,0.3493829534666588,2.5204974399420346,0.04916045093933763,373.73688733732456,False,,,DACK LOCK JUP-1 (resub)
373.40503769417415,Ceres,arrive,DACK,Relay B->Ceres,118,,,,,,,,,
373.40503769417415,Ceres,data acknowledged,,,,,,,,,,,27,SETTLE JUP-1 (recorded answer)
373.40531547195195,Ceres,launch,RCPT,Ceres->Relay B,118,1,0.3393584212594192,2.4481790640335914,0.04778419245272547,373.74467389321137,False,,,receipt DACK SETTLE JUP-1 (recorded answer)
373.41481582757336,Jupiter,receipt,,Relay B->Jupiter,118,,,,,,,,,
373.72627047128697,Ceres,receipt,,Relay B->Ceres,119,,,,,,,,,
373.7265482473527,Ceres,receipt,,Relay B->Ceres,120,,,,,,,,,
373.73587852065634,Jupiter,endpoint retry,DATA,,,,,,,,,3,,LOCK JUP-1 (resub)
373.73587852065634,Jupiter,enqueue,DATA,,121,,,,,,,3,,LOCK JUP-1 (resub)
373.73615629843414,Jupiter,launch,DATA,Jupiter->Relay B,121,1,0.34939289906765225,2.5205691888972925,0.04916181537324393,374.0855491975018,False,,,LOCK JUP-1 (resub)
373.7366095565972,Jupiter,arrive,DATA,Relay B->Jupiter,119,,,,,,,,,
373.7366095565972,Jupiter,deliver,,,,,,,,,,,28,SETTLE JUP-1 (recorded answer)
373.7366095565972,Jupiter,enqueue,DACK,,122,,,,,,,1,,DACK SETTLE JUP-1 (recorded answer)
373.736887334375,Jupiter,launch,RCPT,Jupiter->Relay B,119,1,0.3493929068357602,2.5205692449377417,0.0491618164389519,374.0862802412108,False,,,receipt SETTLE JUP-1 (recorded answer)
373.73688733732456,Jupiter,arrive,DACK,Relay B->Jupiter,120,,,,,,,,,
373.73688733732456,Jupiter,data acknowledged,,,,,,,,,,,15,LOCK JUP-1 (resub)
373.7371651121528,Jupiter,launch,DACK,Jupiter->Relay B,122,1,0.34939290978752524,2.5205692662319015,0.049161816843897976,374.08655802194033,False,,,DACK SETTLE JUP-1 (recorded answer)
373.7374428899306,Jupiter,launch,RCPT,Jupiter->Relay B,120,1,0.34939291273923345,2.520569287526065,0.04916181724884405,374.08683580266984,False,,,receipt DACK LOCK JUP-1 (resub)
373.74467389321137,Relay B,receipt,,Ceres->Relay B,118,,,,,,,,,
374.0855491975018,Relay B,arrive,DATA,Jupiter->Relay B,121,,,,,,,,,
374.0858269752796,Relay B,launch,RCPT,Relay B->Jupiter,121,1,0.3493903701057093,2.520550944612345,0.04916146842592506,374.4352173453853,False,,,receipt LOCK JUP-1 (resub)
374.0861047530574,Relay B,launch,DATA,Relay B->Ceres,121,1,0.3393173335948063,2.447882651879989,0.04777854746922894,374.4254220866522,False,,,LOCK JUP-1 (resub)
374.0862802412108,Relay B,receipt,,Jupiter->Relay B,119,,,,,,,,,
374.08655802194033,Relay B,arrive,DACK,Jupiter->Relay B,122,,,,,,,,,
374.08683579971813,Relay B,launch,RCPT,Relay B->Jupiter,122,1,0.3493903808224559,2.520551021924501,0.049161469896152665,374.4362261805406,False,,,receipt DACK SETTLE JUP-1 (recorded answer)
374.08683580266984,Relay B,receipt,,Jupiter->Relay B,120,,,,,,,,,
374.0871135774959,Relay B,launch,DACK,Relay B->Ceres,122,1,0.3393173273764205,2.447882607019409,0.04777854661488479,374.42643090487235,False,,,DACK SETTLE JUP-1 (recorded answer)
374.4254220866522,Ceres,arrive,DATA,Relay B->Ceres,121,,,,,,,,,
374.4254220866522,Ceres,deliver,,,,,,,,,,,5,LOCK JUP-1 (resub)
374.4254220866522,Ceres,enqueue,DATA,,123,,,,,,,1,,SETTLE JUP-1 (recorded answer)
374.4254220866522,Ceres,enqueue,DACK,,124,,,,,,,1,,DACK LOCK JUP-1 (resub)
374.42569986443,Ceres,launch,RCPT,Ceres->Relay B,121,1,0.3393521312211192,2.4481336868184593,0.04778332827430232,374.7650519956511,False,,,receipt LOCK JUP-1 (resub)
374.4259776422078,Ceres,launch,DATA,Ceres->Relay B,123,1,0.33935212950865434,2.4481336744645357,0.04778332803903007,374.76532977171644,False,,,SETTLE JUP-1 (recorded answer)
374.4262554199856,Ceres,launch,DACK,Ceres->Relay B,124,1,0.3393521277961895,2.4481336621106067,0.047783327803757714,374.76560754778177,False,,,DACK LOCK JUP-1 (resub)
374.42643090487235,Ceres,arrive,DACK,Relay B->Ceres,122,,,,,,,,,
374.42643090487235,Ceres,data acknowledged,,,,,,,,,,,28,SETTLE JUP-1 (recorded answer)
374.42670868265014,Ceres,launch,RCPT,Ceres->Relay B,122,1,0.3393521250018807,2.4481336419521362,0.04778332741985314,374.766060807652,False,,,receipt DACK SETTLE JUP-1 (recorded answer)
374.4352173453853,Jupiter,receipt,,Relay B->Jupiter,121,,,,,,,,,
374.4362261805406,Jupiter,receipt,,Relay B->Jupiter,122,,,,,,,,,
374.7572381500778,Jupiter,endpoint retry,DATA,,,,,,,,,2,,LOCK JUP-1 (resub)
374.7572381500778,Jupiter,enqueue,DATA,,125,,,,,,,2,,LOCK JUP-1 (resub)
374.7575159278556,Jupiter,launch,DATA,Jupiter->Relay B,125,1,0.3494037557691172,2.5206475106587027,0.04916330479850617,375.1069196836247,False,,,LOCK JUP-1 (resub)
374.7650519956511,Relay B,receipt,,Ceres->Relay B,121,,,,,,,,,
374.76532977171644,Relay B,arrive,DATA,Ceres->Relay B,123,,,,,,,,,
374.76560754778177,Relay B,arrive,DACK,Ceres->Relay B,124,,,,,,,,,
374.76560754949423,Relay B,launch,RCPT,Relay B->Ceres,123,1,0.33931314490433806,2.4478524340817662,0.04777797198834066,375.1049206943986,False,,,receipt SETTLE JUP-1 (recorded answer)
374.76588532727203,Relay B,launch,DATA,Relay B->Jupiter,123,1,0.34939759593311237,2.520603072740857,0.04916245973407163,375.11528292320514,False,,,SETTLE JUP-1 (recorded answer)
374.76588532727203,Relay B,launch,RCPT,Relay B->Ceres,124,1,0.33931314319193007,2.4478524217282236,0.04777797175307441,375.10519847046396,False,,,receipt DACK LOCK JUP-1 (resub)
374.766060807652,Relay B,receipt,,Ceres->Relay B,122,,,,,,,,,
374.7661631050498,Relay B,launch,DACK,Relay B->Jupiter,124,1,0.3493975988852185,2.5206030940378046,0.04916246013907044,375.11556070393505,False,,,DACK LOCK JUP-1 (resub)
375.1049206943986,Ceres,receipt,,Relay B->Ceres,123,,,,,,,,,
375.10519847046396,Ceres,receipt,,Relay B->Ceres,124,,,,,,,,,
375.1069196836247,Relay B,arrive,DATA,Jupiter->Relay B,125,,,,,,,,,
375.1071974614025,Relay B,launch,RCPT,Relay B->Jupiter,125,1,0.349401223656173,2.5206292436417894,0.049162957419442765,375.4565986850587,False,,,receipt LOCK JUP-1 (resub)
375.1074752391803,Relay B,launch,DATA,Relay B->Ceres,125,1,0.3393110373507966,2.4478372298960163,0.04777768243308489,375.4467862765311,False,,,LOCK JUP-1 (resub)
375.11528292320514,Jupiter,arrive,DATA,Relay B->Jupiter,123,,,,,,,,,
375.11528292320514,Jupiter,deliver,,,,,,,,,,,29,SETTLE JUP-1 (recorded answer)
375.11528292320514,Jupiter,enqueue,DACK,,126,,,,,,,1,,DACK SETTLE JUP-1 (recorded answer)
375.11556070098294,Jupiter,launch,RCPT,Jupiter->Relay B,123,1,0.34940756333014633,2.5206749789359453,0.04916382715528178,375.4649682643131,False,,,receipt SETTLE JUP-1 (recorded answer)
375.11556070393505,Jupiter,arrive,DACK,Relay B->Jupiter,124,,,,,,,,,
375.11556070393505,Jupiter,data acknowledged,,,,,,,,,,,5,LOCK JUP-1 (resub)
375.11583847876074,Jupiter,launch,DACK,Jupiter->Relay B,126,1,0.34940756628446934,2.5206750002487683,0.049163827560581796,375.4652460450452,False,,,DACK SETTLE JUP-1 (recorded answer)
375.11611625653853,Jupiter,launch,RCPT,Jupiter->Relay B,124,1,0.34940756923879235,2.5206750215615985,0.049163827965882034,375.4655238257773,False,,,receipt DACK LOCK JUP-1 (resub)
375.4467862765311,Ceres,arrive,DATA,Relay B->Ceres,125,,,,,,,,,
375.4467862765311,Ceres,deliver,,,,,,,,,,,16,LOCK JUP-1 (resub)
375.4467862765311,Ceres,enqueue,DATA,,127,,,,,,,1,,SETTLE JUP-1 (recorded answer)
375.4467862765311,Ceres,enqueue,DACK,,128,,,,,,,1,,DACK LOCK JUP-1 (resub)
375.4470640543089,Ceres,launch,RCPT,Ceres->Relay B,125,1,0.3393458341707287,2.4480882590174073,0.047782463131718855,375.7864098884796,False,,,receipt LOCK JUP-1 (resub)
375.4473418320867,Ceres,launch,DATA,Ceres->Relay B,127,1,0.3393458324580365,2.44808824666157,0.04778246289640997,375.78668766454473,False,,,SETTLE JUP-1 (recorded answer)
375.4476196098645,Ceres,launch,DACK,Ceres->Relay B,128,1,0.33934583074528746,2.4480882343057364,0.0477824626611012,375.7869654406098,False,,,DACK LOCK JUP-1 (resub)
375.4565986850587,Jupiter,receipt,,Relay B->Jupiter,125,,,,,,,,,
375.4649682643131,Relay B,receipt,,Jupiter->Relay B,123,,,,,,,,,
375.4652460450452,Relay B,arrive,DACK,Jupiter->Relay B,126,,,,,,,,,
375.465523822823,Relay B,launch,RCPT,Relay B->Jupiter,126,1,0.3494050330660343,2.5206567252569037,0.049163480030052,375.81492885588904,False,,,receipt DACK SETTLE JUP-1 (recorded answer)
375.4655238257773,Relay B,receipt,,Jupiter->Relay B,124,,,,,,,,,
375.4658016006008,Relay B,launch,DACK,Relay B->Ceres,126,1,0.3393088282155077,2.4478212928854157,0.04777737892149314,375.8051104288163,False,,,DACK SETTLE JUP-1 (recorded answer)
375.7864098884796,Relay B,receipt,,Ceres->Relay B,125,,,,,,,,,
375.78668766454473,Relay B,arrive,DATA,Ceres->Relay B,127,,,,,,,,,
375.7869654406098,Relay B,arrive,DACK,Ceres->Relay B,128,,,,,,,,,
375.7869654423225,Relay B,launch,RCPT,Relay B->Ceres,127,1,0.33930684809098466,2.447807007990259,0.04777710687344816,376.1262722904135,False,,,receipt SETTLE JUP-1 (recorded answer)
375.7872432201003,Relay B,launch,DATA,Relay B->Jupiter,127,1,0.3494084540419067,2.520681404654852,0.04916394935139334,376.13665167414223,False,,,SETTLE JUP-1 (recorded answer)
375.7872432201003,Relay B,launch,RCPT,Relay B->Ceres,128,1,0.33930684637829245,2.447806995634814,0.047777106638145383,376.1265500664786,False,,,receipt DACK LOCK JUP-1 (resub)
375.7875209978781,Relay B,launch,DACK,Relay B->Jupiter,128,1,0.34940845699594547,2.520681425965626,0.04916394975665439,376.13692945487406,False,,,DACK LOCK JUP-1 (resub)
375.8051104288163,Ceres,arrive,DACK,Relay B->Ceres,126,,,,,,,,,
375.8051104288163,Ceres,data acknowledged,,,,,,,,,,,29,SETTLE JUP-1 (recorded answer)
375.8053882065941,Ceres,launch,RCPT,Ceres->Relay B,126,1,0.3393436247525301,2.448072319965808,0.047782159582781425,376.14473183134663,False,,,receipt DACK SETTLE JUP-1 (recorded answer)
375.81492885588904,Jupiter,receipt,,Relay B->Jupiter,126,,,,,,,,,
376.1262722904135,Ceres,receipt,,Relay B->Ceres,127,,,,,,,,,
376.1265500664786,Ceres,receipt,,Relay B->Ceres,128,,,,,,,,,
376.1359192917565,Jupiter,endpoint retry,DATA,,,,,,,,,3,,LOCK JUP-1 (resub)
376.1359192917565,Jupiter,enqueue,DATA,,129,,,,,,,3,,LOCK JUP-1 (resub)
376.1361970695343,Jupiter,launch,DATA,Jupiter->Relay B,129,1,0.3494184218519081,2.52075331382873,0.04916531682710801,376.4856154913862,False,,,LOCK JUP-1 (resub)
376.13665167414223,Jupiter,arrive,DATA,Relay B->Jupiter,127,,,,,,,,,
376.13665167414223,Jupiter,deliver,,,,,,,,,,,30,SETTLE JUP-1 (recorded answer)
376.13665167414223,Jupiter,enqueue,DACK,,130,,,,,,,1,,DACK SETTLE JUP-1 (recorded answer)
376.13692945192,Jupiter,launch,RCPT,Jupiter->Relay B,127,1,0.34941842964622083,2.520753370058059,0.04916531789640388,376.48634788156625,False,,,receipt SETTLE JUP-1 (recorded answer)
376.13692945487406,Jupiter,arrive,DACK,Relay B->Jupiter,128,,,,,,,,,
376.13692945487406,Jupiter,data acknowledged,,,,,,,,,,,16,LOCK JUP-1 (resub)
376.1372072296978,Jupiter,launch,DACK,Jupiter->Relay B,130,1,0.34941843260241967,2.5207533913847087,0.04916531830196624,376.48662566230024,False,,,DACK SETTLE JUP-1 (recorded answer)
376.1374850074756,Jupiter,launch,RCPT,Jupiter->Relay B,128,1,0.34941843555867536,2.520753412711363,0.049165318707528716,376.4869034430343,False,,,receipt DACK LOCK JUP-1 (resub)
376.14473183134663,Relay B,receipt,,Ceres->Relay B,126,,,,,,,,,
376.4856154913862,Relay B,arrive,DATA,Jupiter->Relay B,129,,,,,,,,,
376.485893269164,Relay B,launch,RCPT,Relay B->Jupiter,129,1,0.34941588548554137,2.520735016127636,0.04916496886526789,376.83530915464956,False,,,receipt LOCK JUP-1 (resub)
376.4861710469418,Relay B,launch,DATA,Relay B->Ceres,129,1,0.3393025368304734,2.447775905954571,0.04777651455185583,376.8254735837723,False,,,LOCK JUP-1 (resub)
376.48634788156625,Relay B,receipt,,Jupiter->Relay B,127,,,,,,,,,
376.48662566230024,Relay B,arrive,DACK,Jupiter->Relay B,130,,,,,,,,,
376.48690344007804,Relay B,launch,RCPT,Relay B->Jupiter,130,1,0.3494158962329834,2.5207350936611315,0.04916497033969913,376.836319336311,False,,,receipt DACK SETTLE JUP-1 (recorded answer)
376.4869034430343,Relay B,receipt,,Jupiter->Relay B,128,,,,,,,,,
376.48718121785583,Relay B,launch,DACK,Relay B->Ceres,130,1,0.3393025306014579,2.44777586101781,0.04777651369605895,376.8264837484573,False,,,DACK SETTLE JUP-1 (recorded answer)
376.8254735837723,Ceres,arrive,DATA,Relay B->Ceres,129,,,,,,,,,
376.8254735837723,Ceres,deliver,,,,,,,,,,,6,LOCK JUP-1 (resub)
376.8254735837723,Ceres,enqueue,DATA,,131,,,,,,,1,,SETTLE JUP-1 (recorded answer)
376.8254735837723,Ceres,enqueue,DACK,,132,,,,,,,1,,DACK LOCK JUP-1 (resub)
376.8257513615501,Ceres,launch,RCPT,Ceres->Relay B,129,1,0.3393373325617972,2.4480269272224704,0.04778129510678841,377.1650886941119,False,,,receipt LOCK JUP-1 (resub)
376.8260291393279,Ceres,launch,DATA,Ceres->Relay B,131,1,0.3393373308487071,2.4480269148640574,0.047781294871430124,377.1653664701766,False,,,SETTLE JUP-1 (recorded answer)
376.8263069171057,Ceres,launch,DACK,Ceres->Relay B,132,1,0.339337329135617,2.448026902505647,0.04778129463607195,377.1656442462413,False,,,DACK LOCK JUP-1 (resub)
376.8264837484573,Ceres,arrive,DACK,Relay B->Ceres,130,,,,,,,,,
376.8264837484573,Ceres,data acknowledged,,,,,,,,,,,30,SETTLE JUP-1 (recorded answer)
376.8267615262351,Ceres,launch,RCPT,Ceres->Relay B,130,1,0.3393373263319859,2.448026882279954,0.047781294250886286,377.1660988525671,False,,,receipt DACK SETTLE JUP-1 (recorded answer)
376.83530915464956,Jupiter,receipt,,Relay B->Jupiter,129,,,,,,,,,
376.836319336311,Jupiter,receipt,,Relay B->Jupiter,130,,,,,,,,,
377.1572589201354,Jupiter,endpoint retry,DATA,,,,,,,,,2,,LOCK JUP-1 (resub)
377.1572589201354,Jupiter,enqueue,DATA,,133,,,,,,,2,,LOCK JUP-1 (resub)
377.1575366979132,Jupiter,launch,DATA,Jupiter->Relay B,133,1,0.3494292948992097,2.520831753511255,0.04916680848935151,377.5069659928124,False,,,LOCK JUP-1 (resub)
377.1650886941119,Relay B,receipt,,Ceres->Relay B,129,,,,,,,,,
377.1653664701766,Relay B,arrive,DATA,Ceres->Relay B,131,,,,,,,,,
377.1656442462413,Relay B,arrive,DACK,Ceres->Relay B,132,,,,,,,,,
377.1656442479544,Relay B,launch,RCPT,Relay B->Ceres,131,1,0.33929834680213844,2.447745678504785,0.0477759388859299,377.5049425947565,False,,,receipt SETTLE JUP-1 (recorded answer)
377.1659220257322,Relay B,launch,DATA,Relay B->Jupiter,131,1,0.3494231220234383,2.520787221522923,0.04916596163912257,377.5153451477556,False,,,SETTLE JUP-1 (recorded answer)
377.1659220257322,Relay B,launch,RCPT,Relay B->Ceres,132,1,0.33929834508910517,2.4477456661467603,0.04777593865057772,377.5052203708213,False,,,receipt DACK LOCK JUP-1 (resub)
377.1660988525671,Relay B,receipt,,Ceres->Relay B,130,,,,,,,,,
377.16619980351,Relay B,launch,DACK,Relay B->Jupiter,132,1,0.349423124980035,2.520787242852359,0.049165962044737666,377.51562292849,False,,,DACK LOCK JUP-1 (resub)
377.5049425947565,Ceres,receipt,,Relay B->Ceres,131,,,,,,,,,
377.5052203708213,Ceres,receipt,,Relay B->Ceres,132,,,,,,,,,
377.5069659928124,Relay B,arrive,DATA,Jupiter->Relay B,133,,,,,,,,,
377.5072437705902,Relay B,launch,RCPT,Relay B->Jupiter,133,1,0.3494267553820123,2.520813433079433,0.049166460095794506,377.8566705259722,False,,,receipt LOCK JUP-1 (resub)
377.507521548368,Relay B,launch,DATA,Relay B->Ceres,133,1,0.33929623842442425,2.447730468373277,0.04777564921682198,377.8468177867924,False,,,LOCK JUP-1 (resub)
377.5153451477556,Jupiter,arrive,DATA,Relay B->Jupiter,131,,,,,,,,,
377.5153451477556,Jupiter,deliver,,,,,,,,,,,31,SETTLE JUP-1 (recorded answer)
377.5153451477556,Jupiter,enqueue,DACK,,134,,,,,,,1,,DACK SETTLE JUP-1 (recorded answer)
377.5156229255334,Jupiter,launch,RCPT,Jupiter->Relay B,131,1,0.34943310870625055,2.520859266847888,0.04916733170108123,377.8650560342397,False,,,receipt SETTLE JUP-1 (recorded answer)
377.51562292849,Jupiter,arrive,DACK,Relay B->Jupiter,132,,,,,,,,,
377.51562292849,Jupiter,data acknowledged,,,,,,,,,,,6,LOCK JUP-1 (resub)
377.5159007033112,Jupiter,launch,DACK,Jupiter->Relay B,134,1,0.3494331116650642,2.5208592881931993,0.04916733210699753,377.8653338149763,False,,,DACK SETTLE JUP-1 (recorded answer)
377.516178481089,Jupiter,launch,RCPT,Jupiter->Relay B,132,1,0.3494331146238778,2.520859309538514,0.04916733251291405,377.8656115957129,False,,,receipt DACK LOCK JUP-1 (resub)
377.8468177867924,Ceres,arrive,DATA,Relay B->Ceres,133,,,,,,,,,
377.8468177867924,Ceres,deliver,,,,,,,,,,,17,LOCK JUP-1 (resub)
377.8468177867924,Ceres,enqueue,DATA,,135,,,,,,,1,,SETTLE JUP-1 (recorded answer)
377.8468177867924,Ceres,enqueue,DACK,,136,,,,,,,1,,DACK LOCK JUP-1 (resub)
377.8470955645702,Ceres,launch,RCPT,Ceres->Relay B,133,1,0.33933103334913994,2.4479814838222667,0.04778042966528129,378.18642659791936,False,,,receipt LOCK JUP-1 (resub)
377.847373342348,Ceres,launch,DATA,Ceres->Relay B,135,1,0.3393310316357656,2.4479814714619454,0.047780429429886584,378.1867043739838,False,,,SETTLE JUP-1 (recorded answer)
377.8476511201258,Ceres,launch,DACK,Ceres->Relay B,136,1,0.3393310299224481,2.447981459101622,0.04778042919449166,378.18698215004827,False,,,DACK LOCK JUP-1 (resub)
377.8566705259722,Jupiter,receipt,,Relay B->Jupiter,133,,,,,,,,,
377.8650560342397,Relay B,receipt,,Jupiter->Relay B,131,,,,,,,,,
377.8653338149763,Relay B,arrive,DACK,Jupiter->Relay B,134,,,,,,,,,
377.8656115927541,Relay B,launch,RCPT,Relay B->Jupiter,134,1,0.3494305710423191,2.5208409597857817,0.04916698356196325,378.2150421637964,False,,,receipt DACK SETTLE JUP-1 (recorded answer)
377.8656115957129,Relay B,receipt,,Jupiter->Relay B,132,,,,,,,,,
377.8658893705319,Relay B,launch,DACK,Relay B->Ceres,134,1,0.3392940282316772,2.4477145237341142,0.047775345559300075,378.20518339876355,False,,,DACK SETTLE JUP-1 (recorded answer)
378.18642659791936,Relay B,receipt,,Ceres->Relay B,133,,,,,,,,,
378.1867043739838,Relay B,arrive,DATA,Ceres->Relay B,135,,,,,,,,,
378.18698215004827,Relay B,arrive,DACK,Ceres->Relay B,136,,,,,,,,,
378.1869821517616,Relay B,launch,RCPT,Relay B->Ceres,135,1,0.33929204782680245,2.447700236816806,0.047775073472163254,378.5262741995884,False,,,receipt SETTLE JUP-1 (recorded answer)
378.1872599295394,Relay B,launch,DATA,Relay B->Jupiter,135,1,0.3494339964767619,2.520865671348328,0.049167453493238256,378.53669392601614,False,,,SETTLE JUP-1 (recorded answer)
378.1872599295394,Relay B,launch,RCPT,Relay B->Ceres,136,1,0.3392920461135418,2.447700224456876,0.047775073236774546,378.5265519756529,False,,,receipt DACK LOCK JUP-1 (resub)
378.1875377073172,Relay B,launch,DACK,Relay B->Jupiter,136,1,0.3494339994352913,2.5208656926915864,0.049167453899115476,378.53697170675247,False,,,DACK LOCK JUP-1 (resub)
378.20518339876355,Ceres,arrive,DACK,Relay B->Ceres,134,,,,,,,,,
378.20518339876355,Ceres,data acknowledged,,,,,,,,,,,31,SETTLE JUP-1 (recorded answer)
378.20546117654135,Ceres,launch,RCPT,Ceres->Relay B,134,1,0.3393288228733695,2.4479655371411924,0.047780125970396936,378.5447899994147,False,,,receipt DACK SETTLE JUP-1 (recorded answer)
378.2150421637964,Jupiter,receipt,,Relay B->Jupiter,134,,,,,,,,,
378.5262741995884,Ceres,receipt,,Relay B->Ceres,135,,,,,,,,,
378.5265519756529,Ceres,receipt,,Relay B->Ceres,136,,,,,,,,,
378.53669392601614,Jupiter,arrive,DATA,Relay B->Jupiter,135,,,,,,,,,
378.53669392601614,Jupiter,deliver,,,,,,,,,,,32,SETTLE JUP-1 (recorded answer)
378.53669392601614,Jupiter,enqueue,DACK,,137,,,,,,,1,,DACK SETTLE JUP-1 (recorded answer)
378.53697170379394,Jupiter,launch,RCPT,Jupiter->Relay B,135,1,0.3494439913665701,2.5209377758798786,0.04916882467895656,378.8864156951605,False,,,receipt SETTLE JUP-1 (recorded answer)
378.53697170675247,Jupiter,arrive,DACK,Relay B->Jupiter,136,,,,,,,,,
378.53697170675247,Jupiter,data acknowledged,,,,,,,,,,,17,LOCK JUP-1 (resub)
378.53724948157173,Jupiter,launch,DACK,Jupiter->Relay B,137,1,0.3494439943272596,2.5209377972390117,0.04916882508513509,378.886693475899,False,,,DACK SETTLE JUP-1 (recorded answer)
378.53752725934953,Jupiter,launch,RCPT,Jupiter->Relay B,136,1,0.3494439972880059,2.52093781859815,0.04916882549131385,378.88697125663754,False,,,receipt DACK LOCK JUP-1 (resub)
378.5447899994147,Relay B,receipt,,Ceres->Relay B,134,,,,,,,,,
378.8864156951605,Relay B,receipt,,Jupiter->Relay B,135,,,,,,,,,
378.886693475899,Relay B,arrive,DACK,Jupiter->Relay B,137,,,,,,,,,
378.8869712536768,Relay B,launch,RCPT,Relay B->Jupiter,137,1,0.34944145055374065,2.5209194461011215,0.049168476108391035,379.23641270423053,False,,,receipt DACK SETTLE JUP-1 (recorded answer)
378.88697125663754,Relay B,receipt,,Jupiter->Relay B,136,,,,,,,,,
378.8872490314546,Relay B,launch,DACK,Relay B->Ceres,137,1,0.33928772845541744,2.447669076268136,0.04777448003495499,379.22653675991,False,,,DACK SETTLE JUP-1 (recorded answer)
379.22653675991,Ceres,arrive,DACK,Relay B->Ceres,137,,,,,,,,,
379.22653675991,Ceres,data acknowledged,,,,,,,,,,,32,SETTLE JUP-1 (recorded answer)
379.2268145376878,Ceres,launch,RCPT,Ceres->Relay B,137,1,0.3393225222903311,2.447920083855138,0.04777926033955704,379.56613705997813,False,,,receipt DACK SETTLE JUP-1 (recorded answer)
379.23641270423053,Jupiter,receipt,,Relay B->Jupiter,137,,,,,,,,,
379.56613705997813,Relay B,receipt,,Ceres->Relay B,137,,,,,,,,,
